movieId,title,genres,imdbId,tmdbId,index
1,Toy Story (1995),Adventure|Animation|Children|Comedy|Fantasy,0114709,862.0,0
2,Jumanji (1995),Adventure|Children|Fantasy,0113497,8844.0,1
3,Grumpier Old Men (1995),Comedy|Romance,0113228,15602.0,2
4,Waiting to Exhale (1995),Comedy|Drama|Romance,0114885,31357.0,3
5,Father of the Bride Part II (1995),Comedy,0113041,11862.0,4
6,Heat (1995),Action|Crime|Thriller,0113277,949.0,5
7,Sabrina (1995),Comedy|Romance,0114319,11860.0,6
8,Tom and Huck (1995),Adventure|Children,0112302,45325.0,7
9,Sudden Death (1995),Action,0114576,9091.0,8
10,GoldenEye (1995),Action|Adventure|Thriller,0113189,710.0,9
11,"American President, The (1995)",Comedy|Drama|Romance,0112346,9087.0,10
12,Dracula: Dead and Loving It (1995),Comedy|Horror,0112896,12110.0,11
13,Balto (1995),Adventure|Animation|Children,0112453,21032.0,12
14,Nixon (1995),Drama,0113987,10858.0,13
15,Cutthroat Island (1995),Action|Adventure|Romance,0112760,1408.0,14
16,Casino (1995),Crime|Drama,0112641,524.0,15
17,Sense and Sensibility (1995),Drama|Romance,0114388,4584.0,16
18,Four Rooms (1995),Comedy,0113101,5.0,17
19,Ace Ventura: When Nature Calls (1995),Comedy,0112281,9273.0,18
20,Money Train (1995),Action|Comedy|Crime|Drama|Thriller,0113845,11517.0,19
21,Get Shorty (1995),Comedy|Crime|Thriller,0113161,8012.0,20
22,Copycat (1995),Crime|Drama|Horror|Mystery|Thriller,0112722,1710.0,21
23,Assassins (1995),Action|Crime|Thriller,0112401,9691.0,22
24,Powder (1995),Drama|Sci-Fi,0114168,12665.0,23
25,Leaving Las Vegas (1995),Drama|Romance,0113627,451.0,24
26,Othello (1995),Drama,0114057,16420.0,25
27,Now and Then (1995),Children|Drama,0114011,9263.0,26
28,Persuasion (1995),Drama|Romance,0114117,17015.0,27
29,"City of Lost Children, The (Cité des enfants perdus, La) (1995)",Adventure|Drama|Fantasy|Mystery|Sci-Fi,0112682,902.0,28
30,Shanghai Triad (Yao a yao yao dao waipo qiao) (1995),Crime|Drama,0115012,37557.0,29
31,Dangerous Minds (1995),Drama,0112792,9909.0,30
32,Twelve Monkeys (a.k.a. 12 Monkeys) (1995),Mystery|Sci-Fi|Thriller,0114746,63.0,31
34,Babe (1995),Children|Drama,0112431,9598.0,32
36,Dead Man Walking (1995),Crime|Drama,0112818,687.0,33
38,It Takes Two (1995),Children|Comedy,0113442,33689.0,34
39,Clueless (1995),Comedy|Romance,0112697,9603.0,35
40,"Cry, the Beloved Country (1995)",Drama,0112749,34615.0,36
41,Richard III (1995),Drama|War,0114279,31174.0,37
42,Dead Presidents (1995),Action|Crime|Drama,0112819,11443.0,38
43,Restoration (1995),Drama,0114272,35196.0,39
44,Mortal Kombat (1995),Action|Adventure|Fantasy,0113855,9312.0,40
45,To Die For (1995),Comedy|Drama|Thriller,0114681,577.0,41
46,How to Make an American Quilt (1995),Drama|Romance,0113347,11861.0,42
47,Seven (a.k.a. Se7en) (1995),Mystery|Thriller,0114369,807.0,43
48,Pocahontas (1995),Animation|Children|Drama|Musical|Romance,0114148,10530.0,44
49,When Night Is Falling (1995),Drama|Romance,0114916,8391.0,45
50,"Usual Suspects, The (1995)",Crime|Mystery|Thriller,0114814,629.0,46
52,Mighty Aphrodite (1995),Comedy|Drama|Romance,0113819,11448.0,47
53,Lamerica (1994),Adventure|Drama,0110299,49133.0,48
54,"Big Green, The (1995)",Children|Comedy,0112499,26441.0,49
55,Georgia (1995),Drama,0113158,97406.0,50
57,Home for the Holidays (1995),Drama,0113321,9089.0,51
58,"Postman, The (Postino, Il) (1994)",Comedy|Drama|Romance,0110877,11010.0,52
60,"Indian in the Cupboard, The (1995)",Adventure|Children|Fantasy,0113419,11359.0,53
61,Eye for an Eye (1996),Drama|Thriller,0116260,17182.0,54
62,Mr. Holland's Opus (1995),Drama,0113862,2054.0,55
63,Don't Be a Menace to South Central While Drinking Your Juice in the Hood (1996),Comedy|Crime,0116126,10607.0,56
64,Two if by Sea (1996),Comedy|Romance,0118002,19760.0,57
65,Bio-Dome (1996),Comedy,0115683,9536.0,58
66,Lawnmower Man 2: Beyond Cyberspace (1996),Action|Sci-Fi|Thriller,0116839,11525.0,59
68,French Twist (Gazon maudit) (1995),Comedy|Romance,0113149,4482.0,60
69,Friday (1995),Comedy,0113118,10634.0,61
70,From Dusk Till Dawn (1996),Action|Comedy|Horror|Thriller,0116367,755.0,62
71,Fair Game (1995),Action,0113010,11859.0,63
72,Kicking and Screaming (1995),Comedy|Drama,0113537,28387.0,64
73,"Misérables, Les (1995)",Drama|War,0113828,48750.0,65
74,Bed of Roses (1996),Drama|Romance,0115644,20927.0,66
75,Big Bully (1996),Comedy|Drama,0115676,36929.0,67
76,Screamers (1995),Action|Sci-Fi|Thriller,0114367,9102.0,68
77,Nico Icon (1995),Documentary,0113973,124626.0,69
78,"Crossing Guard, The (1995)",Action|Crime|Drama|Thriller,0112744,27526.0,70
79,"Juror, The (1996)",Drama|Thriller,0116731,9623.0,71
80,"White Balloon, The (Badkonake sefid) (1995)",Children|Drama,0112445,46785.0,72
81,Things to Do in Denver When You're Dead (1995),Crime|Drama|Romance,0114660,400.0,73
82,Antonia's Line (Antonia) (1995),Comedy|Drama,0112379,880.0,74
83,Once Upon a Time... When We Were Colored (1995),Drama|Romance,0114039,146599.0,75
85,Angels and Insects (1995),Drama|Romance,0112365,8447.0,76
86,White Squall (1996),Action|Adventure|Drama,0118158,10534.0,77
87,Dunston Checks In (1996),Children|Comedy,0116151,17414.0,78
88,Black Sheep (1996),Comedy,0115697,13997.0,79
89,Nick of Time (1995),Action|Thriller,0113972,2086.0,80
92,Mary Reilly (1996),Drama|Horror|Thriller,0117002,9095.0,81
93,Vampire in Brooklyn (1995),Comedy|Horror|Romance,0114825,12158.0,82
94,Beautiful Girls (1996),Comedy|Drama|Romance,0115639,9283.0,83
95,Broken Arrow (1996),Action|Adventure|Thriller,0115759,9208.0,84
96,In the Bleak Midwinter (1995),Comedy|Drama,0113403,40154.0,85
97,"Hate (Haine, La) (1995)",Crime|Drama,0113247,406.0,86
99,Heidi Fleiss: Hollywood Madam (1995),Documentary,0113283,63076.0,87
100,City Hall (1996),Drama|Thriller,0115907,11062.0,88
101,Bottle Rocket (1996),Adventure|Comedy|Crime|Romance,0115734,13685.0,89
102,Mr. Wrong (1996),Comedy,0117102,47475.0,90
103,Unforgettable (1996),Mystery|Sci-Fi|Thriller,0118040,2045.0,91
104,Happy Gilmore (1996),Comedy,0116483,9614.0,92
105,"Bridges of Madison County, The (1995)",Drama|Romance,0112579,688.0,93
106,Nobody Loves Me (Keiner liebt mich) (1994),Comedy|Drama,0110251,11907.0,94
107,Muppet Treasure Island (1996),Adventure|Children|Comedy|Musical,0117110,10874.0,95
108,Catwalk (1996),Documentary,0112646,89333.0,96
110,Braveheart (1995),Action|Drama|War,0112573,197.0,97
111,Taxi Driver (1976),Crime|Drama|Thriller,0075314,103.0,98
112,Rumble in the Bronx (Hont faan kui) (1995),Action|Adventure|Comedy|Crime,0113326,33542.0,99
113,Before and After (1996),Drama|Mystery,0115645,43566.0,100
116,Anne Frank Remembered (1995),Documentary,0112373,51352.0,101
117,"Young Poisoner's Handbook, The (1995)",Crime|Drama,0115033,16934.0,102
118,If Lucy Fell (1996),Comedy|Romance,0116606,10324.0,103
119,"Steal Big, Steal Little (1995)",Comedy,0114536,78406.0,104
121,"Boys of St. Vincent, The (1992)",Drama,0106473,32119.0,105
122,Boomerang (1992),Comedy|Romance,0103859,11066.0,106
123,Chungking Express (Chung Hing sam lam) (1994),Drama|Mystery|Romance,0109424,11104.0,107
125,Flirting With Disaster (1996),Comedy,0116324,2074.0,108
126,"NeverEnding Story III, The (1994)",Adventure|Children|Fantasy,0110647,27793.0,109
128,Jupiter's Wife (1994),Documentary,0110217,290157.0,110
129,Pie in the Sky (1996),Comedy|Romance,0114131,110972.0,111
132,Jade (1995),Thriller,0113451,11863.0,112
135,Down Periscope (1996),Comedy,0116130,9101.0,113
137,Man of the Year (1995),Documentary,0113756,5757.0,114
140,Up Close and Personal (1996),Drama|Romance,0118055,9302.0,115
141,"Birdcage, The (1996)",Comedy,0115685,11000.0,116
144,"Brothers McMullen, The (1995)",Comedy,0112585,16388.0,117
145,Bad Boys (1995),Action|Comedy|Crime|Drama|Thriller,0112442,9737.0,118
146,"Amazing Panda Adventure, The (1995)",Adventure|Children,0112342,30765.0,119
147,"Basketball Diaries, The (1995)",Drama,0112461,10474.0,120
148,"Awfully Big Adventure, An (1995)",Drama,0112427,22279.0,121
149,Amateur (1994),Crime|Drama|Thriller,0109093,30157.0,122
150,Apollo 13 (1995),Adventure|Drama|IMAX,0112384,568.0,123
151,Rob Roy (1995),Action|Drama|Romance|War,0114287,11780.0,124
152,"Addiction, The (1995)",Drama|Horror,0112288,34996.0,125
153,Batman Forever (1995),Action|Adventure|Comedy|Crime,0112462,414.0,126
154,Beauty of the Day (Belle de jour) (1967),Drama,0061395,649.0,127
155,Beyond Rangoon (1995),Adventure|Drama|War,0112495,1873.0,128
156,Blue in the Face (1995),Comedy|Drama,0112541,5894.0,129
157,Canadian Bacon (1995),Comedy|War,0109370,1775.0,130
158,Casper (1995),Adventure|Children,0112642,8839.0,131
159,Clockers (1995),Crime|Drama|Mystery,0112688,20649.0,132
160,Congo (1995),Action|Adventure|Mystery|Sci-Fi,0112715,10329.0,133
161,Crimson Tide (1995),Drama|Thriller|War,0112740,8963.0,134
162,Crumb (1994),Documentary,0109508,26564.0,135
163,Desperado (1995),Action|Romance|Western,0112851,8068.0,136
164,Devil in a Blue Dress (1995),Crime|Film-Noir|Mystery|Thriller,0112857,8512.0,137
165,Die Hard: With a Vengeance (1995),Action|Crime|Thriller,0112864,1572.0,138
166,"Doom Generation, The (1995)",Comedy|Crime|Drama,0112887,13552.0,139
168,First Knight (1995),Action|Drama|Romance,0113071,6520.0,140
169,Free Willy 2: The Adventure Home (1995),Adventure|Children|Drama,0113114,9073.0,141
170,Hackers (1995),Action|Adventure|Crime|Thriller,0113243,10428.0,142
171,Jeffrey (1995),Comedy|Drama,0113464,17447.0,143
172,Johnny Mnemonic (1995),Action|Sci-Fi|Thriller,0113481,9886.0,144
173,Judge Dredd (1995),Action|Crime|Sci-Fi,0113492,9482.0,145
174,Jury Duty (1995),Comedy,0113500,19326.0,146
175,Kids (1995),Drama,0113540,9344.0,147
176,Living in Oblivion (1995),Comedy,0113677,9071.0,148
177,Lord of Illusions (1995),Horror,0113690,8973.0,149
178,Love & Human Remains (1993),Comedy|Drama,0107447,15730.0,150
179,Mad Love (1995),Drama|Romance,0113729,47608.0,151
180,Mallrats (1995),Comedy|Romance,0113749,2293.0,152
181,Mighty Morphin Power Rangers: The Movie (1995),Action|Children,0113820,9070.0,153
183,Mute Witness (1994),Comedy|Horror|Thriller,0110604,48787.0,154
184,Nadja (1994),Drama,0110620,34574.0,155
185,"Net, The (1995)",Action|Crime|Thriller,0113957,1642.0,156
186,Nine Months (1995),Comedy|Romance,0113986,11472.0,157
187,Party Girl (1995),Comedy,0114095,36196.0,158
188,"Prophecy, The (1995)",Fantasy|Horror|Mystery,0114194,11980.0,159
189,Reckless (1995),Comedy|Fantasy,0114241,58372.0,160
190,Safe (1995),Thriller,0114323,32646.0,161
191,"Scarlet Letter, The (1995)",Drama|Romance,0114345,10533.0,162
193,Showgirls (1995),Drama,0114436,10802.0,163
194,Smoke (1995),Comedy|Drama,0114478,10149.0,164
195,Something to Talk About (1995),Comedy|Drama|Romance,0114496,18402.0,165
196,Species (1995),Horror|Sci-Fi,0114508,9348.0,166
198,Strange Days (1995),Action|Crime|Drama|Mystery|Sci-Fi|Thriller,0114558,281.0,167
199,"Umbrellas of Cherbourg, The (Parapluies de Cherbourg, Les) (1964)",Drama|Musical|Romance,0058450,5967.0,168
201,Three Wishes (1995),Drama|Fantasy,0114663,47939.0,169
202,Total Eclipse (1995),Drama|Romance,0114702,36834.0,170
203,"To Wong Foo, Thanks for Everything! Julie Newmar (1995)",Comedy,0114682,9090.0,171
204,Under Siege 2: Dark Territory (1995),Action,0114781,3512.0,172
205,Unstrung Heroes (1995),Comedy|Drama,0114798,52856.0,173
206,Unzipped (1995),Documentary,0114805,77350.0,174
207,"Walk in the Clouds, A (1995)",Drama|Romance,0114887,9560.0,175
208,Waterworld (1995),Action|Adventure|Sci-Fi,0114898,9804.0,176
209,White Man's Burden (1995),Drama,0114928,31611.0,177
210,Wild Bill (1995),Western,0114938,65796.0,178
211,"Browning Version, The (1994)",Drama,0109340,49805.0,179
212,Bushwhacked (1995),Adventure|Comedy|Crime|Mystery,0112602,26258.0,180
213,Burnt by the Sun (Utomlyonnye solntsem) (1994),Drama,0111579,50797.0,181
214,Before the Rain (Pred dozhdot) (1994),Drama|War,0110882,19155.0,182
215,Before Sunrise (1995),Drama|Romance,0112471,76.0,183
216,Billy Madison (1995),Comedy,0112508,11017.0,184
217,"Babysitter, The (1995)",Drama|Thriller,0112438,37141.0,185
218,Boys on the Side (1995),Comedy|Drama,0112571,9382.0,186
219,"Cure, The (1995)",Drama,0112757,6715.0,187
220,Castle Freak (1995),Horror,0112643,18256.0,188
222,Circle of Friends (1995),Drama|Romance,0112679,22625.0,189
223,Clerks (1994),Comedy,0109445,2292.0,190
224,Don Juan DeMarco (1995),Comedy|Drama|Romance,0112883,1909.0,191
225,Disclosure (1994),Drama|Thriller,0109635,8984.0,192
227,Drop Zone (1994),Action|Thriller,0109676,4954.0,193
228,Destiny Turns on the Radio (1995),Comedy,0112854,62488.0,194
229,Death and the Maiden (1994),Drama|Thriller,0109579,10531.0,195
230,Dolores Claiborne (1995),Drama|Thriller,0109642,11929.0,196
231,Dumb & Dumber (Dumb and Dumber) (1994),Adventure|Comedy,0109686,8467.0,197
232,Eat Drink Man Woman (Yin shi nan nu) (1994),Comedy|Drama|Romance,0111797,10451.0,198
233,Exotica (1994),Drama,0109759,20156.0,199
234,Exit to Eden (1994),Comedy,0109758,18395.0,200
235,Ed Wood (1994),Comedy|Drama,0109707,522.0,201
236,French Kiss (1995),Action|Comedy|Romance,0113117,397.0,202
237,Forget Paris (1995),Comedy|Romance,0113097,10525.0,203
238,Far From Home: The Adventures of Yellow Dog (1995),Adventure|Children,0113028,27985.0,204
239,"Goofy Movie, A (1995)",Animation|Children|Comedy|Romance,0113198,15789.0,205
240,Hideaway (1995),Thriller,0113303,27303.0,206
241,Fluke (1995),Children|Drama,0113089,21183.0,207
242,Farinelli: il castrato (1994),Drama|Musical,0109771,10954.0,208
243,Gordy (1995),Children|Comedy|Fantasy,0113199,47867.0,209
246,Hoop Dreams (1994),Documentary,0110057,14275.0,210
247,Heavenly Creatures (1994),Crime|Drama,0110005,1024.0,211
248,Houseguest (1994),Comedy,0110066,17207.0,212
249,Immortal Beloved (1994),Drama|Romance,0110116,13701.0,213
250,Heavyweights (Heavy Weights) (1995),Children|Comedy,0110006,14819.0,214
251,"Hunted, The (1995)",Action,0113360,32631.0,215
252,I.Q. (1994),Comedy|Romance,0110099,11777.0,216
253,Interview with the Vampire: The Vampire Chronicles (1994),Drama|Horror,0110148,628.0,217
254,Jefferson in Paris (1995),Drama,0113463,87729.0,218
255,"Jerky Boys, The (1995)",Comedy,0110189,18713.0,219
256,Junior (1994),Comedy|Sci-Fi,0110216,6280.0,220
257,Just Cause (1995),Mystery|Thriller,0113501,9061.0,221
258,"Kid in King Arthur's Court, A (1995)",Adventure|Children|Comedy|Fantasy|Romance,0113538,37108.0,222
259,Kiss of Death (1995),Crime|Drama|Thriller,0113552,6071.0,223
260,Star Wars: Episode IV - A New Hope (1977),Action|Adventure|Sci-Fi,0076759,11.0,224
261,Little Women (1994),Drama,0110367,9587.0,225
262,"Little Princess, A (1995)",Children|Drama,0113670,19101.0,226
263,Ladybird Ladybird (1994),Drama,0110296,49980.0,227
265,Like Water for Chocolate (Como agua para chocolate) (1992),Drama|Fantasy|Romance,0103994,18183.0,228
266,Legends of the Fall (1994),Drama|Romance|War|Western,0110322,4476.0,229
267,Major Payne (1995),Comedy,0110443,11008.0,230
269,My Crazy Life (Mi vida loca) (1993),Drama,0107566,32325.0,231
270,Love Affair (1994),Drama|Romance,0110391,43742.0,232
271,Losing Isaiah (1995),Drama,0113691,28313.0,233
272,"Madness of King George, The (1994)",Comedy|Drama,0110428,11318.0,234
273,Mary Shelley's Frankenstein (Frankenstein) (1994),Drama|Horror|Sci-Fi,0109836,3036.0,235
274,Man of the House (1995),Comedy,0113755,40490.0,236
275,Mixed Nuts (1994),Comedy,0110538,24070.0,237
276,Milk Money (1994),Comedy|Romance,0110516,8986.0,238
277,Miracle on 34th Street (1994),Drama,0110527,10510.0,239
278,Miami Rhapsody (1995),Comedy,0113808,17402.0,240
279,My Family (1995),Drama,0113896,38722.0,241
280,Murder in the First (1995),Drama|Thriller,0113870,8438.0,242
281,Nobody's Fool (1994),Comedy|Drama|Romance,0110684,11593.0,243
282,Nell (1994),Drama,0110638,1945.0,244
283,New Jersey Drive (1995),Crime|Drama,0113967,39310.0,245
284,New York Cop (Nyû Yôku no koppu) (1993),Action|Crime,0117169,109560.0,246
285,Beyond Bedlam (1993),Drama|Horror,0106402,56428.0,247
287,Nina Takes a Lover (1994),Comedy|Romance,0110671,131957.0,248
288,Natural Born Killers (1994),Action|Crime|Thriller,0110632,241.0,249
289,Only You (1994),Comedy|Romance,0110737,9058.0,250
290,Once Were Warriors (1994),Crime|Drama,0110729,527.0,251
291,Poison Ivy II (1996),Drama|Thriller,0114151,18220.0,252
292,Outbreak (1995),Action|Drama|Sci-Fi|Thriller,0114069,6950.0,253
293,Léon: The Professional (a.k.a. The Professional) (Léon) (1994),Action|Crime|Drama|Thriller,0110413,101.0,254
294,"Perez Family, The (1995)",Comedy|Romance,0114113,63020.0,255
295,"Pyromaniac's Love Story, A (1995)",Comedy|Romance,0114210,2307.0,256
296,Pulp Fiction (1994),Comedy|Crime|Drama|Thriller,0110912,680.0,257
298,Pushing Hands (Tui shou) (1992),Drama,0105652,25296.0,258
299,Priest (1994),Drama,0110889,40156.0,259
300,Quiz Show (1994),Drama,0110932,11450.0,260
301,Picture Bride (Bijo photo) (1994),Drama|Romance,0114129,30304.0,261
302,"Queen Margot (Reine Margot, La) (1994)",Drama|Romance,0110963,10452.0,262
303,"Quick and the Dead, The (1995)",Action|Thriller|Western,0114214,12106.0,263
304,Roommates (1995),Comedy|Drama,0114296,161495.0,264
305,Ready to Wear (Pret-A-Porter) (1994),Comedy,0110907,3586.0,265
306,Three Colors: Red (Trois couleurs: Rouge) (1994),Drama,0111495,110.0,266
307,Three Colors: Blue (Trois couleurs: Bleu) (1993),Drama,0108394,108.0,267
308,Three Colors: White (Trzy kolory: Bialy) (1994),Comedy|Drama,0111507,109.0,268
310,Rent-a-Kid (1995),Comedy,0114268,36357.0,269
311,Relative Fear (1994),Horror|Thriller,0110965,92769.0,270
312,Stuart Saves His Family (1995),Comedy,0114571,28033.0,271
313,"Swan Princess, The (1994)",Animation|Children,0111333,22586.0,272
314,"Secret of Roan Inish, The (1994)",Children|Drama|Fantasy|Mystery,0111112,14334.0,273
315,"Specialist, The (1994)",Action|Drama|Thriller,0111255,2636.0,274
316,Stargate (1994),Action|Adventure|Sci-Fi,0111282,2164.0,275
317,"Santa Clause, The (1994)",Comedy|Drama|Fantasy,0111070,11395.0,276
318,"Shawshank Redemption, The (1994)",Crime|Drama,0111161,278.0,277
319,Shallow Grave (1994),Comedy|Drama|Thriller,0111149,9905.0,278
320,Suture (1993),Film-Noir|Thriller,0108260,87078.0,279
321,Strawberry and Chocolate (Fresa y chocolate) (1993),Drama,0106966,12527.0,280
322,Swimming with Sharks (1995),Comedy|Drama,0114594,20306.0,281
324,"Sum of Us, The (1994)",Comedy|Drama,0111309,36614.0,282
325,National Lampoon's Senior Trip (1995),Comedy,0113936,27993.0,283
326,To Live (Huozhe) (1994),Drama,0110081,31439.0,284
327,Tank Girl (1995),Action|Comedy|Sci-Fi,0114614,9067.0,285
328,Tales from the Crypt Presents: Demon Knight (1995),Horror|Thriller,0114608,9059.0,286
329,Star Trek: Generations (1994),Adventure|Drama|Sci-Fi,0111280,193.0,287
330,Tales from the Hood (1995),Action|Crime|Horror,0114609,25066.0,288
331,Tom & Viv (1994),Drama,0111454,46797.0,289
332,Village of the Damned (1995),Horror|Sci-Fi,0114852,12122.0,290
333,Tommy Boy (1995),Comedy,0114694,11381.0,291
334,Vanya on 42nd Street (1994),Drama,0111590,32636.0,292
335,Underneath (1995),Mystery|Thriller,0114788,36141.0,293
336,"Walking Dead, The (1995)",Drama|War,0114888,95963.0,294
337,What's Eating Gilbert Grape (1993),Drama,0108550,1587.0,295
338,Virtuosity (1995),Action|Sci-Fi|Thriller,0114857,9271.0,296
339,While You Were Sleeping (1995),Comedy|Romance,0114924,2064.0,297
340,"War, The (1994)",Adventure|Drama|War,0111667,19855.0,298
341,Double Happiness (1994),Drama,0109655,60855.0,299
342,Muriel's Wedding (1994),Comedy,0110598,236.0,300
343,"Baby-Sitters Club, The (1995)",Children,0112435,48287.0,301
344,Ace Ventura: Pet Detective (1994),Comedy,0109040,3049.0,302
345,"Adventures of Priscilla, Queen of the Desert, The (1994)",Comedy|Drama,0109045,2759.0,303
346,Backbeat (1993),Drama|Musical,0106339,12635.0,304
347,Bitter Moon (1992),Drama|Film-Noir|Romance,0104779,10497.0,305
348,Bullets Over Broadway (1994),Comedy,0109348,11382.0,306
349,Clear and Present Danger (1994),Action|Crime|Drama|Thriller,0109444,9331.0,307
350,"Client, The (1994)",Drama|Mystery|Thriller,0109446,10731.0,308
351,"Corrina, Corrina (1994)",Comedy|Drama|Romance,0109484,10464.0,309
352,Crooklyn (1994),Comedy|Drama,0109504,34152.0,310
353,"Crow, The (1994)",Action|Crime|Fantasy|Thriller,0109506,9495.0,311
354,Cobb (1994),Drama,0109450,29973.0,312
355,"Flintstones, The (1994)",Children|Comedy|Fantasy,0109813,888.0,313
356,Forrest Gump (1994),Comedy|Drama|Romance|War,0109830,13.0,314
357,Four Weddings and a Funeral (1994),Comedy|Romance,0109831,712.0,315
358,Higher Learning (1995),Drama,0113305,16295.0,316
359,I Like It Like That (1994),Comedy|Drama|Romance,0110091,48992.0,317
360,I Love Trouble (1994),Action|Comedy,0110093,10879.0,318
361,It Could Happen to You (1994),Comedy|Drama|Romance,0110167,10660.0,319
362,"Jungle Book, The (1994)",Adventure|Children|Romance,0110213,10714.0,320
363,"Wonderful, Horrible Life of Leni Riefenstahl, The (Macht der Bilder: Leni Riefenstahl, Die) (1993)",Documentary,0107472,41647.0,321
364,"Lion King, The (1994)",Adventure|Animation|Children|Drama|Musical|IMAX,0110357,8587.0,322
365,Little Buddha (1993),Drama,0107426,1689.0,323
366,"Wes Craven's New Nightmare (Nightmare on Elm Street Part 7: Freddy's Finale, A) (1994)",Drama|Horror|Mystery|Thriller,0111686,11596.0,324
367,"Mask, The (1994)",Action|Comedy|Crime|Fantasy,0110475,854.0,325
368,Maverick (1994),Adventure|Comedy|Western,0110478,9359.0,326
369,Mrs. Parker and the Vicious Circle (1994),Drama,0110588,23333.0,327
370,Naked Gun 33 1/3: The Final Insult (1994),Action|Comedy,0110622,36593.0,328
371,"Paper, The (1994)",Comedy|Drama,0110771,12280.0,329
372,Reality Bites (1994),Comedy|Drama|Romance,0110950,2788.0,330
373,Red Rock West (1992),Thriller,0105226,10427.0,331
374,Richie Rich (1994),Children|Comedy,0110989,11011.0,332
376,"River Wild, The (1994)",Action|Thriller,0110997,8987.0,333
377,Speed (1994),Action|Romance|Thriller,0111257,1637.0,334
378,Speechless (1994),Comedy|Romance,0111256,15128.0,335
379,Timecop (1994),Action|Sci-Fi|Thriller,0111438,8831.0,336
380,True Lies (1994),Action|Adventure|Comedy|Romance|Thriller,0111503,36955.0,337
381,When a Man Loves a Woman (1994),Drama|Romance,0111693,10449.0,338
382,Wolf (1994),Drama|Horror|Romance|Thriller,0111742,10395.0,339
383,Wyatt Earp (1994),Western,0111756,12160.0,340
384,Bad Company (1995),Action|Crime|Drama,0112443,40480.0,341
385,"Man of No Importance, A (1994)",Drama,0110455,52038.0,342
386,S.F.W. (1994),Drama,0111048,29444.0,343
387,"Low Down Dirty Shame, A (1994)",Action|Comedy,0110399,26352.0,344
388,Boys Life (1995),Drama,0112570,39953.0,345
389,"Colonel Chabert, Le (1994)",Drama|Romance|War,0109454,41580.0,346
390,Faster Pussycat! Kill! Kill! (1965),Action|Crime|Drama,0059170,315.0,347
391,Jason's Lyric (1994),Crime|Drama,0110186,22067.0,348
393,Street Fighter (1994),Action|Adventure|Fantasy,0111301,11667.0,349
405,Highlander III: The Sorcerer (a.k.a. Highlander: The Final Dimension) (1994),Action|Fantasy,0110027,8011.0,350
406,Federal Hill (1994),Drama,0109785,171857.0,351
407,In the Mouth of Madness (1995),Horror|Thriller,0113409,2654.0,352
408,8 Seconds (1994),Drama,0109021,18069.0,353
409,Above the Rim (1994),Crime|Drama,0109035,19092.0,354
410,Addams Family Values (1993),Children|Comedy|Fantasy,0106220,2758.0,355
412,"Age of Innocence, The (1993)",Drama,0106226,10436.0,356
413,Airheads (1994),Comedy,0109068,13595.0,357
414,"Air Up There, The (1994)",Comedy,0109067,46094.0,358
415,Another Stakeout (1993),Comedy|Thriller,0106292,9409.0,359
416,Bad Girls (1994),Western,0109198,11853.0,360
417,Barcelona (1994),Comedy|Romance,0109219,16771.0,361
418,Being Human (1993),Drama,0106379,46924.0,362
419,"Beverly Hillbillies, The (1993)",Comedy,0106400,11041.0,363
420,Beverly Hills Cop III (1994),Action|Comedy|Crime|Thriller,0109254,306.0,364
421,Black Beauty (1994),Adventure|Children|Drama,0109279,14522.0,365
422,Blink (1994),Thriller,0109297,26203.0,366
423,Blown Away (1994),Action|Thriller,0109303,178.0,367
424,Blue Chips (1994),Drama,0109305,19819.0,368
425,Blue Sky (1994),Drama|Romance,0109306,57834.0,369
426,Body Snatchers (1993),Horror|Sci-Fi|Thriller,0106452,4722.0,370
427,Boxing Helena (1993),Drama|Mystery|Romance|Thriller,0106471,18215.0,371
428,"Bronx Tale, A (1993)",Drama,0106489,1607.0,372
429,Cabin Boy (1994),Comedy,0109361,26391.0,373
430,Calendar Girl (1993),Comedy|Drama,0106505,117553.0,374
431,Carlito's Way (1993),Crime|Drama,0106519,6075.0,375
432,City Slickers II: The Legend of Curly's Gold (1994),Adventure|Comedy|Western,0109439,11310.0,376
433,Clean Slate (1994),Comedy,0109443,18658.0,377
434,Cliffhanger (1993),Action|Adventure|Thriller,0106582,9350.0,378
435,Coneheads (1993),Comedy|Sci-Fi,0106598,9612.0,379
436,Color of Night (1994),Drama|Thriller,0109456,2124.0,380
437,Cops and Robbersons (1994),Comedy,0109480,26261.0,381
438,"Cowboy Way, The (1994)",Action|Comedy|Drama,0109493,19176.0,382
440,Dave (1993),Comedy|Romance,0106673,11566.0,383
441,Dazed and Confused (1993),Comedy,0106677,9571.0,384
442,Demolition Man (1993),Action|Adventure|Sci-Fi,0106697,9739.0,385
444,Even Cowgirls Get the Blues (1993),Comedy|Romance,0106834,34444.0,386
445,Fatal Instinct (1993),Comedy,0106873,26141.0,387
446,Farewell My Concubine (Ba wang bie ji) (1993),Drama|Romance,0106332,10997.0,388
448,Fearless (1993),Drama,0106881,10443.0,389
449,Fear of a Black Hat (1994),Comedy,0106880,20239.0,390
450,With Honors (1994),Comedy|Drama,0111732,16297.0,391
451,Flesh and Bone (1993),Drama|Mystery|Romance,0106926,18551.0,392
452,Widows' Peak (1994),Drama,0111712,25440.0,393
453,For Love or Money (1993),Comedy|Romance,0106941,9024.0,394
454,"Firm, The (1993)",Drama|Thriller,0106918,37233.0,395
455,Free Willy (1993),Adventure|Children|Drama,0106965,1634.0,396
456,Fresh (1994),Crime|Drama|Thriller,0109842,13815.0,397
457,"Fugitive, The (1993)",Thriller,0106977,5503.0,398
458,Geronimo: An American Legend (1993),Drama|Western,0107004,35588.0,399
459,"Getaway, The (1994)",Action|Adventure|Crime|Drama|Romance|Thriller,0109890,2087.0,400
460,Getting Even with Dad (1994),Comedy,0109891,41579.0,401
461,Go Fish (1994),Drama|Romance,0109913,18620.0,402
464,Hard Target (1993),Action|Adventure|Crime|Thriller,0107076,2019.0,403
466,Hot Shots! Part Deux (1993),Action|Comedy|War,0107144,9255.0,404
467,Live Nude Girls (1995),Comedy,0113674,26271.0,405
468,"Englishman Who Went Up a Hill But Came Down a Mountain, The (1995)",Comedy|Romance,0112966,10612.0,406
469,"House of the Spirits, The (1993)",Drama|Romance,0107151,2259.0,407
470,House Party 3 (1994),Comedy,0110064,16097.0,408
471,"Hudsucker Proxy, The (1994)",Comedy,0110074,11934.0,409
472,I'll Do Anything (1994),Comedy|Drama,0110097,106143.0,410
473,In the Army Now (1994),Comedy|War,0110123,12475.0,411
474,In the Line of Fire (1993),Action|Thriller,0107206,9386.0,412
475,In the Name of the Father (1993),Drama,0107207,7984.0,413
476,"Inkwell, The (1994)",Comedy|Drama,0110137,59930.0,414
477,What's Love Got to Do with It? (1993),Drama|Musical,0108551,15765.0,415
478,Jimmy Hollywood (1994),Comedy|Crime|Drama,0110197,31643.0,416
479,Judgment Night (1993),Action|Crime|Thriller,0107286,6.0,417
480,Jurassic Park (1993),Action|Adventure|Sci-Fi|Thriller,0107290,329.0,418
481,Kalifornia (1993),Drama|Thriller,0107302,10909.0,419
482,Killing Zoe (1994),Crime|Drama|Thriller,0110265,507.0,420
484,Lassie (1994),Adventure|Children,0110305,29918.0,421
485,Last Action Hero (1993),Action|Adventure|Comedy|Fantasy,0107362,9593.0,422
486,Life with Mikey (1993),Comedy,0107413,42580.0,423
487,Lightning Jack (1994),Comedy|Western,0110353,22317.0,424
488,M. Butterfly (1993),Drama|Romance,0107468,1413.0,425
489,Made in America (1993),Comedy,0107478,12121.0,426
490,Malice (1993),Thriller,0107497,2246.0,427
491,"Man Without a Face, The (1993)",Drama,0107501,10502.0,428
492,Manhattan Murder Mystery (1993),Comedy|Mystery,0107507,10440.0,429
493,Menace II Society (1993),Action|Crime|Drama,0107554,9516.0,430
494,Executive Decision (1996),Action|Adventure|Thriller,0116253,2320.0,431
495,In the Realm of the Senses (Ai no corrida) (1976),Drama,0074102,5879.0,432
496,What Happened Was... (1994),Comedy|Drama|Romance|Thriller,0111689,83718.0,433
497,Much Ado About Nothing (1993),Comedy|Romance,0107616,11971.0,434
499,Mr. Wonderful (1993),Comedy|Romance,0107613,31911.0,435
500,Mrs. Doubtfire (1993),Comedy|Drama,0107614,788.0,436
501,Naked (1993),Drama,0107653,21450.0,437
502,"Next Karate Kid, The (1994)",Action|Children|Romance,0110657,11231.0,438
504,No Escape (1994),Action|Drama|Sci-Fi,0110678,10447.0,439
505,North (1994),Comedy,0110687,31586.0,440
506,Orlando (1992),Drama|Fantasy|Romance,0107756,9300.0,441
507,"Perfect World, A (1993)",Crime|Drama|Thriller,0107808,9559.0,442
508,Philadelphia (1993),Drama,0107818,9800.0,443
509,"Piano, The (1993)",Drama|Romance,0107822,713.0,444
510,Poetic Justice (1993),Drama,0107840,8291.0,445
511,"Program, The (1993)",Action|Drama,0107889,18133.0,446
512,"Puppet Masters, The (1994)",Horror|Sci-Fi,0111003,25557.0,447
513,Radioland Murders (1994),Comedy|Mystery|Romance,0110939,22588.0,448
514,"Ref, The (1994)",Comedy,0110955,10872.0,449
515,"Remains of the Day, The (1993)",Drama|Romance,0107943,1245.0,450
516,Renaissance Man (1994),Comedy|Drama,0110971,11858.0,451
517,Rising Sun (1993),Action|Drama|Mystery,0107969,7007.0,452
518,"Road to Wellville, The (1994)",Comedy,0111001,10467.0,453
519,RoboCop 3 (1993),Action|Crime|Drama|Sci-Fi|Thriller,0107978,5550.0,454
520,Robin Hood: Men in Tights (1993),Comedy,0107977,8005.0,455
521,Romeo Is Bleeding (1993),Crime|Thriller,0107983,2088.0,456
522,Romper Stomper (1992),Action|Drama,0105275,10412.0,457
523,Ruby in Paradise (1993),Drama,0108000,47889.0,458
524,Rudy (1993),Drama,0108002,14534.0,459
526,"Savage Nights (Nuits fauves, Les) (1992)",Drama,0105032,41878.0,460
527,Schindler's List (1993),Drama|War,0108052,424.0,461
528,"Scout, The (1994)",Comedy|Drama,0111094,35233.0,462
529,Searching for Bobby Fischer (1993),Drama,0108065,14291.0,463
531,"Secret Garden, The (1993)",Children|Drama,0108071,11236.0,464
532,Serial Mom (1994),Comedy|Crime|Horror,0111127,11592.0,465
533,"Shadow, The (1994)",Action|Adventure|Fantasy|Mystery,0111143,8850.0,466
534,Shadowlands (1993),Drama|Romance,0108101,10445.0,467
535,Short Cuts (1993),Drama,0108122,695.0,468
536,"Simple Twist of Fate, A (1994)",Drama,0111194,43535.0,469
537,Sirens (1994),Drama,0111201,12519.0,470
538,Six Degrees of Separation (1993),Drama,0108149,23210.0,471
539,Sleepless in Seattle (1993),Comedy|Drama|Romance,0108160,858.0,472
540,Sliver (1993),Thriller,0108162,867.0,473
541,Blade Runner (1982),Action|Sci-Fi|Thriller,0083658,78.0,474
542,Son in Law (1993),Comedy|Drama|Romance,0108186,13203.0,475
543,So I Married an Axe Murderer (1993),Comedy|Romance|Thriller,0108174,10442.0,476
544,Striking Distance (1993),Action|Crime,0108238,11074.0,477
546,Super Mario Bros. (1993),Action|Adventure|Children|Comedy|Fantasy|Sci-Fi,0108255,9607.0,478
547,Surviving the Game (1994),Action|Adventure|Thriller,0111323,17585.0,479
548,Terminal Velocity (1994),Action|Mystery|Thriller,0111400,9057.0,480
549,Thirty-Two Short Films About Glenn Gould (1993),Drama|Musical,0108328,20967.0,481
550,Threesome (1994),Comedy|Romance,0111418,10635.0,482
551,"Nightmare Before Christmas, The (1993)",Animation|Children|Fantasy|Musical,0107688,9479.0,483
552,"Three Musketeers, The (1993)",Action|Adventure|Comedy|Romance,0108333,10057.0,484
553,Tombstone (1993),Action|Drama|Western,0108358,11969.0,485
555,True Romance (1993),Crime|Thriller,0108399,319.0,486
556,"War Room, The (1993)",Documentary,0108515,26408.0,487
558,"Pagemaster, The (1994)",Action|Adventure|Animation|Children|Fantasy,0110763,15139.0,488
562,Welcome to the Dollhouse (1995),Comedy|Drama,0114906,11446.0,489
563,Germinal (1993),Drama|Romance,0107002,51980.0,490
564,Chasers (1994),Comedy,0109403,24405.0,491
567,Kika (1993),Comedy|Drama,0107315,8223.0,492
568,Bhaji on the Beach (1993),Comedy|Drama,0106408,14587.0,493
569,Little Big League (1994),Comedy|Drama,0110363,31504.0,494
573,"Ciao, Professore! (Io speriamo che me la cavo) (1992)",Drama,0107225,23637.0,495
574,Spanking the Monkey (1994),Comedy|Drama,0111252,17600.0,496
575,"Little Rascals, The (1994)",Children|Comedy,0110366,10897.0,497
577,Andre (1994),Adventure|Children|Drama,0109120,21352.0,498
579,"Escort, The (Scorta, La) (1993)",Crime|Thriller,0108059,68806.0,499
580,Princess Caraboo (1994),Drama,0110892,37345.0,500
581,"Celluloid Closet, The (1995)",Documentary,0112651,32562.0,501
583,Dear Diary (Caro Diario) (1994),Comedy|Drama,0109382,25403.0,502
585,"Brady Bunch Movie, The (1995)",Comedy,0112572,9066.0,503
586,Home Alone (1990),Children|Comedy,0099785,771.0,504
587,Ghost (1990),Comedy|Drama|Fantasy|Romance|Thriller,0099653,251.0,505
588,Aladdin (1992),Adventure|Animation|Children|Comedy|Musical,0103639,812.0,506
589,Terminator 2: Judgment Day (1991),Action|Sci-Fi,0103064,280.0,507
590,Dances with Wolves (1990),Adventure|Drama|Western,0099348,581.0,508
592,Batman (1989),Action|Crime|Thriller,0096895,268.0,509
593,"Silence of the Lambs, The (1991)",Crime|Horror|Thriller,0102926,274.0,510
594,Snow White and the Seven Dwarfs (1937),Animation|Children|Drama|Fantasy|Musical,0029583,408.0,511
595,Beauty and the Beast (1991),Animation|Children|Fantasy|Musical|Romance|IMAX,0101414,10020.0,512
596,Pinocchio (1940),Animation|Children|Fantasy|Musical,0032910,10895.0,513
597,Pretty Woman (1990),Comedy|Romance,0100405,114.0,514
599,"Wild Bunch, The (1969)",Adventure|Western,0065214,576.0,515
600,Love and a .45 (1994),Action|Comedy|Crime,0110395,15477.0,516
602,"Great Day in Harlem, A (1994)",Documentary,0109934,124472.0,517
605,One Fine Day (1996),Drama|Romance,0117247,7300.0,518
606,Candyman: Farewell to the Flesh (1995),Fantasy|Horror,0112625,10824.0,519
608,Fargo (1996),Comedy|Crime|Drama|Thriller,0116282,275.0,520
609,Homeward Bound II: Lost in San Francisco (1996),Adventure|Children,0116552,25059.0,521
610,Heavy Metal (1981),Action|Adventure|Animation|Horror|Sci-Fi,0082509,11827.0,522
611,Hellraiser: Bloodline (1996),Action|Horror|Sci-Fi,0116514,8766.0,523
612,"Pallbearer, The (1996)",Comedy,0117283,23570.0,524
613,Jane Eyre (1996),Drama|Romance,0116684,47333.0,525
615,Bread and Chocolate (Pane e cioccolata) (1973),Comedy|Drama,0070506,51242.0,526
616,"Aristocats, The (1970)",Animation|Children,0065421,10112.0,527
617,"Flower of My Secret, The (La flor de mi secreto) (1995)",Comedy|Drama,0113083,4307.0,528
618,Two Much (1995),Comedy|Romance,0118001,46029.0,529
619,Ed (1996),Comedy,0116165,32308.0,530
626,"Thin Line Between Love and Hate, A (1996)",Comedy,0117891,28121.0,531
627,"Last Supper, The (1995)",Drama|Thriller,0113613,12520.0,532
628,Primal Fear (1996),Crime|Drama|Mystery|Thriller,0117381,1592.0,533
631,All Dogs Go to Heaven 2 (1996),Adventure|Animation|Children|Fantasy|Musical|Romance,0115509,19042.0,534
632,Land and Freedom (Tierra y libertad) (1995),Drama|War,0114671,38884.0,535
633,Denise Calls Up (1995),Comedy,0112844,47449.0,536
634,Theodore Rex (1995),Comedy,0114658,36259.0,537
635,"Family Thing, A (1996)",Comedy|Drama,0116275,41852.0,538
636,Frisk (1995),Drama,0113122,40926.0,539
637,Sgt. Bilko (1996),Comedy,0117608,9099.0,540
638,Jack and Sarah (1995),Romance,0113448,2021.0,541
639,Girl 6 (1996),Comedy|Drama,0116414,61752.0,542
640,Diabolique (1996),Drama|Thriller,0116095,10988.0,543
645,Nelly & Monsieur Arnaud (1995),Drama,0113947,12652.0,544
647,Courage Under Fire (1996),Action|Crime|Drama|War,0115956,10684.0,545
648,Mission: Impossible (1996),Action|Adventure|Mystery|Thriller,0117060,954.0,546
649,Cold Fever (Á köldum klaka) (1995),Comedy|Drama,0109028,68445.0,547
650,Moll Flanders (1996),Drama,0117071,18989.0,548
653,Dragonheart (1996),Action|Adventure|Fantasy,0116136,8840.0,549
656,Eddie (1996),Comedy,0116168,11107.0,550
661,James and the Giant Peach (1996),Adventure|Animation|Children|Fantasy|Musical,0116683,10539.0,551
662,Fear (1996),Thriller,0116287,10543.0,552
663,Kids in the Hall: Brain Candy (1996),Comedy,0116768,18414.0,553
665,Underground (1995),Comedy|Drama|War,0114787,11902.0,554
667,Bloodsport 2 (a.k.a. Bloodsport II: The Next Kumite) (1996),Action,0112536,25087.0,555
668,Song of the Little Road (Pather Panchali) (1955),Drama,0048473,5801.0,556
670,"World of Apu, The (Apur Sansar) (1959)",Drama,0052572,896.0,557
671,Mystery Science Theater 3000: The Movie (1996),Comedy|Sci-Fi,0117128,3065.0,558
673,Space Jam (1996),Adventure|Animation|Children|Comedy|Fantasy|Sci-Fi,0117705,2300.0,559
674,Barbarella (1968),Adventure|Comedy|Sci-Fi,0062711,8069.0,560
678,Some Folks Call It a Sling Blade (1993),Drama|Thriller,0108181,27768.0,561
679,"Run of the Country, The (1995)",Drama,0114307,221917.0,562
680,"Alphaville (Alphaville, une étrange aventure de Lemmy Caution) (1965)",Drama|Mystery|Romance|Sci-Fi|Thriller,0058898,8072.0,563
685,It's My Party (1996),Drama,0113443,33245.0,564
688,Operation Dumbo Drop (1995),Action|Adventure|Comedy|War,0114048,27281.0,565
691,Mrs. Winterbourne (1996),Comedy|Romance,0117104,40001.0,566
692,Solo (1996),Action|Sci-Fi|Thriller,0117688,29621.0,567
694,"Substitute, The (1996)",Action|Crime|Drama,0117774,20762.0,568
695,True Crime (1996),Mystery|Thriller,0114736,37144.0,569
697,Feeling Minnesota (1996),Drama|Romance,0116289,12656.0,570
698,Delta of Venus (1995),Drama,0109593,38867.0,571
700,Angus (1995),Comedy,0112368,25969.0,572
703,Boys (1996),Drama,0115742,43634.0,573
704,"Quest, The (1996)",Action|Adventure,0117420,9103.0,574
706,Sunset Park (1996),Drama,0117784,29649.0,575
707,Mulholland Falls (1996),Crime|Drama|Thriller,0117107,10990.0,576
708,"Truth About Cats & Dogs, The (1996)",Comedy|Romance,0117979,8866.0,577
709,Oliver & Company (1988),Adventure|Animation|Children|Comedy|Musical,0095776,12233.0,578
710,Celtic Pride (1996),Comedy,0115851,23449.0,579
711,Flipper (1996),Adventure|Children,0116322,36355.0,580
714,Dead Man (1995),Drama|Mystery|Western,0112817,922.0,581
715,"Horseman on the Roof, The (Hussard sur le toit, Le) (1995)",Drama|Romance,0113362,11876.0,582
718,"Visitors, The (Visiteurs, Les) (1993)",Comedy|Fantasy|Sci-Fi,0108500,11687.0,583
719,Multiplicity (1996),Comedy,0117108,9304.0,584
720,Wallace & Gromit: The Best of Aardman Animation (1996),Adventure|Animation|Comedy,0118114,503475.0,585
722,"Haunted World of Edward D. Wood Jr., The (1996)",Documentary,0113270,73183.0,586
724,"Craft, The (1996)",Drama|Fantasy|Horror|Thriller,0115963,9100.0,587
725,"Great White Hype, The (1996)",Comedy,0116448,20759.0,588
726,Last Dance (1996),Drama,0116827,46063.0,589
728,Cold Comfort Farm (1995),Comedy,0112701,32513.0,590
731,Heaven's Prisoners (1996),Crime|Thriller,0116508,36915.0,591
733,"Rock, The (1996)",Action|Adventure|Thriller,0117500,9802.0,592
735,Cemetery Man (Dellamorte Dellamore) (1994),Horror,0109592,21588.0,593
736,Twister (1996),Action|Adventure|Romance|Thriller,0117998,664.0,594
737,Barb Wire (1996),Action|Sci-Fi,0115624,11867.0,595
741,Ghost in the Shell (Kôkaku kidôtai) (1995),Animation|Sci-Fi,0113568,9323.0,596
742,Thinner (1996),Horror|Thriller,0117894,10280.0,597
743,Spy Hard (1996),Comedy,0117723,10535.0,598
745,Wallace & Gromit: A Close Shave (1995),Animation|Children|Comedy,0112691,532.0,599
747,"Stupids, The (1996)",Comedy,0117768,16299.0,600
748,"Arrival, The (1996)",Action|Sci-Fi|Thriller,0115571,10547.0,601
750,Dr. Strangelove or: How I Learned to Stop Worrying and Love the Bomb (1964),Comedy|War,0057012,935.0,602
757,Ashes of Time (Dung che sai duk) (1994),Drama,0109688,40751.0,603
759,Maya Lin: A Strong Clear Vision (1994),Documentary,0110480,85778.0,604
760,Stalingrad (1993),Drama|War,0108211,11101.0,605
761,"Phantom, The (1996)",Action|Adventure,0117331,9826.0,606
762,Striptease (1996),Comedy|Crime,0117765,9879.0,607
764,Heavy (1995),Drama|Romance,0113280,22621.0,608
765,Jack (1996),Comedy|Drama,0116669,7095.0,609
766,I Shot Andy Warhol (1996),Drama,0116594,26890.0,610
773,Touki Bouki (1973),Drama,0070820,77771.0,611
775,Spirits of the Dead (1968),Horror|Mystery,0063715,41225.0,612
778,Trainspotting (1996),Comedy|Crime|Drama,0117951,627.0,613
779,'Til There Was You (1997),Drama|Romance,0118523,32872.0,614
780,Independence Day (a.k.a. ID4) (1996),Action|Adventure|Sci-Fi|Thriller,0116629,602.0,615
781,Stealing Beauty (1996),Drama,0117737,14553.0,616
782,"Fan, The (1996)",Drama|Thriller,0116277,9566.0,617
783,"Hunchback of Notre Dame, The (1996)",Animation|Children|Drama|Musical|Romance,0116583,10545.0,618
784,"Cable Guy, The (1996)",Comedy|Thriller,0115798,9894.0,619
785,Kingpin (1996),Comedy,0116778,11543.0,620
786,Eraser (1996),Action|Drama|Thriller,0116213,9268.0,621
788,"Nutty Professor, The (1996)",Comedy|Fantasy|Romance|Sci-Fi,0117218,9327.0,622
790,"Unforgettable Summer, An (Un été inoubliable) (1994)",Drama,0111546,81949.0,623
791,"Last Klezmer: Leopold Kozlowski, His Life and Music, The (1994)",Documentary,0113610,,624
795,Somebody to Love (1994),Drama,0111237,44535.0,625
798,Daylight (1996),Action|Adventure|Drama|Thriller,0116040,11228.0,626
799,"Frighteners, The (1996)",Comedy|Horror|Thriller,0116365,10779.0,627
800,Lone Star (1996),Drama|Mystery|Western,0116905,26748.0,628
801,Harriet the Spy (1996),Children|Comedy,0116493,38223.0,629
802,Phenomenon (1996),Drama|Romance,0117333,9294.0,630
803,Walking and Talking (1996),Comedy|Drama|Romance,0118113,49963.0,631
804,She's the One (1996),Comedy|Romance,0117628,11363.0,632
805,"Time to Kill, A (1996)",Drama|Thriller,0117913,1645.0,633
806,American Buffalo (1996),Crime|Drama,0115530,31546.0,634
808,Alaska (1996),Adventure|Children,0115493,36344.0,635
809,Fled (1996),Action|Adventure,0116320,18550.0,636
810,Kazaam (1996),Children|Comedy|Fantasy,0116756,11511.0,637
813,Larger Than Life (1996),Comedy,0116823,34170.0,638
818,"Very Brady Sequel, A (1996)",Comedy,0118073,12606.0,639
823,"Collector, The (La collectionneuse) (1967)",Drama,0061495,4837.0,640
824,Kaspar Hauser (1993),Drama|Mystery,0110246,12632.0,641
828,"Adventures of Pinocchio, The (1996)",Adventure|Children,0115472,18975.0,642
829,Joe's Apartment (1996),Comedy|Fantasy|Musical,0116707,11962.0,643
830,"First Wives Club, The (1996)",Comedy,0116313,2925.0,644
832,Ransom (1996),Crime|Thriller,0117438,3595.0,645
833,High School High (1996),Comedy,0116531,9308.0,646
835,Foxfire (1996),Drama,0116353,18555.0,647
836,Chain Reaction (1996),Action|Adventure|Thriller,0115857,12123.0,648
837,Matilda (1996),Children|Comedy|Fantasy,0117008,10830.0,649
838,Emma (1996),Comedy|Drama|Romance,0116191,3573.0,650
839,"Crow: City of Angels, The (1996)",Action|Thriller,0115986,10546.0,651
840,House Arrest (1996),Children|Comedy,0116571,18862.0,652
841,"Eyes Without a Face (Yeux sans visage, Les) (1959)",Horror,0053459,31417.0,653
842,Tales from the Crypt Presents: Bordello of Blood (1996),Comedy|Horror,0117826,9431.0,654
848,"Spitfire Grill, The (1996)",Drama,0117718,47907.0,655
849,Escape from L.A. (1996),Action|Adventure|Sci-Fi|Thriller,0116225,10061.0,656
851,Basquiat (1996),Drama,0115632,549.0,657
852,Tin Cup (1996),Comedy|Drama|Romance,0117918,10478.0,658
858,"Godfather, The (1972)",Crime|Drama,0068646,238.0,659
861,Supercop (Police Story 3: Supercop) (Jing cha gu shi III: Chao ji jing cha) (1992),Action|Comedy|Crime|Thriller,0104558,11134.0,660
866,Bound (1996),Crime|Drama|Romance|Thriller,0115736,9303.0,661
867,Carpool (1996),Comedy|Crime,0115836,23945.0,662
869,Kansas City (1996),Crime|Drama|Musical|Thriller,0116745,22479.0,663
870,Gone Fishin' (1997),Comedy,0119214,9054.0,664
875,Nothing to Lose (1994),Action|Crime|Drama,0110693,410921.0,665
876,Supercop 2 (Project S) (Chao ji ji hua) (1993),Action|Comedy|Crime|Thriller,0106544,38955.0,666
879,"Relic, The (1997)",Horror|Thriller,0120004,11015.0,667
880,"Island of Dr. Moreau, The (1996)",Sci-Fi|Thriller,0116654,9306.0,668
881,First Kid (1996),Children|Comedy,0116311,12559.0,669
882,"Trigger Effect, The (1996)",Drama|Thriller,0117965,58770.0,670
885,Bogus (1996),Children|Drama|Fantasy,0115725,3587.0,671
886,Bulletproof (1996),Action|Comedy|Crime,0115783,10723.0,672
888,Land Before Time III: The Time of the Great Giving (1995),Adventure|Animation|Children|Musical,0113596,19004.0,673
889,1-900 (06) (1994),Drama|Romance,0109001,101230.0,674
891,Halloween: The Curse of Michael Myers (Halloween 6: The Curse of Michael Myers) (1995),Horror|Thriller,0113253,10987.0,675
892,Twelfth Night (1996),Comedy|Drama|Romance,0117991,44705.0,676
893,Mother Night (1996),Drama,0117093,20318.0,677
896,Wild Reeds (Les roseaux sauvages) (1994),Drama,0111019,26933.0,678
897,For Whom the Bell Tolls (1943),Adventure|Drama|Romance|War,0035896,27854.0,679
898,"Philadelphia Story, The (1940)",Comedy|Drama|Romance,0032904,981.0,680
899,Singin' in the Rain (1952),Comedy|Musical|Romance,0045152,872.0,681
900,"American in Paris, An (1951)",Musical|Romance,0043278,2769.0,682
901,Funny Face (1957),Comedy|Musical,0050419,13320.0,683
902,Breakfast at Tiffany's (1961),Drama|Romance,0054698,164.0,684
903,Vertigo (1958),Drama|Mystery|Romance|Thriller,0052357,426.0,685
904,Rear Window (1954),Mystery|Thriller,0047396,567.0,686
905,It Happened One Night (1934),Comedy|Romance,0025316,3078.0,687
906,Gaslight (1944),Drama|Thriller,0036855,13528.0,688
907,"Gay Divorcee, The (1934)",Comedy|Musical|Romance,0025164,28288.0,689
908,North by Northwest (1959),Action|Adventure|Mystery|Romance|Thriller,0053125,213.0,690
909,"Apartment, The (1960)",Comedy|Drama|Romance,0053604,284.0,691
910,Some Like It Hot (1959),Comedy|Crime,0053291,239.0,692
911,Charade (1963),Comedy|Crime|Mystery|Romance|Thriller,0056923,4808.0,693
912,Casablanca (1942),Drama|Romance,0034583,289.0,694
913,"Maltese Falcon, The (1941)",Film-Noir|Mystery,0033870,963.0,695
914,My Fair Lady (1964),Comedy|Drama|Musical|Romance,0058385,11113.0,696
915,Sabrina (1954),Comedy|Romance,0047437,6620.0,697
916,Roman Holiday (1953),Comedy|Drama|Romance,0046250,804.0,698
917,"Little Princess, The (1939)",Children|Drama,0031580,26531.0,699
918,Meet Me in St. Louis (1944),Musical,0037059,909.0,700
919,"Wizard of Oz, The (1939)",Adventure|Children|Fantasy|Musical,0032138,630.0,701
920,Gone with the Wind (1939),Drama|Romance|War,0031381,770.0,702
921,My Favorite Year (1982),Comedy,0084370,31044.0,703
922,Sunset Blvd. (a.k.a. Sunset Boulevard) (1950),Drama|Film-Noir|Romance,0043014,599.0,704
923,Citizen Kane (1941),Drama|Mystery,0033467,15.0,705
924,2001: A Space Odyssey (1968),Adventure|Drama|Sci-Fi,0062622,62.0,706
926,All About Eve (1950),Drama,0042192,705.0,707
927,"Women, The (1939)",Comedy,0032143,22490.0,708
928,Rebecca (1940),Drama|Mystery|Romance|Thriller,0032976,223.0,709
929,Foreign Correspondent (1940),Drama|Film-Noir|Mystery|Thriller,0032484,25670.0,710
930,Notorious (1946),Film-Noir|Romance|Thriller,0038787,303.0,711
931,Spellbound (1945),Mystery|Romance|Thriller,0038109,4174.0,712
932,"Affair to Remember, An (1957)",Drama|Romance,0050105,8356.0,713
933,To Catch a Thief (1955),Crime|Mystery|Romance|Thriller,0048728,381.0,714
934,Father of the Bride (1950),Comedy,0042451,20758.0,715
935,"Band Wagon, The (1953)",Comedy|Musical,0045537,29376.0,716
936,Ninotchka (1939),Comedy|Romance,0031725,1859.0,717
937,Love in the Afternoon (1957),Comedy|Romance,0050658,18299.0,718
938,Gigi (1958),Musical,0051658,17281.0,719
940,"Adventures of Robin Hood, The (1938)",Action|Adventure|Romance,0029843,10907.0,720
941,"Mark of Zorro, The (1940)",Adventure,0032762,32093.0,721
942,Laura (1944),Crime|Film-Noir|Mystery,0037008,1939.0,722
943,"Ghost and Mrs. Muir, The (1947)",Drama|Fantasy|Romance,0039420,22292.0,723
944,Lost Horizon (1937),Drama,0029162,3598.0,724
945,Top Hat (1935),Comedy|Musical|Romance,0027125,3080.0,725
946,To Be or Not to Be (1942),Comedy|Drama|War,0035446,198.0,726
947,My Man Godfrey (1936),Comedy|Romance,0028010,13562.0,727
948,Giant (1956),Drama|Romance|Western,0049261,1712.0,728
949,East of Eden (1955),Drama,0048028,220.0,729
950,"Thin Man, The (1934)",Comedy|Crime,0025878,3529.0,730
951,His Girl Friday (1940),Comedy|Romance,0032599,3085.0,731
952,Around the World in 80 Days (1956),Adventure|Comedy,0048960,2897.0,732
953,It's a Wonderful Life (1946),Children|Drama|Fantasy|Romance,0038650,1585.0,733
954,Mr. Smith Goes to Washington (1939),Drama,0031679,3083.0,734
955,Bringing Up Baby (1938),Comedy|Romance,0029947,900.0,735
956,Penny Serenade (1941),Drama|Romance,0034012,43795.0,736
959,Of Human Bondage (1934),Drama,0025586,43905.0,737
961,Little Lord Fauntleroy (1936),Drama,0027893,23114.0,738
963,"Inspector General, The (1949)",Musical,0041509,40206.0,739
965,"39 Steps, The (1935)",Drama|Mystery|Thriller,0026029,260.0,740
968,Night of the Living Dead (1968),Horror|Sci-Fi|Thriller,0063350,10331.0,741
969,"African Queen, The (1951)",Adventure|Comedy|Romance|War,0043265,488.0,742
970,Beat the Devil (1953),Adventure|Comedy|Crime|Drama|Romance,0046414,22733.0,743
971,Cat on a Hot Tin Roof (1958),Drama,0051459,261.0,744
973,Meet John Doe (1941),Comedy|Drama,0033891,32574.0,745
976,"Farewell to Arms, A (1932)",Romance|War,0022879,22649.0,746
979,Nothing Personal (1995),Drama|War,0114007,125587.0,747
981,Dangerous Ground (1997),Drama,0118927,52855.0,748
982,Picnic (1955),Drama,0048491,39940.0,749
984,"Pompatus of Love, The (1996)",Comedy|Drama,0117357,85328.0,750
986,Fly Away Home (1996),Adventure|Children,0116329,11076.0,751
987,Bliss (1997),Drama|Romance,0118742,63945.0,752
988,Grace of My Heart (1996),Comedy|Drama,0116442,58985.0,753
990,Maximum Risk (1996),Action|Adventure|Thriller,0117011,10861.0,754
991,Michael Collins (1996),Drama,0117039,1770.0,755
993,Infinity (1996),Drama,0116635,2033.0,756
994,Big Night (1996),Comedy|Drama,0115678,18203.0,757
996,Last Man Standing (1996),Action|Crime|Drama|Thriller,0116830,9333.0,758
998,Set It Off (1996),Action|Crime,0117603,9400.0,759
999,2 Days in the Valley (1996),Crime|Film-Noir,0115438,9401.0,760
1003,Extreme Measures (1996),Drama|Thriller,0116259,11306.0,761
1004,"Glimmer Man, The (1996)",Action|Thriller,0116421,9625.0,762
1005,D3: The Mighty Ducks (1996),Children|Comedy,0116000,10680.0,763
1006,"Chamber, The (1996)",Drama,0115862,6346.0,764
1007,"Apple Dumpling Gang, The (1975)",Children|Comedy|Western,0072653,18660.0,765
1008,"Davy Crockett, King of the Wild Frontier (1955)",Adventure|Western,0047977,35115.0,766
1009,Escape to Witch Mountain (1975),Adventure|Children|Fantasy,0072951,14821.0,767
1010,"Love Bug, The (1969)",Children|Comedy,0064603,14136.0,768
1011,Herbie Rides Again (1974),Children|Comedy|Fantasy|Romance,0071607,10869.0,769
1012,Old Yeller (1957),Children|Drama,0050798,22660.0,770
1013,"Parent Trap, The (1961)",Children|Comedy|Romance,0055277,19186.0,771
1014,Pollyanna (1960),Children|Comedy|Drama,0054195,31102.0,772
1015,Homeward Bound: The Incredible Journey (1993),Adventure|Children|Drama,0107131,6878.0,773
1016,"Shaggy Dog, The (1959)",Children|Comedy,0053271,15944.0,774
1017,Swiss Family Robinson (1960),Adventure|Children,0054357,18444.0,775
1018,That Darn Cat! (1965),Children|Comedy|Mystery,0059793,20723.0,776
1019,"20,000 Leagues Under the Sea (1954)",Adventure|Drama|Sci-Fi,0046672,173.0,777
1020,Cool Runnings (1993),Comedy,0106611,864.0,778
1021,Angels in the Outfield (1994),Children|Comedy,0109127,24795.0,779
1022,Cinderella (1950),Animation|Children|Fantasy|Musical|Romance,0042332,11224.0,780
1023,Winnie the Pooh and the Blustery Day (1968),Animation|Children|Musical,0063819,81310.0,781
1024,"Three Caballeros, The (1945)",Animation|Children|Musical,0038166,15947.0,782
1025,"Sword in the Stone, The (1963)",Animation|Children|Fantasy|Musical,0057546,9078.0,783
1027,Robin Hood: Prince of Thieves (1991),Adventure|Drama,0102798,8367.0,784
1028,Mary Poppins (1964),Children|Comedy|Fantasy|Musical,0058331,433.0,785
1029,Dumbo (1941),Animation|Children|Drama|Musical,0033563,11360.0,786
1030,Pete's Dragon (1977),Adventure|Animation|Children|Musical,0076538,11114.0,787
1031,Bedknobs and Broomsticks (1971),Adventure|Children|Musical,0066817,12335.0,788
1032,Alice in Wonderland (1951),Adventure|Animation|Children|Fantasy|Musical,0043274,12092.0,789
1033,"Fox and the Hound, The (1981)",Animation|Children|Drama,0082406,10948.0,790
1034,Freeway (1996),Comedy|Crime|Drama|Thriller,0116361,11229.0,791
1035,"Sound of Music, The (1965)",Musical|Romance,0059742,15121.0,792
1036,Die Hard (1988),Action|Crime|Thriller,0095016,562.0,793
1037,"Lawnmower Man, The (1992)",Action|Horror|Sci-Fi|Thriller,0104692,10163.0,794
1040,"Secret Agent, The (1996)",Drama,0117582,47199.0,795
1041,Secrets & Lies (1996),Drama,0117589,11159.0,796
1042,That Thing You Do! (1996),Comedy|Drama,0117887,9591.0,797
1043,To Gillian on Her 37th Birthday (1996),Drama|Romance,0117924,30500.0,798
1046,Beautiful Thing (1996),Drama|Romance,0115640,10938.0,799
1047,"Long Kiss Goodnight, The (1996)",Action|Drama|Thriller,0116908,11412.0,800
1049,"Ghost and the Darkness, The (1996)",Action|Adventure,0116409,10586.0,801
1050,Looking for Richard (1996),Documentary|Drama,0116913,42314.0,802
1051,Trees Lounge (1996),Drama,0117958,27845.0,803
1053,Normal Life (1996),Crime|Drama|Romance,0117202,23223.0,804
1054,Get on the Bus (1996),Drama,0116404,49471.0,805
1055,Shadow Conspiracy (1997),Thriller,0120107,38153.0,806
1056,Jude (1996),Drama,0116722,25147.0,807
1057,Everyone Says I Love You (1996),Comedy|Musical|Romance,0116242,9716.0,808
1059,William Shakespeare's Romeo + Juliet (1996),Drama|Romance,0117509,454.0,809
1060,Swingers (1996),Comedy|Drama,0117802,10218.0,810
1061,Sleepers (1996),Thriller,0117665,819.0,811
1064,Aladdin and the King of Thieves (1996),Animation|Children|Comedy|Fantasy|Musical|Romance,0115491,11238.0,812
1066,Shall We Dance (1937),Comedy|Musical|Romance,0029546,31530.0,813
1068,Crossfire (1947),Crime|Film-Noir,0039286,28120.0,814
1073,Willy Wonka & the Chocolate Factory (1971),Children|Comedy|Fantasy|Musical,0067992,252.0,815
1076,"Innocents, The (1961)",Drama|Horror|Thriller,0055018,16372.0,816
1077,Sleeper (1973),Comedy|Sci-Fi,0070707,11561.0,817
1078,Bananas (1971),Comedy|War,0066808,11302.0,818
1079,"Fish Called Wanda, A (1988)",Comedy|Crime,0095159,623.0,819
1080,Monty Python's Life of Brian (1979),Comedy,0079470,583.0,820
1081,Victor/Victoria (1982),Comedy|Musical|Romance,0084865,12614.0,821
1082,"Candidate, The (1972)",Drama,0068334,21711.0,822
1083,"Great Race, The (1965)",Comedy|Musical,0059243,11575.0,823
1084,Bonnie and Clyde (1967),Crime|Drama,0061418,475.0,824
1085,"Old Man and the Sea, The (1958)",Adventure|Drama,0052027,11331.0,825
1086,Dial M for Murder (1954),Crime|Mystery|Thriller,0046912,521.0,826
1088,Dirty Dancing (1987),Drama|Musical|Romance,0092890,88.0,827
1089,Reservoir Dogs (1992),Crime|Mystery|Thriller,0105236,500.0,828
1090,Platoon (1986),Drama|War,0091763,792.0,829
1091,Weekend at Bernie's (1989),Comedy,0098627,8491.0,830
1092,Basic Instinct (1992),Crime|Mystery|Thriller,0103772,402.0,831
1093,"Doors, The (1991)",Drama,0101761,10537.0,832
1094,"Crying Game, The (1992)",Drama|Romance|Thriller,0104036,11386.0,833
1095,Glengarry Glen Ross (1992),Drama,0104348,9504.0,834
1096,Sophie's Choice (1982),Drama,0084707,15764.0,835
1097,E.T. the Extra-Terrestrial (1982),Children|Drama|Sci-Fi,0083866,601.0,836
1099,"Christmas Carol, A (1938)",Children|Drama|Fantasy,0029992,25842.0,837
1100,Days of Thunder (1990),Action|Drama|Romance,0099371,2119.0,838
1101,Top Gun (1986),Action|Romance,0092099,744.0,839
1103,Rebel Without a Cause (1955),Drama,0048545,221.0,840
1104,"Streetcar Named Desire, A (1951)",Drama,0044081,702.0,841
1105,Children of the Corn IV: The Gathering (1996),Horror,0115885,25750.0,842
1107,Loser (1991),Comedy,0102336,,843
1111,Microcosmos (Microcosmos: Le peuple de l'herbe) (1996),Documentary,0117040,9305.0,844
1112,Palookaville (1996),Action|Comedy|Drama,0117284,37616.0,845
1114,"Funeral, The (1996)",Crime|Drama,0116378,21612.0,846
1116,"Single Girl, A (Fille seule, La) (1995)",Drama,0113057,102461.0,847
1117,"Eighth Day, The (Huitième jour, Le) (1996)",Drama,0116581,36998.0,848
1119,Drunks (1995),Drama,0112907,116844.0,849
1120,"People vs. Larry Flynt, The (1996)",Comedy|Drama,0117318,1630.0,850
1121,Glory Daze (1995),Drama,0116422,26626.0,851
1123,"Perfect Candidate, A (1996)",Documentary,0117320,124837.0,852
1124,On Golden Pond (1981),Drama,0082846,11816.0,853
1125,"Return of the Pink Panther, The (1975)",Comedy|Crime,0072081,11843.0,854
1126,Drop Dead Fred (1991),Comedy|Fantasy,0101775,10379.0,855
1127,"Abyss, The (1989)",Action|Adventure|Sci-Fi|Thriller,0096754,2756.0,856
1128,"Fog, The (1980)",Horror,0080749,790.0,857
1129,Escape from New York (1981),Action|Adventure|Sci-Fi|Thriller,0082340,1103.0,858
1130,"Howling, The (1980)",Horror|Mystery,0082533,11298.0,859
1131,Jean de Florette (1986),Drama|Mystery,0091288,4480.0,860
1132,Manon of the Spring (Manon des sources) (1986),Drama,0091480,4481.0,861
1135,Private Benjamin (1980),Comedy,0081375,10765.0,862
1136,Monty Python and the Holy Grail (1975),Adventure|Comedy|Fantasy,0071853,762.0,863
1137,Hustler White (1996),Romance,0116587,44497.0,864
1140,Entertaining Angels: The Dorothy Day Story (1996),Drama,0116212,99479.0,865
1144,"Line King: The Al Hirschfeld Story, The (1996)",Documentary,0116886,124829.0,866
1147,When We Were Kings (1996),Documentary,0118147,10548.0,867
1148,Wallace & Gromit: The Wrong Trousers (1993),Animation|Children|Comedy|Crime,0108598,531.0,868
1150,"Return of Martin Guerre, The (Retour de Martin Guerre, Le) (1982)",Drama,0084589,4483.0,869
1151,Lesson Faust (1994),Animation|Comedy|Drama|Fantasy,0109781,18919.0,870
1156,"Children Are Watching Us, The (Bambini ci guardano, I) (1944)",Drama,0034493,61461.0,871
1161,"Tin Drum, The (Blechtrommel, Die) (1979)",Drama|War,0078875,659.0,872
1162,"Ruling Class, The (1972)",Comedy|Drama,0069198,30892.0,873
1163,Mina Tannenbaum (1994),Drama,0110521,86369.0,874
1167,Dear God (1996),Comedy,0116059,38554.0,875
1170,Best of the Best 3: No Turning Back (1995),Action,0112483,36555.0,876
1171,Bob Roberts (1992),Comedy,0103850,10608.0,877
1172,Cinema Paradiso (Nuovo cinema Paradiso) (1989),Drama,0095765,11216.0,878
1173,"Cook the Thief His Wife & Her Lover, The (1989)",Comedy|Drama,0097108,7452.0,879
1175,Delicatessen (1991),Comedy|Drama|Romance,0101700,892.0,880
1176,"Double Life of Veronique, The (Double Vie de Véronique, La) (1991)",Drama|Fantasy|Romance,0101765,1600.0,881
1177,Enchanted April (1992),Drama|Romance,0101811,26561.0,882
1178,Paths of Glory (1957),Drama|War,0050825,975.0,883
1179,"Grifters, The (1990)",Crime|Drama|Film-Noir,0099703,18129.0,884
1180,Hear My Song (1991),Comedy,0102014,54405.0,885
1183,"English Patient, The (1996)",Drama|Romance|War,0116209,409.0,886
1184,Mediterraneo (1991),Comedy|Drama,0102426,38251.0,887
1185,My Left Foot (1989),Drama,0097937,10161.0,888
1186,"Sex, Lies, and Videotape (1989)",Drama,0098724,1412.0,889
1187,Passion Fish (1992),Drama,0105107,41768.0,890
1188,Strictly Ballroom (1992),Comedy|Romance,0105488,10409.0,891
1189,"Thin Blue Line, The (1988)",Documentary,0096257,14285.0,892
1190,Tie Me Up! Tie Me Down! (¡Átame!) (1990),Crime|Drama|Romance,0101026,2469.0,893
1191,Madonna: Truth or Dare (1991),Documentary|Musical,0102370,10174.0,894
1192,Paris Is Burning (1990),Documentary,0100332,31225.0,895
1193,One Flew Over the Cuckoo's Nest (1975),Drama,0073486,510.0,896
1194,Cheech and Chong's Up in Smoke (1978),Comedy,0078446,11455.0,897
1196,Star Wars: Episode V - The Empire Strikes Back (1980),Action|Adventure|Sci-Fi,0080684,1891.0,898
1197,"Princess Bride, The (1987)",Action|Adventure|Comedy|Fantasy|Romance,0093779,2493.0,899
1198,Raiders of the Lost Ark (Indiana Jones and the Raiders of the Lost Ark) (1981),Action|Adventure,0082971,85.0,900
1199,Brazil (1985),Fantasy|Sci-Fi,0088846,68.0,901
1200,Aliens (1986),Action|Adventure|Horror|Sci-Fi,0090605,679.0,902
1201,"Good, the Bad and the Ugly, The (Buono, il brutto, il cattivo, Il) (1966)",Action|Adventure|Western,0060196,429.0,903
1202,Withnail & I (1987),Comedy,0094336,13446.0,904
1203,12 Angry Men (1957),Drama,0050083,389.0,905
1204,Lawrence of Arabia (1962),Adventure|Drama|War,0056172,947.0,906
1206,"Clockwork Orange, A (1971)",Crime|Drama|Sci-Fi|Thriller,0066921,185.0,907
1207,To Kill a Mockingbird (1962),Drama,0056592,595.0,908
1208,Apocalypse Now (1979),Action|Drama|War,0078788,28.0,909
1209,Once Upon a Time in the West (C'era una volta il West) (1968),Action|Drama|Western,0064116,335.0,910
1210,Star Wars: Episode VI - Return of the Jedi (1983),Action|Adventure|Sci-Fi,0086190,1892.0,911
1211,"Wings of Desire (Himmel über Berlin, Der) (1987)",Drama|Fantasy|Romance,0093191,144.0,912
1212,"Third Man, The (1949)",Film-Noir|Mystery|Thriller,0041959,1092.0,913
1213,Goodfellas (1990),Crime|Drama,0099685,769.0,914
1214,Alien (1979),Horror|Sci-Fi,0078748,348.0,915
1215,Army of Darkness (1993),Action|Adventure|Comedy|Fantasy|Horror,0106308,766.0,916
1216,"Big Blue, The (Grand bleu, Le) (1988)",Adventure|Drama|Romance,0095250,175.0,917
1217,Ran (1985),Drama|War,0089881,11645.0,918
1218,"Killer, The (Die xue shuang xiong) (1989)",Action|Crime|Drama|Thriller,0097202,10835.0,919
1219,Psycho (1960),Crime|Horror,0054215,539.0,920
1220,"Blues Brothers, The (1980)",Action|Comedy|Musical,0080455,525.0,921
1221,"Godfather: Part II, The (1974)",Crime|Drama,0071562,240.0,922
1222,Full Metal Jacket (1987),Drama|War,0093058,600.0,923
1223,"Grand Day Out with Wallace and Gromit, A (1989)",Adventure|Animation|Children|Comedy|Sci-Fi,0104361,530.0,924
1224,Henry V (1989),Action|Drama|Romance|War,0097499,10705.0,925
1225,Amadeus (1984),Drama,0086879,279.0,926
1226,"Quiet Man, The (1952)",Drama|Romance,0045061,3109.0,927
1227,Once Upon a Time in America (1984),Crime|Drama,0087843,311.0,928
1228,Raging Bull (1980),Drama,0081398,1578.0,929
1230,Annie Hall (1977),Comedy|Romance,0075686,703.0,930
1231,"Right Stuff, The (1983)",Drama,0086197,9549.0,931
1232,Stalker (1979),Drama|Mystery|Sci-Fi,0079944,1398.0,932
1233,"Boot, Das (Boat, The) (1981)",Action|Drama|War,0082096,387.0,933
1234,"Sting, The (1973)",Comedy|Crime,0070735,9277.0,934
1235,Harold and Maude (1971),Comedy|Drama|Romance,0067185,343.0,935
1236,Trust (1990),Comedy|Drama|Romance,0103130,37291.0,936
1237,"Seventh Seal, The (Sjunde inseglet, Det) (1957)",Drama,0050976,490.0,937
1238,Local Hero (1983),Comedy,0085859,11235.0,938
1240,"Terminator, The (1984)",Action|Sci-Fi|Thriller,0088247,218.0,939
1241,Dead Alive (Braindead) (1992),Comedy|Fantasy|Horror,0103873,763.0,940
1242,Glory (1989),Drama|War,0097441,9665.0,941
1243,Rosencrantz and Guildenstern Are Dead (1990),Comedy|Drama,0100519,18971.0,942
1244,Manhattan (1979),Comedy|Drama|Romance,0079522,696.0,943
1245,Miller's Crossing (1990),Crime|Drama|Film-Noir|Thriller,0100150,379.0,944
1246,Dead Poets Society (1989),Drama,0097165,207.0,945
1247,"Graduate, The (1967)",Comedy|Drama|Romance,0061722,37247.0,946
1248,Touch of Evil (1958),Crime|Film-Noir|Thriller,0052311,1480.0,947
1249,"Femme Nikita, La (Nikita) (1990)",Action|Crime|Romance|Thriller,0100263,9322.0,948
1250,"Bridge on the River Kwai, The (1957)",Adventure|Drama|War,0050212,826.0,949
1251,8 1/2 (8½) (1963),Drama|Fantasy,0056801,422.0,950
1252,Chinatown (1974),Crime|Film-Noir|Mystery|Thriller,0071315,829.0,951
1253,"Day the Earth Stood Still, The (1951)",Drama|Sci-Fi|Thriller,0043456,828.0,952
1254,"Treasure of the Sierra Madre, The (1948)",Action|Adventure|Drama|Western,0040897,3090.0,953
1255,Bad Taste (1987),Comedy|Horror|Sci-Fi,0092610,9964.0,954
1256,Duck Soup (1933),Comedy|Musical|War,0023969,3063.0,955
1257,Better Off Dead... (1985),Comedy|Romance,0088794,13667.0,956
1258,"Shining, The (1980)",Horror,0081505,694.0,957
1259,Stand by Me (1986),Adventure|Drama,0092005,235.0,958
1260,M (1931),Crime|Film-Noir|Thriller,0022100,832.0,959
1261,Evil Dead II (Dead by Dawn) (1987),Action|Comedy|Fantasy|Horror,0092991,765.0,960
1262,"Great Escape, The (1963)",Action|Adventure|Drama|War,0057115,5925.0,961
1263,"Deer Hunter, The (1978)",Drama|War,0077416,11778.0,962
1264,Diva (1981),Action|Drama|Mystery|Romance|Thriller,0082269,4485.0,963
1265,Groundhog Day (1993),Comedy|Fantasy|Romance,0107048,137.0,964
1266,Unforgiven (1992),Drama|Western,0105695,33.0,965
1267,"Manchurian Candidate, The (1962)",Crime|Thriller|War,0056218,982.0,966
1268,Pump Up the Volume (1990),Comedy|Drama,0100436,8428.0,967
1269,Arsenic and Old Lace (1944),Comedy|Mystery|Thriller,0036613,212.0,968
1270,Back to the Future (1985),Adventure|Comedy|Sci-Fi,0088763,105.0,969
1271,Fried Green Tomatoes (1991),Comedy|Crime|Drama,0101921,1633.0,970
1272,Patton (1970),Drama|War,0066206,11202.0,971
1273,Down by Law (1986),Comedy|Drama|Film-Noir,0090967,1554.0,972
1274,Akira (1988),Action|Adventure|Animation|Sci-Fi,0094625,149.0,973
1275,Highlander (1986),Action|Adventure|Fantasy,0091203,8009.0,974
1276,Cool Hand Luke (1967),Drama,0061512,903.0,975
1277,Cyrano de Bergerac (1990),Comedy|Drama|Romance,0099334,11673.0,976
1278,Young Frankenstein (1974),Comedy|Fantasy,0072431,3034.0,977
1279,Night on Earth (1991),Comedy|Drama,0102536,339.0,978
1280,Raise the Red Lantern (Da hong deng long gao gao gua) (1991),Drama,0101640,10404.0,979
1281,"Great Dictator, The (1940)",Comedy|Drama|War,0032553,914.0,980
1282,Fantasia (1940),Animation|Children|Fantasy|Musical,0032455,756.0,981
1283,High Noon (1952),Drama|Western,0044706,288.0,982
1284,"Big Sleep, The (1946)",Crime|Film-Noir|Mystery,0038355,910.0,983
1285,Heathers (1989),Comedy,0097493,2640.0,984
1286,Somewhere in Time (1980),Drama|Romance,0081534,16633.0,985
1287,Ben-Hur (1959),Action|Adventure|Drama,0052618,665.0,986
1288,This Is Spinal Tap (1984),Comedy,0088258,11031.0,987
1289,Koyaanisqatsi (a.k.a. Koyaanisqatsi: Life Out of Balance) (1983),Documentary,0085809,11314.0,988
1290,Some Kind of Wonderful (1987),Drama|Romance,0094006,15143.0,989
1291,Indiana Jones and the Last Crusade (1989),Action|Adventure,0097576,89.0,990
1292,Being There (1979),Comedy|Drama,0078841,10322.0,991
1293,Gandhi (1982),Drama,0083987,783.0,992
1295,"Unbearable Lightness of Being, The (1988)",Drama,0096332,10644.0,993
1296,"Room with a View, A (1986)",Drama|Romance,0091867,11257.0,994
1297,Real Genius (1985),Comedy,0089886,14370.0,995
1298,Pink Floyd: The Wall (1982),Drama|Musical,0084503,12104.0,996
1299,"Killing Fields, The (1984)",Drama|War,0087553,625.0,997
1300,My Life as a Dog (Mitt liv som hund) (1985),Comedy|Drama,0089606,8816.0,998
1301,Forbidden Planet (1956),Drama|Sci-Fi,0049223,830.0,999
1302,Field of Dreams (1989),Children|Drama|Fantasy,0097351,2323.0,1000
1303,"Man Who Would Be King, The (1975)",Adventure|Drama,0073341,983.0,1001
1304,Butch Cassidy and the Sundance Kid (1969),Action|Western,0064115,642.0,1002
1305,"Paris, Texas (1984)",Drama|Romance,0087884,655.0,1003
1306,Until the End of the World (Bis ans Ende der Welt) (1991),Adventure|Drama|Sci-Fi,0101458,10341.0,1004
1307,When Harry Met Sally... (1989),Comedy|Romance,0098635,639.0,1005
1310,Hype! (1996),Documentary,0116589,30180.0,1006
1312,Female Perversions (1996),Drama,0116293,41801.0,1007
1318,Blue Juice (1995),Comedy|Drama,0112537,18762.0,1008
1320,Alien³ (a.k.a. Alien 3) (1992),Action|Horror|Sci-Fi|Thriller,0103644,8077.0,1009
1321,"American Werewolf in London, An (1981)",Comedy|Horror|Thriller,0082010,814.0,1010
1322,Amityville 1992: It's About Time (1992),Horror,0103678,41671.0,1011
1323,Amityville 3-D (1983),Horror,0085159,27214.0,1012
1324,Amityville: Dollhouse (1996),Horror,0115535,52263.0,1013
1325,Amityville: A New Generation (1993),Horror,0106262,33519.0,1014
1326,Amityville II: The Possession (1982),Horror,0083550,16235.0,1015
1327,"Amityville Horror, The (1979)",Drama|Horror|Mystery|Thriller,0078767,11449.0,1016
1328,"Amityville Curse, The (1990)",Horror,0099030,41848.0,1017
1329,Blood for Dracula (Andy Warhol's Dracula) (1974),Horror,0071233,25944.0,1018
1330,April Fool's Day (1986),Horror,0090655,24913.0,1019
1331,Audrey Rose (1977),Horror,0075704,49126.0,1020
1332,"Believers, The (1987)",Horror|Thriller,0092632,32076.0,1021
1333,"Birds, The (1963)",Horror|Thriller,0056869,571.0,1022
1334,"Blob, The (1958)",Horror|Sci-Fi,0051418,8851.0,1023
1335,Blood Beach (1981),Horror|Mystery,0082083,37843.0,1024
1336,Body Parts (1991),Horror|Thriller,0101492,32146.0,1025
1337,"Body Snatcher, The (1945)",Drama|Horror|Thriller,0037549,30346.0,1026
1339,Dracula (Bram Stoker's Dracula) (1992),Fantasy|Horror|Romance|Thriller,0103874,6114.0,1027
1340,"Bride of Frankenstein, The (Bride of Frankenstein) (1935)",Drama|Horror|Sci-Fi,0026138,229.0,1028
1341,Burnt Offerings (1976),Horror,0074258,13549.0,1029
1342,Candyman (1992),Horror|Thriller,0103919,9529.0,1030
1343,Cape Fear (1991),Thriller,0101540,1598.0,1031
1344,Cape Fear (1962),Crime|Drama|Thriller,0055824,11349.0,1032
1345,Carrie (1976),Drama|Fantasy|Horror|Thriller,0074285,7340.0,1033
1346,Cat People (1982),Drama|Fantasy|Horror,0083722,6217.0,1034
1347,"Nightmare on Elm Street, A (1984)",Horror|Thriller,0087800,377.0,1035
1348,"Nosferatu (Nosferatu, eine Symphonie des Grauens) (1922)",Horror,0013442,653.0,1036
1349,Vampire in Venice (Nosferatu a Venezia) (Nosferatu in Venice) (1986),Horror,0091651,28198.0,1037
1350,"Omen, The (1976)",Horror|Mystery|Thriller,0075005,794.0,1038
1351,Blood and Wine (Blood & Wine) (1996),Crime|Drama|Thriller,0115710,31640.0,1039
1352,Albino Alligator (1996),Crime|Thriller,0115495,8744.0,1040
1353,"Mirror Has Two Faces, The (1996)",Comedy|Drama|Romance,0117057,25189.0,1041
1354,Breaking the Waves (1996),Drama|Mystery,0115751,145.0,1042
1355,Nightwatch (1997),Horror|Thriller,0119791,2212.0,1043
1356,Star Trek: First Contact (1996),Action|Adventure|Sci-Fi|Thriller,0117731,199.0,1044
1357,Shine (1996),Drama|Romance,0117631,7863.0,1045
1358,Sling Blade (1996),Drama,0117666,12498.0,1046
1359,Jingle All the Way (1996),Children|Comedy,0116705,9279.0,1047
1361,Paradise Lost: The Child Murders at Robin Hood Hills (1996),Documentary,0117293,17204.0,1048
1363,"Preacher's Wife, The (1996)",Drama,0117372,21539.0,1049
1365,Ridicule (1996),Drama,0117477,12709.0,1050
1366,"Crucible, The (1996)",Drama,0115988,20539.0,1051
1367,101 Dalmatians (1996),Adventure|Children|Comedy,0115433,11674.0,1052
1370,Die Hard 2 (1990),Action|Adventure|Thriller,0099423,1573.0,1053
1371,Star Trek: The Motion Picture (1979),Adventure|Sci-Fi,0079945,152.0,1054
1372,Star Trek VI: The Undiscovered Country (1991),Action|Mystery|Sci-Fi,0102975,174.0,1055
1373,Star Trek V: The Final Frontier (1989),Action|Sci-Fi,0098382,172.0,1056
1374,Star Trek II: The Wrath of Khan (1982),Action|Adventure|Sci-Fi|Thriller,0084726,154.0,1057
1375,Star Trek III: The Search for Spock (1984),Action|Adventure|Sci-Fi,0088170,157.0,1058
1376,Star Trek IV: The Voyage Home (1986),Adventure|Comedy|Sci-Fi,0092007,168.0,1059
1377,Batman Returns (1992),Action|Crime,0103776,364.0,1060
1378,Young Guns (1988),Action|Comedy|Western,0096487,11967.0,1061
1379,Young Guns II (1990),Action|Western,0100994,9086.0,1062
1380,Grease (1978),Comedy|Musical|Romance,0077631,621.0,1063
1381,Grease 2 (1982),Comedy|Musical|Romance,0084021,9037.0,1064
1382,Marked for Death (1990),Action|Drama,0100114,10173.0,1065
1385,Under Siege (1992),Action|Drama|Thriller,0105690,8845.0,1066
1387,Jaws (1975),Action|Horror,0073195,578.0,1067
1388,Jaws 2 (1978),Horror|Thriller,0077766,579.0,1068
1389,Jaws 3-D (1983),Action|Horror,0085750,17692.0,1069
1390,My Fellow Americans (1996),Comedy,0117119,17795.0,1070
1391,Mars Attacks! (1996),Action|Comedy|Sci-Fi,0116996,75.0,1071
1392,Citizen Ruth (1996),Comedy|Drama,0115906,13891.0,1072
1393,Jerry Maguire (1996),Drama|Romance,0116695,9390.0,1073
1394,Raising Arizona (1987),Comedy,0093822,378.0,1074
1395,Tin Men (1987),Comedy|Drama,0094155,10896.0,1075
1396,Sneakers (1992),Action|Comedy|Crime|Drama|Sci-Fi,0105435,2322.0,1076
1397,Bastard Out of Carolina (1996),Drama,0115633,41240.0,1077
1398,In Love and War (1996),Romance|War,0116621,26949.0,1078
1399,Marvin's Room (1996),Drama,0116999,9819.0,1079
1401,Ghosts of Mississippi (1996),Drama,0116410,31908.0,1080
1405,Beavis and Butt-Head Do America (1996),Adventure|Animation|Comedy|Crime,0115641,3179.0,1081
1406,La Cérémonie (1995),Crime|Drama|Mystery|Thriller,0112769,1802.0,1082
1407,Scream (1996),Comedy|Horror|Mystery|Thriller,0117571,4232.0,1083
1408,"Last of the Mohicans, The (1992)",Action|Romance|War|Western,0104691,9361.0,1084
1409,Michael (1996),Comedy|Drama|Fantasy|Romance,0117038,2928.0,1085
1411,Hamlet (1996),Crime|Drama|Romance,0116477,10549.0,1086
1412,Some Mother's Son (1996),Drama,0117690,58102.0,1087
1413,"Whole Wide World, The (1996)",Drama,0118163,18451.0,1088
1414,Mother (1996),Comedy,0117091,27265.0,1089
1415,"Thieves (Voleurs, Les) (1996)",Crime|Drama|Romance,0118100,49935.0,1090
1416,Evita (1996),Drama|Musical,0116250,8818.0,1091
1417,"Portrait of a Lady, The (1996)",Drama,0117364,36758.0,1092
1419,Walkabout (1971),Adventure|Drama,0067959,36040.0,1093
1422,Murder at 1600 (1997),Crime|Drama|Mystery|Thriller,0119731,9415.0,1094
1423,Hearts and Minds (1996),Drama,0116506,55146.0,1095
1425,Fierce Creatures (1997),Comedy,0119115,12145.0,1096
1426,Zeus and Roxanne (1997),Children,0120550,42424.0,1097
1427,Turbulence (1997),Action|Thriller,0120390,34314.0,1098
1428,Angel Baby (1995),Drama,0112362,2892.0,1099
1429,First Strike (Police Story 4: First Strike) (Ging chaat goo si 4: Ji gaan daan yam mo) (1996),Action|Adventure|Comedy|Thriller,0116704,9404.0,1100
1430,Underworld (1996),Comedy|Thriller,0120414,85242.0,1101
1431,Beverly Hills Ninja (1997),Action|Comedy,0118708,9622.0,1102
1432,Metro (1997),Action|Comedy|Crime|Drama|Thriller,0119664,8860.0,1103
1437,"Cement Garden, The (1993)",Drama,0106535,14832.0,1104
1438,Dante's Peak (1997),Action|Thriller,0118928,9619.0,1105
1439,Meet Wally Sparks (1997),Comedy,0119644,40506.0,1106
1440,Amos & Andrew (1993),Comedy,0106266,31000.0,1107
1441,Benny & Joon (1993),Comedy|Romance,0106387,4104.0,1108
1442,Prefontaine (1997),Drama,0119937,26306.0,1109
1445,McHale's Navy (1997),Comedy|War,0119640,14908.0,1110
1446,Kolya (Kolja) (1996),Comedy|Drama,0116790,784.0,1111
1447,Gridlock'd (1997),Crime,0119225,12489.0,1112
1449,Waiting for Guffman (1996),Comedy,0118111,16448.0,1113
1453,"Beautician and the Beast, The (1997)",Comedy|Romance,0118691,17894.0,1114
1454,SubUrbia (1997),Comedy|Drama,0120238,28059.0,1115
1456,"Pest, The (1997)",Comedy,0119887,17949.0,1116
1457,Fools Rush In (1997),Comedy|Drama|Romance,0119141,1968.0,1117
1458,Touch (1997),Drama|Fantasy|Romance,0120357,61563.0,1118
1459,Absolute Power (1997),Mystery|Thriller,0118548,66.0,1119
1460,That Darn Cat (1997),Children|Comedy|Mystery,0120317,20735.0,1120
1461,Vegas Vacation (National Lampoon's Las Vegas Vacation) (1997),Comedy,0120434,11419.0,1121
1464,Lost Highway (1997),Crime|Drama|Fantasy|Film-Noir|Mystery|Romance,0116922,638.0,1122
1465,Rosewood (1997),Action|Drama,0120036,25624.0,1123
1466,Donnie Brasco (1997),Crime|Drama,0119008,9366.0,1124
1468,Booty Call (1997),Comedy|Romance,0118750,21915.0,1125
1473,Best Men (1997),Action|Comedy|Crime|Drama,0118702,19952.0,1126
1474,Jungle2Jungle (a.k.a. Jungle 2 Jungle) (1997),Children|Comedy,0119432,9446.0,1127
1475,Kama Sutra: A Tale of Love (1996),Romance,0116743,28005.0,1128
1476,Private Parts (1997),Comedy|Drama,0119951,9403.0,1129
1477,Love Jones (1997),Romance,0119572,27322.0,1130
1479,"Saint, The (1997)",Action|Romance|Sci-Fi|Thriller,0120053,10003.0,1131
1480,Smilla's Sense of Snow (1997),Drama|Thriller,0120152,9311.0,1132
1483,Crash (1996),Drama|Thriller,0115964,884.0,1133
1484,"Daytrippers, The (1996)",Comedy|Drama|Mystery|Romance,0116041,49806.0,1134
1485,Liar Liar (1997),Comedy,0119528,1624.0,1135
1487,Selena (1997),Drama|Musical,0120094,16052.0,1136
1488,"Devil's Own, The (1997)",Action|Drama|Thriller,0118972,4477.0,1137
1489,Cats Don't Dance (1997),Animation|Children|Musical,0118829,24662.0,1138
1490,B*A*P*S (1997),Comedy,0118663,18423.0,1139
1493,Love and Other Catastrophes (1996),Romance,0116931,76996.0,1140
1495,Turbo: A Power Rangers Movie (1997),Action|Adventure|Children,0120389,6499.0,1141
1496,Anna Karenina (1997),Drama|Romance,0118623,50512.0,1142
1497,Double Team (1997),Action,0119013,9405.0,1143
1498,Inventing the Abbotts (1997),Drama|Romance,0119381,12723.0,1144
1499,Anaconda (1997),Action|Adventure|Thriller,0118615,9360.0,1145
1500,Grosse Pointe Blank (1997),Comedy|Crime|Romance,0119229,9434.0,1146
1502,Kissed (1996),Drama|Romance,0116783,21626.0,1147
1503,8 Heads in a Duffel Bag (1997),Comedy,0118541,13982.0,1148
1507,Paradise Road (1997),Drama|War,0119859,77223.0,1149
1513,Romy and Michele's High School Reunion (1997),Comedy,0120032,9611.0,1150
1514,Temptress Moon (Feng Yue) (1996),Romance,0116295,47694.0,1151
1515,Volcano (1997),Action|Drama|Thriller,0120461,10357.0,1152
1516,Children of the Revolution (1996),Comedy,0115886,9977.0,1153
1517,Austin Powers: International Man of Mystery (1997),Action|Adventure|Comedy,0118655,816.0,1154
1518,Breakdown (1997),Action|Thriller,0118771,2163.0,1155
1519,Broken English (1996),Drama,0115760,124680.0,1156
1526,Fathers' Day (1997),Comedy,0119109,12499.0,1157
1527,"Fifth Element, The (1997)",Action|Adventure|Comedy|Sci-Fi,0119116,18.0,1158
1529,Nowhere (1997),Comedy|Drama,0119809,1811.0,1159
1533,"Promise, The (La promesse) (1996)",Drama,0117398,105045.0,1160
1537,Shall We Dance? (Shall We Dansu?) (1996),Comedy|Drama|Romance,0117615,11239.0,1161
1541,Addicted to Love (1997),Comedy|Romance,0118556,2058.0,1162
1542,Brassed Off (1996),Comedy|Drama|Romance,0115744,9450.0,1163
1544,"Lost World: Jurassic Park, The (1997)",Action|Adventure|Sci-Fi|Thriller,0119567,330.0,1164
1545,Ponette (1996),Drama,0117359,38523.0,1165
1546,Schizopolis (1996),Comedy,0117561,16375.0,1166
1547,Shiloh (1997),Children|Drama,0120118,33660.0,1167
1549,Rough Magic (1995),Drama|Romance,0114303,45671.0,1168
1550,Trial and Error (1997),Comedy|Romance,0120373,17770.0,1169
1551,Buddy (1997),Adventure|Children|Drama,0118787,15170.0,1170
1552,Con Air (1997),Action|Adventure|Thriller,0118880,1701.0,1171
1554,"Pillow Book, The (1996)",Drama|Romance,0114134,26422.0,1172
1556,Speed 2: Cruise Control (1997),Action|Romance|Thriller,0120179,1639.0,1173
1562,Batman & Robin (1997),Action|Adventure|Fantasy|Thriller,0118688,415.0,1174
1564,For Roseanna (Roseanna's Grave) (1997),Comedy|Drama|Romance,0120034,65889.0,1175
1565,Head Above Water (1996),Comedy|Thriller,0116502,11103.0,1176
1566,Hercules (1997),Adventure|Animation|Children|Comedy|Musical,0119282,11970.0,1177
1569,My Best Friend's Wedding (1997),Comedy|Romance,0119738,8874.0,1178
1571,When the Cat's Away (Chacun cherche son chat) (1996),Comedy|Romance,0115856,11956.0,1179
1572,"Contempt (Mépris, Le) (1963)",Drama,0057345,266.0,1180
1573,Face/Off (1997),Action|Crime|Drama|Thriller,0119094,754.0,1181
1574,Fall (1997),Romance,0119098,37567.0,1182
1580,Men in Black (a.k.a. MIB) (1997),Action|Comedy|Sci-Fi,0119654,607.0,1183
1581,Out to Sea (1997),Comedy,0119848,18080.0,1184
1582,Wild America (1997),Adventure|Children,0120512,38225.0,1185
1583,"Simple Wish, A (1997)",Children|Fantasy,0120133,17834.0,1186
1584,Contact (1997),Drama|Sci-Fi,0118884,686.0,1187
1585,Love Serenade (1996),Comedy,0116930,65046.0,1188
1586,G.I. Jane (1997),Action|Drama,0119173,4421.0,1189
1587,Conan the Barbarian (1982),Action|Adventure|Fantasy,0082198,9387.0,1190
1588,George of the Jungle (1997),Children|Comedy,0119190,10603.0,1191
1589,Cop Land (1997),Action|Crime|Drama|Thriller,0118887,2142.0,1192
1590,Event Horizon (1997),Horror|Sci-Fi|Thriller,0119081,8413.0,1193
1591,Spawn (1997),Action|Adventure|Sci-Fi|Thriller,0120177,10336.0,1194
1592,Air Bud (1997),Children|Comedy,0118570,20737.0,1195
1593,Picture Perfect (1997),Comedy|Romance,0119896,9413.0,1196
1594,In the Company of Men (1997),Comedy|Drama,0119361,14585.0,1197
1596,Career Girls (1997),Drama,0118818,49462.0,1198
1597,Conspiracy Theory (1997),Drama|Mystery|Romance|Thriller,0118883,8834.0,1199
1598,Desperate Measures (1998),Crime|Drama|Thriller,0118966,9458.0,1200
1599,Steel (1997),Action,0120207,8854.0,1201
1600,She's So Lovely (1997),Drama|Romance,0120112,38295.0,1202
1601,Hoodlum (1997),Crime|Drama|Film-Noir,0119311,22073.0,1203
1602,Leave It to Beaver (1997),Comedy,0119509,37244.0,1204
1603,Mimic (1997),Horror|Sci-Fi|Thriller,0119675,4961.0,1205
1604,Money Talks (1997),Action|Comedy,0119695,9416.0,1206
1605,Excess Baggage (1997),Adventure|Romance,0119086,26180.0,1207
1606,Kull the Conqueror (1997),Action|Adventure,0119484,17832.0,1208
1608,Air Force One (1997),Action|Thriller,0118571,9772.0,1209
1609,187 (One Eight Seven) (1997),Drama|Thriller,0118531,6072.0,1210
1610,"Hunt for Red October, The (1990)",Action|Adventure|Thriller,0099810,1669.0,1211
1611,My Own Private Idaho (1991),Drama|Romance,0102494,468.0,1212
1612,"Kiss Me, Guido (1997)",Comedy,0119465,32519.0,1213
1613,Star Maps (1997),Drama,0120197,108401.0,1214
1614,In & Out (1997),Comedy,0119360,10806.0,1215
1615,"Edge, The (1997)",Adventure|Drama,0119051,9433.0,1216
1616,"Peacemaker, The (1997)",Action|Thriller|War,0119874,6623.0,1217
1617,L.A. Confidential (1997),Crime|Film-Noir|Mystery|Thriller,0119488,2118.0,1218
1619,Seven Years in Tibet (1997),Adventure|Drama|War,0120102,978.0,1219
1620,Kiss the Girls (1997),Crime|Drama|Mystery|Thriller,0119468,9437.0,1220
1621,Soul Food (1997),Drama,0120169,29461.0,1221
1623,Wishmaster (1997),Horror,0120524,10351.0,1222
1624,"Thousand Acres, A (1997)",Drama,0120323,66588.0,1223
1625,"Game, The (1997)",Drama|Mystery|Thriller,0119174,2649.0,1224
1626,Fire Down Below (1997),Action|Drama|Thriller,0119123,14289.0,1225
1627,U Turn (1997),Crime|Drama|Mystery,0120399,10155.0,1226
1629,"MatchMaker, The (1997)",Comedy|Romance,0119632,20457.0,1227
1631,"Assignment, The (1997)",Action|Thriller,0118647,18355.0,1228
1633,Ulee's Gold (1997),Drama,0120402,55306.0,1229
1635,"Ice Storm, The (1997)",Drama,0119349,68924.0,1230
1639,Chasing Amy (1997),Comedy|Drama|Romance,0118842,2255.0,1231
1641,"Full Monty, The (1997)",Comedy|Drama,0119164,9427.0,1232
1642,Indian Summer (a.k.a. Alive & Kicking) (1996),Comedy|Drama,0116631,172545.0,1233
1643,"Mrs. Brown (a.k.a. Her Majesty, Mrs. Brown) (1997)",Drama|Romance,0119280,17589.0,1234
1644,I Know What You Did Last Summer (1997),Horror|Mystery|Thriller,0119345,3597.0,1235
1645,The Devil's Advocate (1997),Drama|Mystery|Thriller,0118971,1813.0,1236
1646,RocketMan (a.k.a. Rocket Man) (1997),Children|Comedy|Romance|Sci-Fi,0120029,36797.0,1237
1647,Playing God (1997),Crime|Drama|Thriller,0119906,12628.0,1238
1648,"House of Yes, The (1997)",Comedy|Drama,0119324,33344.0,1239
1649,"Fast, Cheap & Out of Control (1997)",Documentary,0119107,25099.0,1240
1650,Washington Square (1997),Drama,0120481,45019.0,1241
1652,Year of the Horse (1997),Documentary,0120539,62422.0,1242
1653,Gattaca (1997),Drama|Sci-Fi|Thriller,0119177,782.0,1243
1654,FairyTale: A True Story (1997),Children|Drama|Fantasy,0119095,29911.0,1244
1655,Phantoms (1998),Drama|Horror|Thriller,0119891,9827.0,1245
1656,Swept from the Sea (1997),Drama|Romance,0120257,1959.0,1246
1658,"Life Less Ordinary, A (1997)",Romance|Thriller,0119535,8067.0,1247
1659,Hurricane Streets (1997),Drama,0119338,125052.0,1248
1660,Eve's Bayou (1997),Drama,0119080,45153.0,1249
1661,Switchback (1997),Crime|Mystery|Thriller,0119210,10871.0,1250
1662,Gang Related (1997),Crime,0118900,14398.0,1251
1663,Stripes (1981),Comedy|War,0083131,10890.0,1252
1665,Bean (1997),Comedy,0118689,1281.0,1253
1667,Mad City (1997),Action|Drama,0119592,9770.0,1254
1670,Welcome to Sarajevo (1997),Drama|War,0120490,14905.0,1255
1671,Deceiver (1997),Crime|Drama|Thriller,0119527,14583.0,1256
1672,"Rainmaker, The (1997)",Drama,0119978,11975.0,1257
1673,Boogie Nights (1997),Drama,0118749,4995.0,1258
1674,Witness (1985),Drama|Romance|Thriller,0090329,9281.0,1259
1675,Incognito (1997),Crime|Thriller,0119365,45928.0,1260
1676,Starship Troopers (1997),Action|Sci-Fi,0120201,563.0,1261
1677,Critical Care (1997),Comedy|Drama,0118901,61337.0,1262
1678,"Joy Luck Club, The (1993)",Drama|Romance,0107282,19931.0,1263
1679,Chairman of the Board (1998),Comedy,0118836,31535.0,1264
1680,Sliding Doors (1998),Drama|Romance,0120148,10215.0,1265
1681,Mortal Kombat: Annihilation (1997),Action|Adventure|Fantasy,0119707,9823.0,1266
1682,"Truman Show, The (1998)",Comedy|Drama|Sci-Fi,0120382,37165.0,1267
1683,"Wings of the Dove, The (1997)",Drama|Romance,0120520,45609.0,1268
1684,Mrs. Dalloway (1997),Drama|Romance,0119723,38904.0,1269
1685,"I Love You, I Love You Not (1996)",Drama|Romance,0116592,45565.0,1270
1686,Red Corner (1997),Crime|Thriller,0119994,9407.0,1271
1687,"Jackal, The (1997)",Action|Thriller,0119395,4824.0,1272
1688,Anastasia (1997),Adventure|Animation|Children|Drama|Musical,0118617,9444.0,1273
1689,"Man Who Knew Too Little, The (1997)",Comedy|Crime|Thriller,0120483,9414.0,1274
1690,Alien: Resurrection (1997),Action|Horror|Sci-Fi,0118583,8078.0,1275
1693,Amistad (1997),Drama|Mystery,0118607,11831.0,1276
1694,"Apostle, The (1997)",Drama,0118632,2895.0,1277
1695,Artemisia (1997),Drama,0123385,39177.0,1278
1696,Bent (1997),Drama|War,0118698,19601.0,1279
1699,"Butcher Boy, The (1997)",Comedy|Drama,0118804,22797.0,1280
1701,Deconstructing Harry (1997),Comedy|Drama,0118954,2639.0,1281
1702,Flubber (1997),Children|Comedy|Fantasy,0119137,9574.0,1282
1703,For Richer or Poorer (1997),Comedy,0119142,10371.0,1283
1704,Good Will Hunting (1997),Drama|Romance,0119217,489.0,1284
1707,Home Alone 3 (1997),Children|Comedy,0119303,9714.0,1285
1711,Midnight in the Garden of Good and Evil (1997),Crime|Drama|Mystery,0119668,8197.0,1286
1713,Mouse Hunt (1997),Children|Comedy,0119715,6283.0,1287
1717,Scream 2 (1997),Comedy|Horror|Mystery|Thriller,0120082,4233.0,1288
1718,Stranger in the House (1997),Thriller,0120222,191874.0,1289
1719,"Sweet Hereafter, The (1997)",Drama,0120255,10217.0,1290
1721,Titanic (1997),Drama|Romance,0120338,597.0,1291
1722,Tomorrow Never Dies (1997),Action|Adventure|Thriller,0120347,714.0,1292
1726,"Postman, The (1997)",Action|Adventure|Drama|Sci-Fi,0119925,9922.0,1293
1727,"Horse Whisperer, The (1998)",Drama|Romance,0119314,547.0,1294
1729,Jackie Brown (1997),Crime|Drama|Thriller,0119396,184.0,1295
1730,Kundun (1997),Drama,0119485,9746.0,1296
1731,Mr. Magoo (1997),Comedy,0119718,9438.0,1297
1732,"Big Lebowski, The (1998)",Comedy|Crime,0118715,115.0,1298
1733,Afterglow (1997),Drama|Romance,0118566,26941.0,1299
1734,My Life in Pink (Ma vie en rose) (1997),Comedy|Drama,0119590,27103.0,1300
1735,Great Expectations (1998),Drama|Romance,0119223,9410.0,1301
1739,3 Ninjas: High Noon On Mega Mountain (1998),Action|Children|Comedy,0118539,32302.0,1302
1746,Senseless (1998),Comedy,0120820,12538.0,1303
1747,Wag the Dog (1997),Comedy,0120885,586.0,1304
1748,Dark City (1998),Adventure|Film-Noir|Sci-Fi|Thriller,0118929,2666.0,1305
1752,Hard Rain (1998),Action|Crime|Thriller,0120696,11258.0,1306
1753,Half Baked (1998),Comedy,0120693,9490.0,1307
1754,Fallen (1998),Crime|Drama|Fantasy|Thriller,0119099,9411.0,1308
1755,Shooting Fish (1997),Comedy|Romance,0120122,25719.0,1309
1757,Fallen Angels (Duo luo tian shi) (1995),Drama|Romance,0112913,11220.0,1310
1759,"Four Days in September (O Que É Isso, Companheiro?) (1997)",Drama,0119815,21253.0,1311
1760,Spice World (1997),Comedy,0120185,6116.0,1312
1762,Deep Rising (1998),Action|Horror|Sci-Fi,0118956,9457.0,1313
1767,Music From Another Room (1998),Drama|Romance,0119734,39424.0,1314
1769,"Replacement Killers, The (1998)",Action|Crime|Thriller,0120008,11702.0,1315
1770,B. Monkey (1998),Crime|Romance|Thriller,0120594,2923.0,1316
1771,Night Flier (1997),Horror,0119784,12238.0,1317
1772,Blues Brothers 2000 (1998),Action|Comedy|Musical,0118747,11568.0,1318
1777,"Wedding Singer, The (1998)",Comedy|Romance,0120888,11003.0,1319
1779,Sphere (1998),Sci-Fi|Thriller,0120184,10153.0,1320
1783,Palmetto (1998),Crime|Drama|Mystery|Romance|Thriller,0120782,30949.0,1321
1784,As Good as It Gets (1997),Comedy|Drama|Romance,0119822,2898.0,1322
1785,King of New York (1990),Crime|Thriller,0099939,9558.0,1323
1791,Twilight (1998),Crime|Drama|Thriller,0119594,26269.0,1324
1792,U.S. Marshals (1998),Action|Crime|Thriller,0120873,11808.0,1325
1793,Welcome to Woop-Woop (1997),Comedy,0120491,6970.0,1326
1794,Love and Death on Long Island (1997),Comedy|Drama,0119574,47452.0,1327
1797,Everest (1998),Documentary|IMAX,0120661,21736.0,1328
1798,Hush (1998),Thriller,0118744,17941.0,1329
1799,Suicide Kings (1997),Comedy|Crime|Drama|Mystery|Thriller,0120241,10668.0,1330
1801,"Man in the Iron Mask, The (1998)",Action|Adventure|Drama,0120744,9313.0,1331
1804,"Newton Boys, The (1998)",Crime|Drama,0120769,42807.0,1332
1805,Wild Things (1998),Crime|Drama|Mystery|Thriller,0120890,617.0,1333
1806,Paulie (1998),Adventure|Children|Comedy,0125454,36568.0,1334
1807,"Cool, Dry Place, A (1998)",Drama,0120642,37272.0,1335
1809,Fireworks (Hana-bi) (1997),Crime|Drama,0119250,5910.0,1336
1810,Primary Colors (1998),Comedy|Drama,0119942,9440.0,1337
1812,Wide Awake (1998),Children|Comedy|Drama,0120510,32911.0,1338
1816,Two Girls and a Guy (1997),Comedy|Drama,0124179,32456.0,1339
1821,"Object of My Affection, The (1998)",Comedy|Romance,0120772,17127.0,1340
1824,Homegrown (1998),Comedy|Thriller,0119305,17133.0,1341
1825,The Players Club (1998),Comedy|Drama,0119905,19848.0,1342
1826,Barney's Great Adventure (1998),Adventure|Children,0120598,17644.0,1343
1827,"Big One, The (1997)",Comedy|Documentary,0124295,1774.0,1344
1829,Chinese Box (1997),Drama|Romance,0118851,30265.0,1345
1831,Lost in Space (1998),Action|Adventure|Sci-Fi,0120738,2157.0,1346
1833,Mercury Rising (1998),Action|Drama|Thriller,0120749,8838.0,1347
1834,"Spanish Prisoner, The (1997)",Crime|Drama|Mystery|Thriller,0120176,29193.0,1348
1835,City of Angels (1998),Drama|Fantasy|Romance,0120632,795.0,1349
1836,"Last Days of Disco, The (1998)",Comedy|Drama,0120728,16980.0,1350
1837,"Odd Couple II, The (1998)",Comedy,0120773,27472.0,1351
1839,My Giant (1998),Comedy,0120765,47881.0,1352
1840,He Got Game (1998),Drama,0124718,9469.0,1353
1841,"Gingerbread Man, The (1998)",Drama|Thriller,0119196,12488.0,1354
1844,Live Flesh (Carne trémula) (1997),Drama|Romance,0118819,267.0,1355
1845,Zero Effect (1998),Comedy|Mystery|Thriller,0120906,16148.0,1356
1848,"Borrowers, The (1997)",Adventure|Children|Comedy|Fantasy,0118755,9449.0,1357
1855,Krippendorf's Tribe (1998),Comedy,0120725,31220.0,1358
1856,Kurt & Courtney (1998),Documentary,0138563,13907.0,1359
1857,"Real Blonde, The (1997)",Comedy,0119987,29825.0,1360
1858,Mr. Nice Guy (Yat goh ho yan) (1997),Action|Comedy,0117786,10622.0,1361
1859,Taste of Cherry (Ta'm e guilass) (1997),Drama,0120265,30020.0,1362
1860,Character (Karakter) (1997),Drama,0119448,17139.0,1363
1862,Species II (1998),Horror|Sci-Fi,0120841,10216.0,1364
1863,Major League: Back to the Minors (1998),Comedy,0120742,9771.0,1365
1866,"Big Hit, The (1998)",Action|Comedy|Crime,0120609,9448.0,1366
1867,Tarzan and the Lost City (1998),Action|Adventure,0120856,38618.0,1367
1870,"Dancer, Texas Pop. 81 (1998)",Comedy|Drama,0118925,78373.0,1368
1873,"Misérables, Les (1998)",Crime|Drama|Romance|War,0119683,4415.0,1369
1875,Clockwatchers (1997),Comedy,0118866,55561.0,1370
1876,Deep Impact (1998),Drama|Sci-Fi|Thriller,0120647,8656.0,1371
1881,Quest for Camelot (1998),Adventure|Animation|Children|Fantasy|Musical,0120800,18937.0,1372
1882,Godzilla (1998),Action|Sci-Fi|Thriller,0120685,929.0,1373
1883,Bulworth (1998),Comedy|Drama|Romance,0118798,9452.0,1374
1884,Fear and Loathing in Las Vegas (1998),Adventure|Comedy|Drama,0120669,1878.0,1375
1885,"Opposite of Sex, The (1998)",Comedy|Drama|Romance,0120777,9844.0,1376
1887,Almost Heroes (1998),Adventure|Comedy|Western,0119053,14342.0,1377
1888,Hope Floats (1998),Comedy|Drama|Romance,0119313,9715.0,1378
1889,Insomnia (1997),Drama|Mystery|Thriller,0119375,26610.0,1379
1891,"Ugly, The (1997)",Horror|Thriller,0120401,40961.0,1380
1892,"Perfect Murder, A (1998)",Thriller,0120787,1965.0,1381
1893,Beyond Silence (Jenseits der Stille) (1996),Drama,0116692,312.0,1382
1894,Six Days Seven Nights (1998),Adventure|Comedy|Romance,0120828,6068.0,1383
1895,Can't Hardly Wait (1998),Comedy|Drama|Romance,0127723,15037.0,1384
1897,High Art (1998),Drama|Romance,0139362,37636.0,1385
1900,"Children of Heaven, The (Bacheha-Ye Aseman) (1997)",Comedy|Drama,0118849,21334.0,1386
1902,Dream for an Insomniac (1996),Drama|Romance,0116141,32284.0,1387
1904,Henry Fool (1997),Comedy|Drama,0122529,37410.0,1388
1906,Mr. Jealousy (1997),Comedy|Romance,0119717,53765.0,1389
1907,Mulan (1998),Adventure|Animation|Children|Comedy|Drama|Musical|Romance,0120762,10674.0,1390
1909,"X-Files: Fight the Future, The (1998)",Action|Crime|Mystery|Sci-Fi|Thriller,0120902,846.0,1391
1910,I Went Down (1997),Comedy|Crime|Drama,0126344,12655.0,1392
1911,Dr. Dolittle (1998),Comedy,0118998,3050.0,1393
1912,Out of Sight (1998),Comedy|Crime|Drama|Romance|Thriller,0120780,1389.0,1394
1913,Picnic at Hanging Rock (1975),Drama|Mystery,0073540,11020.0,1395
1914,Smoke Signals (1998),Comedy|Drama,0120321,20862.0,1396
1916,Buffalo '66 (a.k.a. Buffalo 66) (1998),Drama|Romance,0118789,9464.0,1397
1917,Armageddon (1998),Action|Romance|Sci-Fi|Thriller,0120591,95.0,1398
1918,Lethal Weapon 4 (1998),Action|Comedy|Crime|Thriller,0122151,944.0,1399
1919,Madeline (1998),Children|Comedy,0123987,35680.0,1400
1920,Small Soldiers (1998),Animation|Children|Fantasy|War,0122718,11551.0,1401
1921,Pi (1998),Drama|Sci-Fi|Thriller,0138704,473.0,1402
1922,Whatever (1998),Drama,0140688,102304.0,1403
1923,There's Something About Mary (1998),Comedy|Romance,0129387,544.0,1404
1924,Plan 9 from Outer Space (1959),Horror|Sci-Fi,0052077,10513.0,1405
1926,"Broadway Melody, The (1929)",Musical,0019729,65203.0,1406
1927,All Quiet on the Western Front (1930),Action|Drama|War,0020629,143.0,1407
1928,Cimarron (1931),Drama|Western,0021746,42861.0,1408
1929,Grand Hotel (1932),Drama|Romance,0022958,33680.0,1409
1931,Mutiny on the Bounty (1935),Adventure|Drama,0026752,12311.0,1410
1932,"Great Ziegfeld, The (1936)",Drama|Musical,0027698,43277.0,1411
1933,"Life of Emile Zola, The (1937)",Drama,0029146,43278.0,1412
1934,You Can't Take It with You (1938),Comedy|Romance,0030993,34106.0,1413
1936,Mrs. Miniver (1942),Drama|War,0035093,27367.0,1414
1937,Going My Way (1944),Comedy|Drama|Musical,0036872,17661.0,1415
1938,"Lost Weekend, The (1945)",Drama,0037884,28580.0,1416
1939,"Best Years of Our Lives, The (1946)",Drama|War,0036868,887.0,1417
1940,Gentleman's Agreement (1947),Drama,0039416,33667.0,1418
1941,Hamlet (1948),Drama,0040416,23383.0,1419
1942,All the King's Men (1949),Drama,0041113,25430.0,1420
1944,From Here to Eternity (1953),Drama|Romance|War,0045793,11426.0,1421
1945,On the Waterfront (1954),Crime|Drama,0047296,654.0,1422
1946,Marty (1955),Drama|Romance,0048356,15919.0,1423
1947,West Side Story (1961),Drama|Musical|Romance,0055614,1725.0,1424
1948,Tom Jones (1963),Adventure|Comedy|Romance,0057590,5769.0,1425
1949,"Man for All Seasons, A (1966)",Drama,0060665,874.0,1426
1950,In the Heat of the Night (1967),Drama|Mystery,0061811,10633.0,1427
1951,Oliver! (1968),Drama|Musical,0063385,17917.0,1428
1952,Midnight Cowboy (1969),Drama,0064665,3116.0,1429
1953,"French Connection, The (1971)",Action|Crime|Thriller,0067116,1051.0,1430
1954,Rocky (1976),Drama,0075148,1366.0,1431
1955,Kramer vs. Kramer (1979),Drama,0079417,12102.0,1432
1956,Ordinary People (1980),Drama,0081283,16619.0,1433
1957,Chariots of Fire (1981),Drama,0082158,9443.0,1434
1958,Terms of Endearment (1983),Comedy|Drama,0086425,11050.0,1435
1959,Out of Africa (1985),Drama|Romance,0089755,606.0,1436
1960,"Last Emperor, The (1987)",Drama,0093389,746.0,1437
1961,Rain Man (1988),Drama,0095953,380.0,1438
1962,Driving Miss Daisy (1989),Drama,0097239,403.0,1439
1963,Take the Money and Run (1969),Comedy|Crime,0065063,11485.0,1440
1964,Klute (1971),Drama|Mystery,0067309,466.0,1441
1965,Repo Man (1984),Comedy|Sci-Fi,0087995,13820.0,1442
1966,Metropolitan (1990),Comedy,0100142,15389.0,1443
1967,Labyrinth (1986),Adventure|Fantasy|Musical,0091369,13597.0,1444
1968,"Breakfast Club, The (1985)",Comedy|Drama,0088847,2108.0,1445
1969,"Nightmare on Elm Street 2: Freddy's Revenge, A (1985)",Horror,0089686,10014.0,1446
1970,"Nightmare on Elm Street 3: Dream Warriors, A (1987)",Horror|Thriller,0093629,10072.0,1447
1971,"Nightmare on Elm Street 4: The Dream Master, A (1988)",Horror|Thriller,0095742,10131.0,1448
1972,"Nightmare on Elm Street 5: The Dream Child, A (1989)",Horror,0097981,10160.0,1449
1973,"Freddy's Dead: The Final Nightmare (Nightmare on Elm Street Part 6: Freddy's Dead, A) (1991)",Horror,0101917,11284.0,1450
1974,Friday the 13th (1980),Horror|Mystery|Thriller,0080761,4488.0,1451
1975,Friday the 13th Part 2 (1981),Horror,0082418,9725.0,1452
1976,Friday the 13th Part 3: 3D (1982),Horror,0083972,9728.0,1453
1977,Friday the 13th Part IV: The Final Chapter (1984),Horror,0087298,9730.0,1454
1978,Friday the 13th Part V: A New Beginning (1985),Horror,0089173,9731.0,1455
1979,Friday the 13th Part VI: Jason Lives (1986),Horror,0091080,10225.0,1456
1980,Friday the 13th Part VII: The New Blood (1988),Horror,0095179,10281.0,1457
1981,Friday the 13th Part VIII: Jason Takes Manhattan (1989),Horror,0097388,10283.0,1458
1982,Halloween (1978),Horror,0077651,948.0,1459
1983,Halloween II (1981),Horror,0082495,11281.0,1460
1984,Halloween III: Season of the Witch (1982),Horror,0085636,10676.0,1461
1985,Halloween 4: The Return of Michael Myers (1988),Horror,0095271,11357.0,1462
1986,Halloween 5: The Revenge of Michael Myers (1989),Horror,0097474,11361.0,1463
1987,Prom Night (1980),Horror,0081383,36599.0,1464
1990,Prom Night IV: Deliver Us From Evil (1992),Horror,0105179,41769.0,1465
1991,Child's Play (1988),Horror|Thriller,0094862,10585.0,1466
1992,Child's Play 2 (1990),Horror|Thriller,0099253,11186.0,1467
1993,Child's Play 3 (1991),Comedy|Horror|Thriller,0103956,11187.0,1468
1994,Poltergeist (1982),Horror|Thriller,0084516,609.0,1469
1995,Poltergeist II: The Other Side (1986),Horror|Thriller,0091778,11133.0,1470
1996,Poltergeist III (1988),Horror|Thriller,0095889,10306.0,1471
1997,"Exorcist, The (1973)",Horror|Mystery,0070047,9552.0,1472
1998,Exorcist II: The Heretic (1977),Horror,0076009,11586.0,1473
1999,"Exorcist III, The (1990)",Horror,0099528,11587.0,1474
2000,Lethal Weapon (1987),Action|Comedy|Crime|Drama,0093409,941.0,1475
2001,Lethal Weapon 2 (1989),Action|Comedy|Crime|Drama,0097733,942.0,1476
2002,Lethal Weapon 3 (1992),Action|Comedy|Crime|Drama,0104714,943.0,1477
2003,Gremlins (1984),Comedy|Horror,0087363,927.0,1478
2004,Gremlins 2: The New Batch (1990),Comedy|Horror,0099700,928.0,1479
2005,"Goonies, The (1985)",Action|Adventure|Children|Comedy|Fantasy,0089218,9340.0,1480
2006,"Mask of Zorro, The (1998)",Action|Comedy|Romance,0120746,9342.0,1481
2007,Polish Wedding (1998),Comedy,0119910,38509.0,1482
2008,"This World, Then the Fireworks (1997)",Crime|Drama|Film-Noir,0117898,60033.0,1483
2009,Soylent Green (1973),Drama|Mystery|Sci-Fi|Thriller,0070723,12101.0,1484
2010,Metropolis (1927),Drama|Sci-Fi,0017136,19.0,1485
2011,Back to the Future Part II (1989),Adventure|Comedy|Sci-Fi,0096874,165.0,1486
2012,Back to the Future Part III (1990),Adventure|Comedy|Sci-Fi|Western,0099088,196.0,1487
2013,"Poseidon Adventure, The (1972)",Action|Adventure|Drama,0069113,551.0,1488
2014,Freaky Friday (1977),Children|Comedy|Fantasy,0076054,16084.0,1489
2015,"Absent-Minded Professor, The (1961)",Children|Comedy|Fantasy,0054594,17984.0,1490
2016,"Apple Dumpling Gang Rides Again, The (1979)",Children|Comedy|Western,0078790,22328.0,1491
2017,Babes in Toyland (1961),Children|Fantasy|Musical,0054649,32611.0,1492
2018,Bambi (1942),Animation|Children|Drama,0034492,3170.0,1493
2019,Seven Samurai (Shichinin no samurai) (1954),Action|Adventure|Drama,0047478,346.0,1494
2020,Dangerous Liaisons (1988),Drama|Romance,0094947,859.0,1495
2021,Dune (1984),Adventure|Sci-Fi,0087182,841.0,1496
2022,"Last Temptation of Christ, The (1988)",Drama,0095497,11051.0,1497
2023,"Godfather: Part III, The (1990)",Crime|Drama|Mystery|Thriller,0099674,242.0,1498
2024,"Rapture, The (1991)",Drama|Mystery,0102757,1411.0,1499
2025,Lolita (1997),Drama|Romance,0119558,9769.0,1500
2026,Disturbing Behavior (1998),Horror|Thriller,0134619,9424.0,1501
2027,Jane Austen's Mafia! (1998),Comedy|Crime,0120741,9835.0,1502
2028,Saving Private Ryan (1998),Action|Drama|War,0120815,857.0,1503
2032,"Barefoot Executive, The (1971)",Children|Comedy,0066811,20173.0,1504
2033,"Black Cauldron, The (1985)",Adventure|Animation|Children|Fantasy,0088814,10957.0,1505
2034,"Black Hole, The (1979)",Children|Sci-Fi,0078869,9570.0,1506
2035,Blackbeard's Ghost (1968),Children|Comedy,0062737,16249.0,1507
2036,Blank Check (1994),Children|Comedy,0109287,13962.0,1508
2037,Candleshoe (1977),Adventure|Children|Comedy,0075807,14612.0,1509
2038,"Cat from Outer Space, The (1978)",Children|Comedy|Sci-Fi,0077305,19378.0,1510
2040,"Computer Wore Tennis Shoes, The (1969)",Children|Comedy,0065566,29228.0,1511
2041,Condorman (1981),Action|Adventure|Children|Comedy,0082199,19379.0,1512
2042,D2: The Mighty Ducks (1994),Children|Comedy,0109520,11164.0,1513
2043,Darby O'Gill and the Little People (1959),Adventure|Children|Fantasy,0052722,18887.0,1514
2044,"Devil and Max Devlin, The (1981)",Comedy|Fantasy,0082263,40866.0,1515
2046,Flight of the Navigator (1986),Adventure|Children|Sci-Fi,0091059,10122.0,1516
2048,"Great Mouse Detective, The (1986)",Action|Animation|Children|Crime,0091149,9994.0,1517
2050,Herbie Goes Bananas (1980),Adventure|Children|Comedy,0080861,12129.0,1518
2051,Herbie Goes to Monte Carlo (1977),Adventure|Children|Comedy,0076137,14140.0,1519
2052,Hocus Pocus (1993),Children|Comedy|Fantasy|Horror,0107120,10439.0,1520
2053,"Honey, I Blew Up the Kid (1992)",Children|Comedy|Sci-Fi,0104437,11158.0,1521
2054,"Honey, I Shrunk the Kids (1989)",Adventure|Children|Comedy|Fantasy|Sci-Fi,0097523,9354.0,1522
2055,Hot Lead and Cold Feet (1978),Action|Comedy|Western,0077698,28736.0,1523
2056,In Search of the Castaways (1962),Adventure|Children,0056095,34774.0,1524
2057,"Incredible Journey, The (1963)",Adventure|Children,0057180,37969.0,1525
2058,"Negotiator, The (1998)",Action|Crime|Drama|Mystery|Thriller,0120768,9631.0,1526
2059,"Parent Trap, The (1998)",Children|Comedy|Romance,0120783,9820.0,1527
2060,BASEketball (1998),Comedy,0131857,14013.0,1528
2064,Roger & Me (1989),Documentary,0098213,1779.0,1529
2065,"Purple Rose of Cairo, The (1985)",Comedy|Drama|Fantasy|Romance,0089853,10849.0,1530
2066,Out of the Past (1947),Film-Noir,0039689,678.0,1531
2067,Doctor Zhivago (1965),Drama|Romance|War,0059113,907.0,1532
2068,Fanny and Alexander (Fanny och Alexander) (1982),Drama|Fantasy|Mystery,0083922,5961.0,1533
2069,"Trip to Bountiful, The (1985)",Drama,0090203,47908.0,1534
2070,Tender Mercies (1983),Drama|Romance|Western,0086423,42121.0,1535
2071,And the Band Played On (1993),Drama,0106273,2887.0,1536
2072,"'burbs, The (1989)",Comedy,0096734,11974.0,1537
2073,Fandango (1985),Comedy,0089126,20348.0,1538
2074,"Night Porter, The (Portiere di notte, Il) (1974)",Crime|Drama|Romance,0071910,26648.0,1539
2075,Mephisto (1981),Drama|War,0082736,11911.0,1540
2076,Blue Velvet (1986),Drama|Mystery|Thriller,0090756,793.0,1541
2077,"Journey of Natty Gann, The (1985)",Adventure|Children,0089385,35144.0,1542
2078,"Jungle Book, The (1967)",Animation|Children|Comedy|Musical,0061852,9325.0,1543
2080,Lady and the Tramp (1955),Animation|Children|Comedy|Romance,0048280,10340.0,1544
2081,"Little Mermaid, The (1989)",Animation|Children|Comedy|Musical|Romance,0097757,10144.0,1545
2082,"Mighty Ducks, The (1992)",Children|Comedy,0104868,10414.0,1546
2083,"Muppet Christmas Carol, The (1992)",Children|Comedy|Musical,0104940,10437.0,1547
2084,Newsies (1992),Children|Musical,0104990,15300.0,1548
2085,101 Dalmatians (One Hundred and One Dalmatians) (1961),Adventure|Animation|Children,0055254,12230.0,1549
2087,Peter Pan (1953),Animation|Children|Fantasy|Musical,0046183,10693.0,1550
2088,Popeye (1980),Adventure|Comedy|Musical,0081353,11335.0,1551
2089,"Rescuers Down Under, The (1990)",Adventure|Animation|Children,0100477,11135.0,1552
2090,"Rescuers, The (1977)",Adventure|Animation|Children|Crime|Drama,0076618,11319.0,1553
2091,Return from Witch Mountain (1978),Children|Sci-Fi,0078158,14822.0,1554
2092,"Return of Jafar, The (1994)",Adventure|Animation|Children|Fantasy|Musical|Romance,0107952,15969.0,1555
2093,Return to Oz (1985),Adventure|Children|Fantasy,0089908,13155.0,1556
2094,"Rocketeer, The (1991)",Action|Adventure|Sci-Fi,0102803,10249.0,1557
2095,"Shaggy D.A., The (1976)",Children|Comedy,0075200,15943.0,1558
2096,Sleeping Beauty (1959),Animation|Children|Musical,0053285,10882.0,1559
2097,Something Wicked This Way Comes (1983),Children|Drama|Fantasy|Mystery|Thriller,0086336,24808.0,1560
2098,Son of Flubber (1963),Children|Comedy,0057518,19762.0,1561
2099,Song of the South (1946),Adventure|Animation|Children|Musical,0038969,13850.0,1562
2100,Splash (1984),Comedy|Fantasy|Romance,0088161,2619.0,1563
2102,Steamboat Willie (1928),Animation|Children|Comedy|Musical,0019422,53565.0,1564
2103,Tall Tale (1995),Adventure|Children|Fantasy|Western,0111359,41841.0,1565
2104,Tex (1982),Drama,0084783,27332.0,1566
2105,Tron (1982),Action|Adventure|Sci-Fi,0084827,97.0,1567
2106,Swing Kids (1993),Drama|War,0108265,10419.0,1568
2107,Halloween H20: 20 Years Later (Halloween 7: The Revenge of Laurie Strode) (1998),Horror|Thriller,0120694,11675.0,1569
2108,L.A. Story (1991),Comedy|Romance,0102250,2107.0,1570
2109,"Jerk, The (1979)",Comedy,0079367,6471.0,1571
2110,Dead Men Don't Wear Plaid (1982),Comedy|Crime|Thriller,0083798,9442.0,1572
2111,"Man with Two Brains, The (1983)",Comedy,0085894,11591.0,1573
2112,Grand Canyon (1991),Crime|Drama,0101969,13697.0,1574
2114,"Outsiders, The (1983)",Drama,0086066,227.0,1575
2115,Indiana Jones and the Temple of Doom (1984),Action|Adventure|Fantasy,0087469,87.0,1576
2116,"Lord of the Rings, The (1978)",Adventure|Animation|Children|Fantasy,0077869,123.0,1577
2117,1984 (Nineteen Eighty-Four) (1984),Drama|Sci-Fi,0087803,9314.0,1578
2118,"Dead Zone, The (1983)",Thriller,0085407,11336.0,1579
2119,Maximum Overdrive (1986),Horror,0091499,9980.0,1580
2120,Needful Things (1993),Drama|Horror,0107665,10657.0,1581
2121,Cujo (1983),Horror|Thriller,0085382,10489.0,1582
2122,Children of the Corn (1984),Horror|Thriller,0087050,10823.0,1583
2123,All Dogs Go to Heaven (1989),Animation|Children|Comedy|Drama|Fantasy,0096787,11497.0,1584
2124,"Addams Family, The (1991)",Children|Comedy|Fantasy,0101272,2907.0,1585
2125,Ever After: A Cinderella Story (1998),Comedy|Drama|Romance,0120631,9454.0,1586
2126,Snake Eyes (1998),Action|Crime|Mystery|Thriller,0120832,8688.0,1587
2130,Atlantic City (1980),Crime|Drama|Romance,0080388,23954.0,1588
2131,Autumn Sonata (Höstsonaten) (1978),Drama,0077711,12761.0,1589
2132,Who's Afraid of Virginia Woolf? (1966),Drama,0061184,396.0,1590
2133,Adventures in Babysitting (1987),Adventure|Comedy,0092513,14367.0,1591
2134,Weird Science (1985),Comedy|Fantasy|Sci-Fi,0090305,11814.0,1592
2135,Doctor Dolittle (1967),Adventure|Children|Musical,0061584,16081.0,1593
2136,"Nutty Professor, The (1963)",Comedy|Sci-Fi,0057372,18331.0,1594
2137,Charlotte's Web (1973),Animation|Children,0070016,15171.0,1595
2138,Watership Down (1978),Adventure|Animation|Children|Drama|Fantasy,0078480,11837.0,1596
2139,"Secret of NIMH, The (1982)",Adventure|Animation|Children|Drama,0084649,11704.0,1597
2140,"Dark Crystal, The (1982)",Adventure|Fantasy,0083791,11639.0,1598
2141,"American Tail, An (1986)",Adventure|Animation|Children|Comedy,0090633,4978.0,1599
2142,"American Tail: Fievel Goes West, An (1991)",Adventure|Animation|Children|Musical|Western,0101329,10380.0,1600
2143,Legend (1985),Adventure|Fantasy|Romance,0089469,11976.0,1601
2144,Sixteen Candles (1984),Comedy|Romance,0088128,15144.0,1602
2145,Pretty in Pink (1986),Comedy|Drama|Romance,0091790,11522.0,1603
2146,St. Elmo's Fire (1985),Drama|Romance,0090060,11557.0,1604
2147,"Clan of the Cave Bear, The (1986)",Adventure|Drama|Fantasy,0090848,13853.0,1605
2148,House (1986),Comedy|Fantasy|Horror,0091223,11415.0,1606
2149,House II: The Second Story (1987),Comedy|Fantasy|Horror,0093220,37530.0,1607
2150,"Gods Must Be Crazy, The (1980)",Adventure|Comedy,0080801,8393.0,1608
2151,"Gods Must Be Crazy II, The (1989)",Comedy,0097443,11937.0,1609
2152,Air Bud: Golden Receiver (1998),Children|Comedy,0140796,21661.0,1610
2153,"Avengers, The (1998)",Action|Adventure,0118661,9320.0,1611
2154,How Stella Got Her Groove Back (1998),Drama|Romance,0120703,33644.0,1612
2155,"Slums of Beverly Hills, The (1998)",Comedy|Drama,0120831,14662.0,1613
2156,"Best Man, The (Testimone dello sposo, Il) (1998)",Comedy|Drama|Romance,0133413,125124.0,1614
2159,Henry: Portrait of a Serial Killer (1986),Crime|Horror|Thriller,0099763,10692.0,1615
2160,Rosemary's Baby (1968),Drama|Horror|Thriller,0063522,805.0,1616
2161,"NeverEnding Story, The (1984)",Adventure|Children|Fantasy,0088323,34584.0,1617
2162,"NeverEnding Story II: The Next Chapter, The (1990)",Adventure|Children|Fantasy,0100240,34636.0,1618
2163,Attack of the Killer Tomatoes! (1978),Comedy|Horror,0080391,2182.0,1619
2164,Surf Nazis Must Die (1987),Action|Comedy|Drama|Horror,0094077,28070.0,1620
2165,Your Friends and Neighbors (1998),Comedy|Drama,0119517,77469.0,1621
2166,Return to Paradise (1998),Crime|Drama|Romance|Thriller,0124595,10278.0,1622
2167,Blade (1998),Action|Horror|Thriller,0120611,36647.0,1623
2169,Dead Man on Campus (1998),Comedy,0118301,14557.0,1624
2170,Wrongfully Accused (1998),Action|Comedy,0120901,9417.0,1625
2171,Next Stop Wonderland (1998),Comedy|Drama|Romance,0119778,41469.0,1626
2172,"Strike! (a.k.a. All I Wanna Do, The Hairy Bird) (1998)",Comedy|Drama,0120692,19381.0,1627
2174,Beetlejuice (1988),Comedy|Fantasy,0094721,4011.0,1628
2175,Déjà Vu (1997),Drama|Romance,0119033,161795.0,1629
2176,Rope (1948),Crime|Drama|Thriller,0040746,1580.0,1630
2177,Family Plot (1976),Comedy|Thriller,0074512,5854.0,1631
2178,Frenzy (1972),Thriller,0068611,573.0,1632
2179,Topaz (1969),Thriller,0065112,2370.0,1633
2180,Torn Curtain (1966),Thriller,0061107,5780.0,1634
2181,Marnie (1964),Drama|Mystery|Romance|Thriller,0058329,506.0,1635
2182,"Wrong Man, The (1956)",Drama|Film-Noir|Thriller,0051207,22527.0,1636
2183,"Man Who Knew Too Much, The (1956)",Adventure|Drama|Mystery|Thriller,0049470,574.0,1637
2184,"Trouble with Harry, The (1955)",Comedy|Mystery,0048750,11219.0,1638
2185,I Confess (1953),Thriller,0045897,30159.0,1639
2186,Strangers on a Train (1951),Crime|Drama|Film-Noir|Thriller,0044079,845.0,1640
2187,Stage Fright (1950),Mystery|Romance|Thriller,0042994,1978.0,1641
2188,54 (1998),Drama,0120577,3682.0,1642
2190,Why Do Fools Fall In Love? (1998),Drama,0123324,46702.0,1643
2193,Willow (1988),Action|Adventure|Fantasy,0096446,847.0,1644
2194,"Untouchables, The (1987)",Action|Crime|Drama,0094226,117.0,1645
2195,Dirty Work (1998),Comedy,0120654,14577.0,1646
2196,Knock Off (1998),Action,0120724,37498.0,1647
2201,"Paradine Case, The (1947)",Drama,0039694,31667.0,1648
2202,Lifeboat (1944),Drama|War,0037017,13321.0,1649
2203,Shadow of a Doubt (1943),Crime|Drama|Thriller,0036342,21734.0,1650
2204,Saboteur (1942),Mystery|Thriller,0035279,31997.0,1651
2205,Mr. & Mrs. Smith (1941),Comedy|Romance,0033922,24197.0,1652
2206,Suspicion (1941),Film-Noir|Mystery|Thriller,0034248,11462.0,1653
2207,Jamaica Inn (1939),Drama,0031505,31995.0,1654
2208,"Lady Vanishes, The (1938)",Drama|Mystery|Thriller,0030341,940.0,1655
2210,Sabotage (1936),Thriller,0028212,12684.0,1656
2211,Secret Agent (1936),Thriller,0028231,2761.0,1657
2212,"Man Who Knew Too Much, The (1934)",Drama|Thriller,0025452,8208.0,1658
2226,"Ring, The (1927)",Drama,0018328,36056.0,1659
2227,"Lodger: A Story of the London Fog, The (1927)",Crime|Drama|Thriller,0017075,2760.0,1660
2231,Rounders (1998),Drama,0128442,10220.0,1661
2232,Cube (1997),Horror|Mystery|Sci-Fi|Thriller,0123755,431.0,1662
2236,Simon Birch (1998),Drama,0124879,22796.0,1663
2239,Swept Away (Travolti da un insolito destino nell'azzurro mare d'Agosto) (1975),Comedy|Drama,0073817,37916.0,1664
2240,My Bodyguard (1980),Drama,0081207,21873.0,1665
2241,Class (1983),Comedy,0085346,21500.0,1666
2243,Broadcast News (1987),Comedy|Drama|Romance,0092699,12626.0,1667
2244,"Allnighter, The (1987)",Comedy|Romance,0092537,37818.0,1668
2245,Working Girl (1988),Comedy|Drama|Romance,0096463,3525.0,1669
2247,Married to the Mob (1988),Comedy,0095593,2321.0,1670
2248,Say Anything... (1989),Comedy|Drama|Romance,0098258,2028.0,1671
2249,My Blue Heaven (1990),Comedy,0100212,16384.0,1672
2252,Hero (1992),Comedy|Drama,0104412,10699.0,1673
2253,Toys (1992),Comedy|Fantasy,0105629,11597.0,1674
2255,Young Doctors in Love (1982),Comedy,0084938,47947.0,1675
2256,Parasite (1982),Horror|Sci-Fi,0084472,48311.0,1676
2257,No Small Affair (1984),Comedy|Romance,0087810,44772.0,1677
2259,Blame It on Rio (1984),Comedy|Romance,0086973,14347.0,1678
2260,Wisdom (1986),Crime|Drama,0092225,41090.0,1679
2261,One Crazy Summer (1986),Comedy,0091680,18282.0,1680
2262,About Last Night... (1986),Comedy|Drama|Romance,0090583,18169.0,1681
2263,"Seventh Sign, The (1988)",Drama|Fantasy|Thriller,0096073,11082.0,1682
2264,We're No Angels (1989),Comedy|Crime,0098625,5971.0,1683
2265,Nothing But Trouble (1991),Adventure|Comedy,0102558,11933.0,1684
2266,"Butcher's Wife, The (1991)",Comedy|Romance,0101523,20096.0,1685
2267,Mortal Thoughts (1991),Mystery|Thriller,0102469,30815.0,1686
2268,"Few Good Men, A (1992)",Crime|Drama|Thriller,0104257,881.0,1687
2269,Indecent Proposal (1993),Drama|Romance,0107211,4478.0,1688
2271,Permanent Midnight (1998),Drama,0120788,22318.0,1689
2272,One True Thing (1998),Drama,0120776,53113.0,1690
2273,Rush Hour (1998),Action|Comedy|Crime|Thriller,0120812,2109.0,1691
2275,Six-String Samurai (1998),Action|Adventure|Sci-Fi,0118736,24746.0,1692
2278,Ronin (1998),Action|Crime|Thriller,0122690,8195.0,1693
2279,Urban Legend (1998),Horror|Thriller,0146336,9877.0,1694
2280,Clay Pigeons (1998),Crime,0118863,26618.0,1695
2281,Monument Ave. (1998),Action|Crime|Drama,0119802,21132.0,1696
2282,Pecker (1998),Comedy|Drama,0126604,11855.0,1697
2283,"Sheltering Sky, The (1990)",Drama,0100594,24016.0,1698
2286,"Fiendish Plot of Dr. Fu Manchu, The (1980)",Comedy,0080731,3486.0,1699
2287,Them! (1954),Horror|Sci-Fi|Thriller,0047573,11071.0,1700
2288,"Thing, The (1982)",Action|Horror|Sci-Fi|Thriller,0084787,1091.0,1701
2289,"Player, The (1992)",Comedy|Crime|Drama,0105151,10403.0,1702
2290,Stardust Memories (1980),Comedy|Drama,0081554,11337.0,1703
2291,Edward Scissorhands (1990),Drama|Fantasy|Romance,0099487,162.0,1704
2292,Overnight Delivery (1998),Comedy|Romance,0117276,25723.0,1705
2294,Antz (1998),Adventure|Animation|Children|Comedy|Fantasy,0120587,8916.0,1706
2295,"Impostors, The (1998)",Comedy,0120823,28134.0,1707
2296,"Night at the Roxbury, A (1998)",Comedy,0120770,9429.0,1708
2297,What Dreams May Come (1998),Adventure|Drama|Fantasy|Romance,0120889,12159.0,1709
2298,Strangeland (1998),Thriller,0124102,27791.0,1710
2300,"Producers, The (1968)",Comedy,0063462,30197.0,1711
2301,History of the World: Part I (1981),Comedy|Musical,0082517,10156.0,1712
2302,My Cousin Vinny (1992),Comedy,0104952,10377.0,1713
2303,Nashville (1975),Drama|Musical,0073440,3121.0,1714
2304,Love Is the Devil (1998),Drama,0119577,4975.0,1715
2306,Holy Man (1998),Comedy,0120701,9713.0,1716
2307,One Tough Cop (1998),Action|Crime,0122642,134368.0,1717
2310,"Mighty, The (1998)",Drama,0119670,9821.0,1718
2311,2010: The Year We Make Contact (1984),Sci-Fi,0086837,4437.0,1719
2312,Children of a Lesser God (1986),Drama,0090830,1890.0,1720
2313,"Elephant Man, The (1980)",Drama,0080678,1955.0,1721
2314,Beloved (1998),Drama,0120603,39437.0,1722
2315,Bride of Chucky (Child's Play 4) (1998),Comedy|Horror|Thriller,0144120,11932.0,1723
2316,Practical Magic (1998),Drama|Fantasy|Mystery|Romance,0120791,6435.0,1724
2318,Happiness (1998),Comedy|Drama,0147612,10683.0,1725
2320,Apt Pupil (1998),Drama|Thriller,0118636,9445.0,1726
2321,Pleasantville (1998),Comedy|Drama|Fantasy,0120789,2657.0,1727
2322,Soldier (1998),Action|Sci-Fi|War,0120157,9425.0,1728
2323,"Cruise, The (1998)",Documentary,0150230,32326.0,1729
2324,Life Is Beautiful (La Vita è bella) (1997),Comedy|Drama|Romance|War,0118799,637.0,1730
2325,Orgazmo (1997),Comedy,0124819,8675.0,1731
2327,Tales from the Darkside: The Movie (1990),Fantasy|Horror|Thriller,0100740,20701.0,1732
2328,Vampires (1998),Horror|Western,0120877,9945.0,1733
2329,American History X (1998),Crime|Drama,0120586,73.0,1734
2330,Hands on a Hard Body (1996),Comedy|Documentary,0116481,18603.0,1735
2331,Living Out Loud (1998),Comedy|Drama|Romance,0120722,46889.0,1736
2332,Belly (1998),Crime|Drama,0158493,12888.0,1737
2333,Gods and Monsters (1998),Drama,0120684,3033.0,1738
2334,"Siege, The (1998)",Action|Thriller,0133952,9882.0,1739
2335,"Waterboy, The (1998)",Comedy,0120484,10663.0,1740
2336,Elizabeth (1998),Drama,0127536,4518.0,1741
2337,Velvet Goldmine (1998),Drama,0120879,1808.0,1742
2338,I Still Know What You Did Last Summer (1998),Horror|Mystery|Thriller,0130018,3600.0,1743
2339,I'll Be Home For Christmas (1998),Comedy|Romance,0155753,17037.0,1744
2340,Meet Joe Black (1998),Romance,0119643,297.0,1745
2342,Hard Core Logo (1996),Comedy|Drama,0116488,21589.0,1746
2344,Runaway Train (1985),Action|Adventure|Drama|Thriller,0089941,11893.0,1747
2346,"Stepford Wives, The (1975)",Mystery|Sci-Fi|Thriller,0073747,12223.0,1748
2347,"Pope of Greenwich Village, The (1984)",Drama,0087932,32081.0,1749
2348,Sid and Nancy (1986),Drama,0091954,14924.0,1750
2349,Mona Lisa (1986),Comedy|Thriller,0091538,10002.0,1751
2350,Heart Condition (1990),Comedy,0099750,41817.0,1752
2351,"Nights of Cabiria (Notti di Cabiria, Le) (1957)",Drama,0050783,19426.0,1753
2352,"Big Chill, The (1983)",Comedy|Drama,0085244,12560.0,1754
2353,Enemy of the State (1998),Action|Thriller,0120660,9798.0,1755
2354,"Rugrats Movie, The (1998)",Animation|Children|Comedy,0134067,14444.0,1756
2355,"Bug's Life, A (1998)",Adventure|Animation|Children|Comedy,0120623,9487.0,1757
2356,Celebrity (1998),Comedy,0120533,9466.0,1758
2357,Central Station (Central do Brasil) (1998),Drama,0140888,666.0,1759
2358,Savior (1998),Drama|War,0120070,2042.0,1760
2359,Waking Ned Devine (a.k.a. Waking Ned) (1998),Comedy,0166396,10162.0,1761
2360,"Celebration, The (Festen) (1998)",Drama,0154420,309.0,1762
2361,Pink Flamingos (1972),Comedy,0069089,692.0,1763
2362,Glen or Glenda (1953),Drama,0045826,24018.0,1764
2363,Godzilla (Gojira) (1954),Drama|Horror|Sci-Fi,0047034,1678.0,1765
2364,"Godzilla 1985: The Legend Is Reborn (Gojira) (Godzilla) (Return of Godzilla, The) (1984)",Action|Horror|Sci-Fi|Thriller,0087344,39256.0,1766
2365,King Kong vs. Godzilla (Kingukongu tai Gojira) (1962),Action|Sci-Fi,0056142,1680.0,1767
2366,King Kong (1933),Action|Adventure|Fantasy|Horror,0024216,244.0,1768
2367,King Kong (1976),Adventure|Fantasy|Romance|Sci-Fi|Thriller,0074751,10730.0,1769
2368,King Kong Lives (1986),Adventure|Sci-Fi,0091344,31947.0,1770
2369,Desperately Seeking Susan (1985),Comedy|Drama|Romance,0089017,8130.0,1771
2370,"Emerald Forest, The (1985)",Action|Adventure|Drama,0089087,11532.0,1772
2371,Fletch (1985),Comedy|Crime|Mystery,0089155,9749.0,1773
2372,Fletch Lives (1989),Comedy,0097366,14628.0,1774
2373,Red Sonja (1985),Action|Adventure|Fantasy,0089893,9626.0,1775
2374,Gung Ho (1986),Comedy|Drama,0091159,13698.0,1776
2375,"Money Pit, The (1986)",Comedy,0091541,10466.0,1777
2376,"View to a Kill, A (1985)",Action|Adventure|Thriller,0090264,707.0,1778
2377,Lifeforce (1985),Horror|Sci-Fi,0089489,11954.0,1779
2378,Police Academy (1984),Comedy|Crime,0087928,9336.0,1780
2379,Police Academy 2: Their First Assignment (1985),Comedy|Crime,0089822,10157.0,1781
2380,Police Academy 3: Back in Training (1986),Comedy|Crime,0091777,12118.0,1782
2381,Police Academy 4: Citizens on Patrol (1987),Comedy|Crime,0093756,10587.0,1783
2382,Police Academy 5: Assignment: Miami Beach (1988),Comedy|Crime,0095882,11825.0,1784
2383,Police Academy 6: City Under Siege (1989),Comedy|Crime,0098105,11895.0,1785
2384,Babe: Pig in the City (1998),Adventure|Children|Drama,0120595,9447.0,1786
2385,Home Fries (1998),Comedy|Romance,0119304,12257.0,1787
2387,Very Bad Things (1998),Comedy|Crime,0124198,10029.0,1788
2388,Steam: The Turkish Bath (Hamam) (1997),Drama|Romance,0119248,27104.0,1789
2389,Psycho (1998),Crime|Horror|Thriller,0155975,11252.0,1790
2390,Little Voice (1998),Comedy,0147004,8545.0,1791
2391,"Simple Plan, A (1998)",Crime|Drama|Thriller,0120324,10223.0,1792
2392,Jack Frost (1998),Children|Comedy|Drama,0141109,9745.0,1793
2393,Star Trek: Insurrection (1998),Action|Drama|Romance|Sci-Fi,0120844,200.0,1794
2394,"Prince of Egypt, The (1998)",Animation|Musical,0120794,9837.0,1795
2395,Rushmore (1998),Comedy|Drama,0128445,11545.0,1796
2396,Shakespeare in Love (1998),Comedy|Drama|Romance,0138097,1934.0,1797
2398,Miracle on 34th Street (1947),Comedy|Drama,0039628,11881.0,1798
2399,Santa Claus: The Movie (1985),Adventure|Children|Fantasy,0089961,13764.0,1799
2400,Prancer (1989),Children|Drama|Fantasy,0098115,24951.0,1800
2401,Pale Rider (1985),Western,0089767,8879.0,1801
2402,Rambo: First Blood Part II (1985),Action|Adventure|Thriller,0089880,1369.0,1802
2403,First Blood (Rambo: First Blood) (1982),Action|Adventure|Drama|Thriller,0083944,1368.0,1803
2404,Rambo III (1988),Action|Adventure|Thriller|War,0095956,1370.0,1804
2405,"Jewel of the Nile, The (1985)",Action|Adventure|Comedy|Romance,0089370,10303.0,1805
2406,Romancing the Stone (1984),Action|Adventure|Comedy|Romance,0088011,9326.0,1806
2407,Cocoon (1985),Comedy|Sci-Fi,0088933,10328.0,1807
2408,Cocoon: The Return (1988),Comedy|Sci-Fi,0094890,11285.0,1808
2409,Rocky II (1979),Action|Drama,0079817,1367.0,1809
2410,Rocky III (1982),Action|Drama,0084602,1371.0,1810
2411,Rocky IV (1985),Action|Drama,0089927,1374.0,1811
2412,Rocky V (1990),Action|Drama,0100507,1375.0,1812
2413,Clue (1985),Comedy|Crime|Mystery|Thriller,0088930,15196.0,1813
2414,Young Sherlock Holmes (1985),Action|Adventure|Children|Fantasy|Mystery|Thriller,0090357,11904.0,1814
2415,Violets Are Blue... (1986),Drama|Romance,0092173,215875.0,1815
2416,Back to School (1986),Comedy,0090685,15596.0,1816
2417,Heartburn (1986),Comedy|Drama,0091188,13818.0,1817
2418,Nothing in Common (1986),Comedy,0091653,29968.0,1818
2419,Extremities (1986),Drama|Thriller,0091024,44326.0,1819
2420,"Karate Kid, The (1984)",Drama,0087538,1885.0,1820
2421,"Karate Kid, Part II, The (1986)",Action|Adventure|Drama,0091326,8856.0,1821
2422,"Karate Kid, Part III, The (1989)",Action|Adventure|Children|Drama,0097647,10495.0,1822
2423,Christmas Vacation (National Lampoon's Christmas Vacation) (1989),Comedy,0097958,5825.0,1823
2424,You've Got Mail (1998),Comedy|Romance,0128853,9489.0,1824
2425,"General, The (1998)",Crime,0120706,16885.0,1825
2427,"Thin Red Line, The (1998)",Action|Drama|War,0120863,8741.0,1826
2428,"Faculty, The (1998)",Horror|Sci-Fi,0133751,9276.0,1827
2429,Mighty Joe Young (1998),Action|Adventure|Drama|Fantasy|Thriller,0120751,9822.0,1828
2430,Mighty Joe Young (1949),Adventure|Children|Drama,0041650,39314.0,1829
2431,Patch Adams (1998),Comedy|Drama,0129290,10312.0,1830
2432,Stepmom (1998),Drama,0120686,9441.0,1831
2433,"Civil Action, A (1998)",Drama,0120633,9422.0,1832
2435,Hurlyburly (1998),Drama,0119336,24525.0,1833
2436,Tea with Mussolini (1999),Comedy|Drama|War,0120857,10368.0,1834
2439,Affliction (1997),Drama,0118564,31662.0,1835
2442,Hilary and Jackie (1998),Drama,0150915,46992.0,1836
2443,Playing by Heart (1998),Drama|Romance,0145734,825.0,1837
2445,At First Sight (1999),Drama,0132512,15556.0,1838
2446,In Dreams (1999),Horror|Thriller,0120710,28902.0,1839
2447,Varsity Blues (1999),Comedy|Drama,0139699,14709.0,1840
2448,Virus (1999),Horror|Sci-Fi,0120458,9423.0,1841
2450,Howard the Duck (1986),Adventure|Comedy|Sci-Fi,0091225,10658.0,1842
2451,"Gate, The (1987)",Horror,0093075,6917.0,1843
2453,"Boy Who Could Fly, The (1986)",Drama|Fantasy,0090768,24086.0,1844
2454,"Fly, The (1958)",Horror|Mystery|Sci-Fi,0051622,11815.0,1845
2455,"Fly, The (1986)",Drama|Horror|Sci-Fi|Thriller,0091064,9426.0,1846
2456,"Fly II, The (1989)",Horror|Sci-Fi,0097368,10344.0,1847
2457,Running Scared (1986),Action|Comedy,0091875,15698.0,1848
2458,Armed and Dangerous (1986),Comedy|Crime,0090660,2620.0,1849
2459,"Texas Chainsaw Massacre, The (1974)",Horror,0072271,30497.0,1850
2460,"Texas Chainsaw Massacre 2, The (1986)",Horror,0092076,16337.0,1851
2462,Texas Chainsaw Massacre: The Next Generation (a.k.a. The Return of the Texas Chainsaw Massacre) (1994),Horror,0110978,16780.0,1852
2463,Ruthless People (1986),Comedy,0091877,12151.0,1853
2465,Deadly Friend (1986),Horror,0090917,33278.0,1854
2467,"Name of the Rose, The (Name der Rose, Der) (1986)",Crime|Drama|Mystery|Thriller,0091605,192.0,1855
2468,Jumpin' Jack Flash (1986),Action|Comedy|Romance|Thriller,0091306,10945.0,1856
2469,Peggy Sue Got Married (1986),Comedy|Drama,0091738,10013.0,1857
2470,Crocodile Dundee (1986),Adventure|Comedy,0090555,9671.0,1858
2471,Crocodile Dundee II (1988),Action|Adventure|Comedy,0092493,9396.0,1859
2472,Tough Guys (1986),Comedy,0092105,11038.0,1860
2473,Soul Man (1986),Comedy,0091991,12278.0,1861
2474,"Color of Money, The (1986)",Drama,0090863,11873.0,1862
2475,52 Pick-Up (1986),Action|Mystery|Thriller,0090567,18588.0,1863
2476,Heartbreak Ridge (1986),Action|War,0091187,10015.0,1864
2477,Firewalker (1986),Adventure,0091055,12715.0,1865
2478,¡Three Amigos! (1986),Comedy|Western,0092086,8388.0,1866
2481,My Name Is Joe (1998),Drama|Romance,0151691,8129.0,1867
2482,Still Crazy (1998),Comedy|Romance,0149151,1618.0,1868
2483,"Day of the Beast, The (Día de la Bestia, El) (1995)",Adventure|Comedy|Thriller,0112922,10722.0,1869
2485,She's All That (1999),Comedy|Romance,0160862,10314.0,1870
2488,Peeping Tom (1960),Drama|Horror|Thriller,0054167,11167.0,1871
2490,Payback (1999),Action|Thriller,0120784,2112.0,1872
2491,Simply Irresistible (1999),Comedy|Romance,0145893,16172.0,1873
2492,20 Dates (1998),Comedy|Romance,0138987,111794.0,1874
2493,"Harmonists, The (1997)",Drama,0128133,9524.0,1875
2494,"Last Days, The (1998)",Documentary,0174852,20595.0,1876
2495,"Fantastic Planet, The (Planète sauvage, La) (1973)",Animation|Sci-Fi,0070544,16306.0,1877
2496,Blast from the Past (1999),Comedy|Romance,0124298,11622.0,1878
2497,Message in a Bottle (1999),Romance,0139462,10207.0,1879
2498,My Favorite Martian (1999),Comedy|Sci-Fi,0120764,9849.0,1880
2500,Jawbreaker (1999),Comedy,0155776,18892.0,1881
2501,October Sky (1999),Drama,0132477,13466.0,1882
2502,Office Space (1999),Comedy|Crime,0151804,1542.0,1883
2503,"Apple, The (Sib) (1998)",Drama,0156901,43978.0,1884
2504,200 Cigarettes (1999),Comedy|Drama,0137338,15256.0,1885
2505,8MM (1999),Drama|Mystery|Thriller,0134273,8224.0,1886
2506,"Other Sister, The (1999)",Comedy|Drama|Romance,0123209,18417.0,1887
2511,"Long Goodbye, The (1973)",Crime|Film-Noir,0070334,1847.0,1888
2512,"Ballad of Narayama, The (Narayama bushiko) (1983)",Drama,0084390,42113.0,1889
2513,Pet Sematary (1989),Horror,0098084,8913.0,1890
2514,Pet Sematary II (1992),Comedy|Horror,0105128,10906.0,1891
2515,Children of the Corn II: The Final Sacrifice (1993),Horror,0106557,25748.0,1892
2516,Children of the Corn III (1994),Horror,0109415,25749.0,1893
2517,Christine (1983),Horror,0085333,8769.0,1894
2518,Night Shift (1982),Comedy,0084412,14742.0,1895
2520,Airport (1970),Drama,0065377,10671.0,1896
2521,Airport 1975 (1974),Action|Drama|Thriller,0071110,27932.0,1897
2522,Airport '77 (1977),Drama,0075648,7227.0,1898
2523,Rollercoaster (1977),Drama|Thriller,0076636,10670.0,1899
2524,"Towering Inferno, The (1974)",Action|Adventure|Drama|Thriller,0072308,5919.0,1900
2525,Alligator (1980),Action|Horror|Sci-Fi,0080354,33518.0,1901
2526,Meteor (1979),Sci-Fi,0079550,40160.0,1902
2527,Westworld (1973),Action|Sci-Fi|Thriller|Western,0070909,2362.0,1903
2528,Logan's Run (1976),Action|Adventure|Sci-Fi,0074812,10803.0,1904
2529,Planet of the Apes (1968),Action|Drama|Sci-Fi,0063442,871.0,1905
2530,Beneath the Planet of the Apes (1970),Action|Sci-Fi,0065462,1685.0,1906
2531,Battle for the Planet of the Apes (1973),Action|Sci-Fi,0069768,1705.0,1907
2532,Conquest of the Planet of the Apes (1972),Action|Sci-Fi,0068408,1688.0,1908
2533,Escape from the Planet of the Apes (1971),Action|Sci-Fi,0067065,1687.0,1909
2534,Avalanche (1978),Action,0077189,166680.0,1910
2535,Earthquake (1974),Action|Drama|Thriller,0071455,11123.0,1911
2537,Beyond the Poseidon Adventure (1979),Adventure,0078856,31638.0,1912
2538,Dancemaker (1998),Documentary,0175550,113286.0,1913
2539,Analyze This (1999),Comedy,0122933,9535.0,1914
2540,"Corruptor, The (1999)",Action|Crime|Drama|Thriller,0142192,9455.0,1915
2541,Cruel Intentions (1999),Drama,0139134,796.0,1916
2542,"Lock, Stock & Two Smoking Barrels (1998)",Comedy|Crime|Thriller,0120735,100.0,1917
2544,"School of Flesh, The (École de la chair, L') (1998)",Drama|Romance,0157208,77936.0,1918
2546,"Deep End of the Ocean, The (1999)",Drama,0120646,30943.0,1919
2548,"Rage: Carrie 2, The (1999)",Horror,0144814,7341.0,1920
2549,Wing Commander (1999),Action|Sci-Fi,0131646,10350.0,1921
2550,"Haunting, The (1963)",Horror|Thriller,0057129,11772.0,1922
2551,Dead Ringers (1988),Drama|Horror|Thriller,0094964,9540.0,1923
2552,My Boyfriend's Back (1993),Comedy,0107626,31503.0,1924
2553,Village of the Damned (1960),Horror|Sci-Fi|Thriller,0054443,11773.0,1925
2554,Children of the Damned (1963),Horror|Sci-Fi|Thriller,0056931,30202.0,1926
2555,Baby Geniuses (1999),Comedy,0118665,22345.0,1927
2557,I Stand Alone (Seul contre tous) (1998),Drama|Thriller,0157016,1567.0,1928
2558,Forces of Nature (1999),Comedy|Romance,0141098,1641.0,1929
2559,"King and I, The (1999)",Animation|Children,0160429,47288.0,1930
2560,Ravenous (1999),Horror|Thriller,0129332,10212.0,1931
2561,True Crime (1999),Crime|Thriller,0139668,10354.0,1932
2563,Dangerous Beauty (1998),Drama,0118892,8583.0,1933
2565,"King and I, The (1956)",Drama|Musical|Romance,0049408,16520.0,1934
2566,Doug's 1st Movie (1999),Animation|Children,0187819,16508.0,1935
2567,EDtv (1999),Comedy,0131369,11374.0,1936
2568,"Mod Squad, The (1999)",Action|Crime,0120757,16379.0,1937
2570,"Walk on the Moon, A (1999)",Drama|Romance,0120613,28029.0,1938
2571,"Matrix, The (1999)",Action|Sci-Fi|Thriller,0133093,603.0,1939
2572,10 Things I Hate About You (1999),Comedy|Romance,0147800,4951.0,1940
2573,Tango (1998),Drama|Musical,0120274,65749.0,1941
2574,"Out-of-Towners, The (1999)",Comedy,0129280,8970.0,1942
2575,"Dreamlife of Angels, The (Vie rêvée des anges, La) (1998)",Drama,0120449,9840.0,1943
2577,Metroland (1997),Comedy|Drama,0119665,30950.0,1944
2579,Following (1998),Crime|Mystery|Thriller,0154506,11660.0,1945
2580,Go (1999),Comedy|Crime,0139239,9430.0,1946
2581,Never Been Kissed (1999),Comedy|Romance,0151738,11355.0,1947
2582,Twin Dragons (Shuang long hui) (1992),Action|Comedy,0105399,18764.0,1948
2583,Cookie's Fortune (1999),Comedy|Drama,0126250,9465.0,1949
2585,"Lovers of the Arctic Circle, The (Los Amantes del Círculo Polar) (1998)",Drama|Romance,0133363,1414.0,1950
2586,Goodbye Lover (1999),Comedy|Crime|Thriller,0119219,49981.0,1951
2587,Life (1999),Comedy|Crime|Drama,0123964,6522.0,1952
2589,Friends & Lovers (1999),Comedy|Drama|Romance,0143261,114719.0,1953
2590,Hideous Kinky (1998),Drama,0136244,10209.0,1954
2593,"Monster, The (Mostro, Il) (1994)",Comedy,0110570,22826.0,1955
2594,Open Your Eyes (Abre los ojos) (1997),Drama|Romance|Sci-Fi|Thriller,0125659,1902.0,1956
2596,SLC Punk! (1998),Comedy|Drama,0133189,6396.0,1957
2597,Lost & Found (1999),Comedy|Romance,0120836,39964.0,1958
2598,Pushing Tin (1999),Comedy,0120797,12596.0,1959
2599,Election (1999),Comedy,0126886,9451.0,1960
2600,eXistenZ (1999),Action|Sci-Fi|Thriller,0120907,1946.0,1961
2605,Entrapment (1999),Crime|Thriller,0137494,1844.0,1962
2606,Idle Hands (1999),Comedy|Horror,0138510,6552.0,1963
2607,Get Real (1998),Drama|Romance,0162973,24584.0,1964
2609,"King of Masks, The (Bian Lian) (1996)",Drama,0115669,25471.0,1965
2611,"Winslow Boy, The (1999)",Drama,0155388,28519.0,1966
2612,Mildred Pierce (1945),Drama|Film-Noir,0037913,3309.0,1967
2613,Night of the Comet (1984),Comedy|Horror|Sci-Fi,0087799,18462.0,1968
2614,Chopping Mall (a.k.a. Killbots) (1986),Action|Horror|Sci-Fi,0090837,28941.0,1969
2615,My Science Project (1985),Adventure|Sci-Fi,0089652,18252.0,1970
2616,Dick Tracy (1990),Action|Crime,0099422,8592.0,1971
2617,"Mummy, The (1999)",Action|Adventure|Comedy|Fantasy|Horror|Thriller,0120616,564.0,1972
2618,"Castle, The (1997)",Comedy,0118826,13852.0,1973
2620,This Is My Father (1998),Drama|Romance,0120865,25232.0,1974
2622,William Shakespeare's A Midsummer Night's Dream (1999),Comedy|Fantasy,0140379,10210.0,1975
2623,Trippin' (1999),Comedy,0160298,53862.0,1976
2624,After Life (Wandafuru raifu) (1998),Drama|Fantasy,0165078,17962.0,1977
2625,Black Mask (Hak hap) (1996),Action|Adventure|Crime|Sci-Fi|Thriller,0115693,9460.0,1978
2628,Star Wars: Episode I - The Phantom Menace (1999),Action|Adventure|Sci-Fi,0120915,1893.0,1979
2629,"Love Letter, The (1999)",Comedy|Romance,0166252,31342.0,1980
2630,Besieged (a.k.a. L' Assedio) (1998),Drama,0149723,44297.0,1981
2632,"Saragossa Manuscript, The (Rekopis znaleziony w Saragossie) (1965)",Adventure|Drama|Mystery,0059643,8785.0,1982
2633,"Mummy, The (1932)",Horror|Romance,0023245,15849.0,1983
2634,"Mummy, The (1959)",Horror,0053085,18990.0,1984
2639,Mommie Dearest (1981),Drama,0082766,15660.0,1985
2640,Superman (1978),Action|Adventure|Sci-Fi,0078346,1924.0,1986
2641,Superman II (1980),Action|Sci-Fi,0081573,8536.0,1987
2642,Superman III (1983),Action|Adventure|Sci-Fi,0086393,9531.0,1988
2643,Superman IV: The Quest for Peace (1987),Action|Adventure|Sci-Fi,0094074,11411.0,1989
2644,Dracula (1931),Horror,0021814,138.0,1990
2648,Frankenstein (1931),Drama|Horror|Sci-Fi,0021884,3035.0,1991
2651,Frankenstein Meets the Wolf Man (1943),Horror,0035899,3076.0,1992
2652,"Curse of Frankenstein, The (1957)",Horror,0050280,3079.0,1993
2654,"Wolf Man, The (1941)",Drama|Fantasy|Horror,0034398,13666.0,1994
2655,Howling II: Your Sister Is a Werewolf (1985),Horror,0089308,29794.0,1995
2656,Tarantula (1955),Horror|Sci-Fi,0048696,9077.0,1996
2657,"Rocky Horror Picture Show, The (1975)",Comedy|Horror|Musical|Sci-Fi,0073629,36685.0,1997
2659,It Came from Hollywood (1982),Comedy|Documentary,0084156,30168.0,1998
2660,"Thing from Another World, The (1951)",Horror|Sci-Fi,0044121,10785.0,1999
2661,It Came from Outer Space (1953),Sci-Fi,0045920,19483.0,2000
2662,"War of the Worlds, The (1953)",Action|Drama|Sci-Fi,0046534,8974.0,2001
2664,Invasion of the Body Snatchers (1956),Horror|Sci-Fi|Thriller,0049366,11549.0,2002
2665,Earth vs. the Flying Saucers (1956),Sci-Fi,0049169,18158.0,2003
2668,Swamp Thing (1982),Horror|Sci-Fi,0084745,17918.0,2004
2669,Pork Chop Hill (1959),War,0053183,37305.0,2005
2670,Run Silent Run Deep (1958),War,0052151,18784.0,2006
2671,Notting Hill (1999),Comedy|Romance,0125439,509.0,2007
2672,"Thirteenth Floor, The (1999)",Drama|Sci-Fi|Thriller,0139809,1090.0,2008
2674,"Loss of Sexual Innocence, The (1999)",Drama|Fantasy,0126859,15059.0,2009
2676,Instinct (1999),Drama|Thriller,0128278,12117.0,2010
2677,Buena Vista Social Club (1999),Documentary|Musical,0186508,11779.0,2011
2681,Free Enterprise (1998),Comedy|Romance|Sci-Fi,0141105,13533.0,2012
2682,Limbo (1999),Drama,0164085,62676.0,2013
2683,Austin Powers: The Spy Who Shagged Me (1999),Action|Adventure|Comedy,0145660,817.0,2014
2686,"Red Violin, The (Violon rouge, Le) (1998)",Drama|Mystery,0120802,14283.0,2015
2687,Tarzan (1999),Adventure|Animation|Children|Drama,0120855,37135.0,2016
2688,"General's Daughter, The (1999)",Crime|Drama|Mystery|Thriller,0144214,2275.0,2017
2690,"Ideal Husband, An (1999)",Comedy|Romance,0122541,24137.0,2018
2691,"Legend of 1900, The (a.k.a. The Legend of the Pianist on the Ocean) (Leggenda del pianista sull'oceano) (1998)",Drama,0120731,10376.0,2019
2692,Run Lola Run (Lola rennt) (1998),Action|Crime,0130827,104.0,2020
2693,Trekkies (1997),Documentary,0120370,15800.0,2021
2694,Big Daddy (1999),Comedy,0142342,9032.0,2022
2695,"Boys, The (1998)",Drama,0139898,13821.0,2023
2696,"Dinner Game, The (Dîner de cons, Le) (1998)",Comedy,0119038,9421.0,2024
2697,My Son the Fanatic (1997),Comedy|Drama|Romance,0119743,55955.0,2025
2698,Zone 39 (1997),Sci-Fi,0120554,67067.0,2026
2699,Arachnophobia (1990),Comedy|Horror,0099052,6488.0,2027
2700,"South Park: Bigger, Longer and Uncut (1999)",Animation|Comedy|Musical,0158983,9473.0,2028
2701,Wild Wild West (1999),Action|Comedy|Sci-Fi|Western,0120891,8487.0,2029
2702,Summer of Sam (1999),Drama,0162677,10279.0,2030
2706,American Pie (1999),Comedy|Romance,0163651,2105.0,2031
2707,Arlington Road (1999),Thriller,0137363,1073.0,2032
2708,"Autumn Tale, An (Conte d'automne) (1998)",Romance,0137439,10239.0,2033
2709,Muppets From Space (1999),Children|Comedy,0158811,10208.0,2034
2710,"Blair Witch Project, The (1999)",Drama|Horror|Thriller,0185937,2667.0,2035
2712,Eyes Wide Shut (1999),Drama|Mystery|Thriller,0120663,345.0,2036
2713,Lake Placid (1999),Horror|Thriller,0139414,9825.0,2037
2716,Ghostbusters (a.k.a. Ghost Busters) (1984),Action|Comedy|Sci-Fi,0087332,620.0,2038
2717,Ghostbusters II (1989),Comedy|Fantasy|Sci-Fi,0097428,2978.0,2039
2718,Drop Dead Gorgeous (1999),Comedy,0157503,10490.0,2040
2719,"Haunting, The (1999)",Horror|Thriller,0171363,11618.0,2041
2720,Inspector Gadget (1999),Action|Adventure|Children|Comedy,0141369,332.0,2042
2722,Deep Blue Sea (1999),Action|Horror|Sci-Fi|Thriller,0149261,8914.0,2043
2723,Mystery Men (1999),Action|Comedy|Fantasy,0132347,9824.0,2044
2724,Runaway Bride (1999),Comedy|Romance,0163187,4806.0,2045
2725,Twin Falls Idaho (1999),Drama,0162830,33430.0,2046
2726,"Killing, The (1956)",Crime|Film-Noir,0049406,247.0,2047
2727,Killer's Kiss (1955),Crime|Film-Noir,0048254,10056.0,2048
2728,Spartacus (1960),Action|Drama|Romance|War,0054331,967.0,2049
2729,Lolita (1962),Drama|Romance,0056193,802.0,2050
2730,Barry Lyndon (1975),Drama|Romance|War,0072684,3175.0,2051
2731,"400 Blows, The (Les quatre cents coups) (1959)",Crime|Drama,0053198,147.0,2052
2732,Jules and Jim (Jules et Jim) (1961),Drama|Romance,0055032,1628.0,2053
2733,Vibes (1988),Adventure|Comedy|Romance,0096378,21185.0,2054
2734,"Mosquito Coast, The (1986)",Adventure|Drama|Thriller,0091557,11120.0,2055
2735,"Golden Child, The (1986)",Action|Adventure|Comedy|Fantasy|Mystery,0091129,10136.0,2056
2736,Brighton Beach Memoirs (1986),Comedy,0090774,32060.0,2057
2737,Assassination (1987),Action|Drama|Thriller,0092585,48686.0,2058
2738,Crimes of the Heart (1986),Comedy|Drama,0090886,48259.0,2059
2739,"Color Purple, The (1985)",Drama,0088939,873.0,2060
2740,"Kindred, The (1986)",Horror|Sci-Fi,0091343,48660.0,2061
2741,No Mercy (1986),Action|Crime|Thriller,0091637,26789.0,2062
2742,Ménage (Tenue de soirée) (1986),Comedy|Drama,0092068,3934.0,2063
2743,Native Son (1986),Drama,0091613,108312.0,2064
2744,Otello (1986),Drama,0091699,198469.0,2065
2745,"Mission, The (1986)",Drama,0091530,11416.0,2066
2746,Little Shop of Horrors (1986),Comedy|Horror|Musical,0091419,10776.0,2067
2747,"Little Shop of Horrors, The (1960)",Comedy|Horror,0054033,24452.0,2068
2748,Allan Quatermain and the Lost City of Gold (1987),Action|Adventure|Comedy,0092534,9710.0,2069
2749,"Morning After, The (1986)",Drama|Mystery,0091554,31924.0,2070
2750,Radio Days (1987),Comedy|Drama,0093818,30890.0,2071
2751,From the Hip (1987),Comedy|Drama,0093051,24081.0,2072
2752,Outrageous Fortune (1987),Comedy|Mystery,0093690,20242.0,2073
2754,Deadtime Stories (1987),Horror,0092850,66194.0,2074
2757,Frances (1982),Drama,0083967,3526.0,2075
2759,Dick (1999),Comedy,0144168,16406.0,2076
2761,"Iron Giant, The (1999)",Adventure|Animation|Children|Drama|Sci-Fi,0129167,10386.0,2077
2762,"Sixth Sense, The (1999)",Drama|Horror|Mystery,0167404,745.0,2078
2763,"Thomas Crown Affair, The (1999)",Action|Mystery,0155267,913.0,2079
2764,"Thomas Crown Affair, The (1968)",Crime|Drama|Romance|Thriller,0063688,912.0,2080
2765,"Acid House, The (1998)",Comedy|Drama,0122515,12229.0,2081
2766,"Adventures of Sebastian Cole, The (1998)",Comedy|Drama,0168449,67323.0,2082
2769,"Yards, The (2000)",Crime|Drama,0138946,19457.0,2083
2770,Bowfinger (1999),Comedy,0131325,11353.0,2084
2771,Brokedown Palace (1999),Drama,0120620,17707.0,2085
2772,Detroit Rock City (1999),Comedy,0165710,9781.0,2086
2774,Better Than Chocolate (1999),Comedy|Romance,0168987,18212.0,2087
2775,Head On (1998),Drama,0138487,13817.0,2088
2779,Heaven Can Wait (1978),Comedy,0077663,12185.0,2089
2782,Pit and the Pendulum (1961),Horror,0055304,28501.0,2090
2784,"Masque of the Red Death, The (1964)",Horror,0058333,25319.0,2091
2786,Haunted Honeymoon (1986),Comedy,0091178,24103.0,2092
2787,Cat's Eye (1985),Horror,0088889,10552.0,2093
2788,Monty Python's And Now for Something Completely Different (1971),Comedy,0066765,9267.0,2094
2789,Damien: Omen II (1978),Horror,0077394,10766.0,2095
2790,"Final Conflict, The (a.k.a. Omen III: The Final Conflict) (1981)",Horror|Thriller,0082377,10768.0,2096
2791,Airplane! (1980),Comedy,0080339,813.0,2097
2792,Airplane II: The Sequel (1982),Comedy,0083530,2665.0,2098
2793,"American Werewolf in Paris, An (1997)",Comedy|Horror|Romance|Thriller,0118604,9406.0,2099
2794,European Vacation (aka National Lampoon's European Vacation) (1985),Adventure|Comedy|Romance,0089670,11418.0,2100
2795,National Lampoon's Vacation (1983),Comedy,0085995,11153.0,2101
2796,Funny Farm (1988),Comedy,0095188,14170.0,2102
2797,Big (1988),Comedy|Drama|Fantasy|Romance,0094737,2280.0,2103
2798,Problem Child (1990),Children|Comedy,0100419,11077.0,2104
2799,Problem Child 2 (1991),Comedy,0102719,28597.0,2105
2800,Little Nemo: Adventures in Slumberland (1992),Adventure|Animation|Children|Drama|Fantasy,0104740,22611.0,2106
2801,Oscar and Lucinda (a.k.a. Oscar & Lucinda) (1997),Drama|Romance,0119843,39780.0,2107
2802,Tequila Sunrise (1988),Action|Drama|Romance|Thriller,0096244,10396.0,2108
2803,"Pelican Brief, The (1993)",Crime|Drama|Mystery|Romance|Thriller,0107798,9944.0,2109
2804,"Christmas Story, A (1983)",Children|Comedy,0085334,850.0,2110
2805,Mickey Blue Eyes (1999),Comedy|Romance,0130121,10154.0,2111
2806,Teaching Mrs. Tingle (1999),Comedy|Thriller,0133046,10342.0,2112
2807,Universal Soldier: The Return (1999),Action|Sci-Fi,0176269,10366.0,2113
2808,Universal Soldier (1992),Action|Sci-Fi,0105698,9349.0,2114
2810,Perfect Blue (1997),Animation|Horror|Mystery|Thriller,0156887,10494.0,2115
2812,In Too Deep (1999),Action|Thriller,0160401,22314.0,2116
2813,"Source, The (1999)",Documentary,0181833,51679.0,2117
2815,Iron Eagle (1986),Action|War,0091278,11037.0,2118
2816,Iron Eagle II (1988),Action|War,0095382,11955.0,2119
2817,Aces: Iron Eagle III (1992),Action,0103617,2038.0,2120
2818,Iron Eagle IV (1995),Action|War,0113438,28737.0,2121
2819,Three Days of the Condor (3 Days of the Condor) (1975),Drama|Mystery|Romance|Thriller,0073802,11963.0,2122
2820,Hamlet (1964),Drama,0058175,141489.0,2123
2822,Medicine Man (1992),Adventure|Romance,0104839,9096.0,2124
2824,On the Ropes (1999),Documentary|Drama,0181733,113273.0,2125
2826,"13th Warrior, The (1999)",Action|Adventure|Fantasy,0120657,1911.0,2126
2827,"Astronaut's Wife, The (1999)",Horror|Sci-Fi|Thriller,0138304,2900.0,2127
2828,Dudley Do-Right (1999),Children|Comedy,0160236,17709.0,2128
2829,"Muse, The (1999)",Comedy,0164108,37718.0,2129
2835,Chill Factor (1999),Action|Adventure|Comedy|Thriller,0163579,2162.0,2130
2836,Outside Providence (1999),Comedy,0125971,14578.0,2131
2837,Bedrooms & Hallways (1998),Comedy|Romance,0126810,40694.0,2132
2839,West Beirut (West Beyrouth) (1998),Drama,0157183,49184.0,2133
2840,Stigmata (1999),Drama|Thriller,0145531,10307.0,2134
2841,Stir of Echoes (1999),Horror|Mystery|Thriller,0164181,11601.0,2135
2843,"Black Cat, White Cat (Crna macka, beli macor) (1998)",Comedy|Romance,0118843,1075.0,2136
2844,"Minus Man, The (1999)",Drama|Mystery,0151582,21719.0,2137
2846,"Adventures of Milo and Otis, The (Koneko monogatari) (1986)",Adventure|Children|Comedy|Drama,0097050,47951.0,2138
2847,Only Angels Have Wings (1939),Adventure|Drama|Romance,0031762,43832.0,2139
2848,"Othello (Tragedy of Othello: The Moor of Venice, The) (1952)",Drama,0045251,47697.0,2140
2851,Saturn 3 (1980),Adventure|Sci-Fi|Thriller,0081454,,2141
2852,"Soldier's Story, A (1984)",Drama,0088146,26522.0,2142
2856,I Saw What You Did (1965),Thriller,0059297,28295.0,2143
2857,Yellow Submarine (1968),Adventure|Animation|Comedy|Fantasy|Musical,0063823,12105.0,2144
2858,American Beauty (1999),Drama|Romance,0169547,14.0,2145
2859,Stop Making Sense (1984),Documentary|Musical,0088178,24128.0,2146
2860,Blue Streak (1999),Comedy,0181316,11001.0,2147
2861,For Love of the Game (1999),Comedy|Drama,0126916,10390.0,2148
2862,Caligula (1979),Drama,0080491,9453.0,2149
2863,"Hard Day's Night, A (1964)",Adventure|Comedy|Musical,0058182,704.0,2150
2865,Sugar Town (1999),Comedy,0173390,142132.0,2151
2866,"Buddy Holly Story, The (1978)",Drama,0077280,24153.0,2152
2867,Fright Night (1985),Comedy|Horror|Thriller,0089175,11797.0,2153
2868,Fright Night Part II (1988),Horror,0097390,18086.0,2154
2870,Barefoot in the Park (1967),Comedy,0061385,17887.0,2155
2871,Deliverance (1972),Adventure|Drama|Thriller,0068473,10669.0,2156
2872,Excalibur (1981),Adventure|Fantasy,0082348,11527.0,2157
2874,"Pajama Game, The (1957)",Comedy|Musical|Romance,0050814,40867.0,2158
2875,Sommersby (1993),Drama|Mystery|Romance,0108185,1049.0,2159
2876,Thumbelina (1994),Animation|Children|Fantasy,0111419,28032.0,2160
2877,Tommy (1975),Musical,0073812,11326.0,2161
2878,Hell Night (1981),Horror,0082511,28377.0,2162
2879,Armour of God II: Operation Condor (Operation Condor) (Fei ying gai wak) (1991),Action|Adventure|Comedy,0099558,10975.0,2163
2880,Armour of God (Long xiong hu di) (1987),Action|Adventure|Comedy,0091431,10974.0,2164
2881,Double Jeopardy (1999),Action|Crime|Drama|Thriller,0150377,10398.0,2165
2882,Jakob the Liar (1999),Drama,0120716,2290.0,2166
2883,Mumford (1999),Comedy|Drama,0140397,24071.0,2167
2884,Dog Park (1998),Comedy|Romance,0129884,62994.0,2168
2885,Guinevere (1999),Drama|Romance,0160338,60994.0,2169
2886,"Adventures of Elmo in Grouchland, The (1999)",Children|Comedy,0159421,16112.0,2170
2887,Simon Sez (1999),Action|Comedy,0168172,32305.0,2171
2888,Drive Me Crazy (1999),Comedy|Romance,0164114,14429.0,2172
2889,"Mystery, Alaska (1999)",Comedy|Drama,0134618,15198.0,2173
2890,Three Kings (1999),Action|Adventure|Comedy|Drama|War,0120188,6415.0,2174
2891,"Happy, Texas (1999)",Comedy,0162360,24066.0,2175
2892,New Rose Hotel (1998),Action|Drama,0133122,21430.0,2176
2893,Plunkett & MaCleane (1999),Action|Adventure|Drama,0134033,10381.0,2177
2894,Romance (1999),Drama|Romance,0194314,171982.0,2178
2896,Alvarez Kelly (1966),Western,0060095,60285.0,2179
2897,And the Ship Sails On (E la nave va) (1983),Comedy|War,0087188,5622.0,2180
2898,"Dark Half, The (1993)",Horror|Mystery,0106664,10349.0,2181
2899,Gulliver's Travels (1939),Adventure|Animation|Children,0031397,42518.0,2182
2900,Monkey Shines (1988),Horror|Sci-Fi,0095652,29787.0,2183
2901,Phantasm (1979),Horror|Sci-Fi,0079714,9638.0,2184
2902,Psycho II (1983),Horror|Mystery|Thriller,0086154,10576.0,2185
2903,Psycho III (1986),Horror|Thriller,0091799,12662.0,2186
2905,Sanjuro (Tsubaki Sanjûrô) (1962),Action|Adventure|Drama,0056443,11712.0,2187
2906,Random Hearts (1999),Drama|Romance,0156934,12618.0,2188
2907,Superstar (1999),Comedy,0167427,13824.0,2189
2908,Boys Don't Cry (1999),Drama,0171804,226.0,2190
2912,"Limey, The (1999)",Crime|Drama|Thriller,0165854,10388.0,2191
2915,Risky Business (1983),Comedy,0086200,9346.0,2192
2916,Total Recall (1990),Action|Adventure|Sci-Fi|Thriller,0100802,861.0,2193
2917,Body Heat (1981),Crime|Thriller,0082089,14412.0,2194
2918,Ferris Bueller's Day Off (1986),Comedy,0091042,9377.0,2195
2919,"Year of Living Dangerously, The (1982)",Drama|Romance|War,0086617,11541.0,2196
2921,High Plains Drifter (1973),Western,0068699,11901.0,2197
2922,Hang 'Em High (1968),Crime|Drama|Western,0061747,4929.0,2198
2924,Drunken Master (Jui kuen) (1978),Action|Comedy,0080179,11230.0,2199
2925,"Conformist, The (Conformista, Il) (1970)",Drama,0065571,8416.0,2200
2926,Hairspray (1988),Comedy|Drama,0095270,11054.0,2201
2927,Brief Encounter (1946),Drama|Romance,0037558,851.0,2202
2928,"Razor's Edge, The (1984)",Drama,0087980,24453.0,2203
2929,Reds (1981),Drama|Romance,0082979,18254.0,2204
2930,Return with Honor (1998),Documentary,0176093,56235.0,2205
2931,Time of the Gypsies (Dom za vesanje) (1989),Comedy|Crime|Drama|Fantasy,0097223,20123.0,2206
2932,Days of Heaven (1978),Drama,0077405,16642.0,2207
2935,"Lady Eve, The (1941)",Comedy|Romance,0033804,3086.0,2208
2936,Sullivan's Travels (1941),Adventure|Comedy|Romance,0034240,16305.0,2209
2937,"Palm Beach Story, The (1942)",Comedy,0035169,32255.0,2210
2939,Niagara (1953),Drama|Thriller,0046126,19997.0,2211
2940,Gilda (1946),Drama|Film-Noir|Mystery|Romance,0038559,3767.0,2212
2941,South Pacific (1958),Musical|Romance|War,0052225,17352.0,2213
2942,Flashdance (1983),Drama|Romance,0085549,535.0,2214
2943,Indochine (1992),Drama|Romance,0104507,2731.0,2215
2944,"Dirty Dozen, The (1967)",Action|Drama|War,0061578,1654.0,2216
2946,Help! (1965),Comedy|Musical,0059260,14831.0,2217
2947,Goldfinger (1964),Action|Adventure|Thriller,0058150,658.0,2218
2948,From Russia with Love (1963),Action|Adventure|Thriller,0057076,657.0,2219
2949,Dr. No (1962),Action|Adventure|Thriller,0055928,646.0,2220
2950,"Blue Lagoon, The (1980)",Adventure|Drama|Romance,0080453,5689.0,2221
2951,"Fistful of Dollars, A (Per un pugno di dollari) (1964)",Action|Western,0058461,391.0,2222
2952,Sydney (Hard Eight) (1996),Crime|Drama|Thriller,0119256,8052.0,2223
2953,Home Alone 2: Lost in New York (1992),Children|Comedy,0104431,772.0,2224
2956,Someone to Watch Over Me (1987),Action|Crime|Thriller,0094008,31650.0,2225
2959,Fight Club (1999),Action|Crime|Drama|Thriller,0137523,550.0,2226
2961,"Story of Us, The (1999)",Comedy|Drama,0160916,12220.0,2227
2962,Fever Pitch (1997),Comedy|Romance,0119114,1610.0,2228
2964,Julien Donkey-Boy (1999),Drama,0192194,42881.0,2229
2965,"Omega Code, The (1999)",Action,0203408,29064.0,2230
2966,"Straight Story, The (1999)",Adventure|Drama,0166896,404.0,2231
2967,"Bad Seed, The (1956)",Drama|Thriller,0048977,42196.0,2232
2968,Time Bandits (1981),Adventure|Comedy|Fantasy|Sci-Fi,0081633,36819.0,2233
2969,"Man and a Woman, A (Un homme et une femme) (1966)",Drama|Romance,0061138,42726.0,2234
2970,Fitzcarraldo (1982),Adventure|Drama,0083946,9343.0,2235
2971,All That Jazz (1979),Drama|Fantasy|Musical,0078754,16858.0,2236
2972,Red Sorghum (Hong gao liang) (1987),Drama|War,0093206,42006.0,2237
2973,Crimes and Misdemeanors (1989),Comedy|Crime|Drama,0097123,11562.0,2238
2974,Bats (1999),Horror|Thriller,0200469,10496.0,2239
2975,"Best Man, The (1999)",Comedy|Drama,0168501,16162.0,2240
2976,Bringing Out the Dead (1999),Drama,0163988,8649.0,2241
2977,Crazy in Alabama (1999),Comedy|Drama,0142201,31306.0,2242
2978,Three to Tango (1999),Comedy|Romance,0144640,10563.0,2243
2979,Body Shots (1999),Drama,0172627,14484.0,2244
2982,"Guardian, The (1990)",Horror|Thriller,0099710,32043.0,2245
2983,"Ipcress File, The (1965)",Thriller,0059319,15247.0,2246
2984,On Any Sunday (1971),Documentary,0067527,29251.0,2247
2985,RoboCop (1987),Action|Crime|Drama|Sci-Fi|Thriller,0093870,5548.0,2248
2986,RoboCop 2 (1990),Action|Crime|Sci-Fi|Thriller,0100502,5549.0,2249
2987,Who Framed Roger Rabbit? (1988),Adventure|Animation|Children|Comedy|Crime|Fantasy|Mystery,0096438,856.0,2250
2988,Melvin and Howard (1980),Drama,0081150,38772.0,2251
2989,For Your Eyes Only (1981),Action|Adventure|Thriller,0082398,699.0,2252
2990,Licence to Kill (1989),Action|Adventure|Thriller,0097742,709.0,2253
2991,Live and Let Die (1973),Action|Adventure|Thriller,0070328,253.0,2254
2992,Rawhead Rex (1986),Horror|Thriller,0091829,13511.0,2255
2993,Thunderball (1965),Action|Adventure|Thriller,0059800,660.0,2256
2995,House on Haunted Hill (1999),Horror|Thriller,0185371,11377.0,2257
2996,Music of the Heart (1999),Drama,0166943,26149.0,2258
2997,Being John Malkovich (1999),Comedy|Drama|Fantasy,0120601,492.0,2259
3000,Princess Mononoke (Mononoke-hime) (1997),Action|Adventure|Animation|Drama|Fantasy,0119698,128.0,2260
3002,My Best Fiend (Mein liebster Feind) (1999),Documentary,0200849,8672.0,2261
3003,Train of Life (Train de vie) (1998),Comedy|Drama|Romance|War,0170705,8056.0,2262
3004,"Bachelor, The (1999)",Comedy|Romance,0120596,2020.0,2263
3005,"Bone Collector, The (1999)",Thriller,0145681,9481.0,2264
3006,"Insider, The (1999)",Drama|Thriller,0140352,9008.0,2265
3007,American Movie (1999),Documentary,0181288,14242.0,2266
3008,Last Night (1998),Drama|Sci-Fi,0156729,16129.0,2267
3010,Rosetta (1999),Drama,0200071,11489.0,2268
3011,"They Shoot Horses, Don't They? (1969)",Drama,0065088,28145.0,2269
3013,Bride of Re-Animator (1990),Comedy|Horror,0099180,18111.0,2270
3014,Bustin' Loose (1981),Comedy,0082121,31361.0,2271
3015,Coma (1978),Thriller,0077355,11223.0,2272
3016,Creepshow (1982),Horror,0083767,16281.0,2273
3017,Creepshow 2 (1987),Horror,0092796,16288.0,2274
3018,Re-Animator (1985),Comedy|Horror|Sci-Fi,0089885,1694.0,2275
3019,Drugstore Cowboy (1989),Crime|Drama,0097240,476.0,2276
3020,Falling Down (1993),Action|Drama,0106856,37094.0,2277
3021,"Funhouse, The (1981)",Horror,0082427,13555.0,2278
3022,"General, The (1926)",Comedy|War,0017925,961.0,2279
3024,Piranha (1978),Horror|Sci-Fi,0078087,24831.0,2280
3028,"Taming of the Shrew, The (1967)",Comedy,0061407,25560.0,2281
3029,Nighthawks (1981),Action|Drama,0082817,21610.0,2282
3030,Yojimbo (1961),Action|Adventure,0055630,11878.0,2283
3031,Repossessed (1990),Comedy,0100475,11510.0,2284
3032,"Omega Man, The (1971)",Action|Drama|Sci-Fi|Thriller,0067525,11234.0,2285
3033,Spaceballs (1987),Comedy|Sci-Fi,0094012,957.0,2286
3034,Robin Hood (1973),Adventure|Animation|Children|Comedy|Musical,0070608,11886.0,2287
3035,Mister Roberts (1955),Comedy|Drama|War,0048380,37853.0,2288
3036,"Quest for Fire (Guerre du feu, La) (1981)",Adventure|Drama,0082484,62204.0,2289
3037,Little Big Man (1970),Western,0065988,11040.0,2290
3038,"Face in the Crowd, A (1957)",Drama,0050371,21849.0,2291
3039,Trading Places (1983),Comedy,0086465,1621.0,2292
3040,Meatballs (1979),Comedy,0079540,14035.0,2293
3041,Meatballs Part II (1984),Comedy,0087700,40771.0,2294
3042,Meatballs III (1987),Comedy,0093516,40772.0,2295
3043,Meatballs 4 (1992),Comedy,0104837,40773.0,2296
3044,Dead Again (1991),Mystery|Romance|Thriller,0101669,11498.0,2297
3045,Peter's Friends (1992),Comedy|Drama,0105130,11790.0,2298
3046,"Incredibly True Adventure of Two Girls in Love, The (1995)",Comedy|Romance,0113416,29371.0,2299
3048,Under the Rainbow (1981),Comedy,0083254,47941.0,2300
3051,Anywhere But Here (1999),Comedy|Drama,0149691,21349.0,2301
3052,Dogma (1999),Adventure|Comedy|Fantasy,0120655,1832.0,2302
3053,"Messenger: The Story of Joan of Arc, The (1999)",Drama|War,0151137,10047.0,2303
3054,Pokémon: The First Movie (1998),Adventure|Animation|Children|Fantasy|Sci-Fi,0190641,10228.0,2304
3055,Felicia's Journey (1999),Thriller,0165773,47692.0,2305
3056,Oxygen (1999),Crime|Drama|Thriller,0160620,18561.0,2306
3057,Where's Marlowe? (1998),Comedy,0118150,144953.0,2307
3060,"Commitments, The (1991)",Comedy|Drama|Musical,0101605,11663.0,2308
3061,Holiday Inn (1942),Comedy|Musical,0034862,13485.0,2309
3062,"Longest Day, The (1962)",Action|Drama|War,0056197,9289.0,2310
3063,Poison Ivy (1992),Drama|Thriller,0105156,9264.0,2311
3064,Poison Ivy: New Seduction (1997),Drama|Thriller,0119908,18222.0,2312
3066,Tora! Tora! Tora! (1970),Action|Drama|War,0066473,11165.0,2313
3067,Women on the Verge of a Nervous Breakdown (Mujeres al borde de un ataque de nervios) (1988),Comedy|Drama,0095675,4203.0,2314
3068,"Verdict, The (1982)",Drama|Mystery,0084855,24226.0,2315
3070,"Adventures of Buckaroo Banzai Across the 8th Dimension, The (1984)",Adventure|Comedy|Sci-Fi,0086856,11379.0,2316
3071,Stand and Deliver (1988),Comedy|Drama,0094027,29154.0,2317
3072,Moonstruck (1987),Comedy|Romance,0093565,2039.0,2318
3073,"Sandpiper, The (1965)",Drama|Romance,0059674,77915.0,2319
3074,Jeremiah Johnson (1972),Western,0068762,11943.0,2320
3075,Repulsion (1965),Drama|Horror,0059646,11481.0,2321
3076,Irma la Douce (1963),Comedy,0057187,2690.0,2322
3077,42 Up (1998),Documentary,0164312,20565.0,2323
3078,Liberty Heights (1999),Drama,0165859,27141.0,2324
3079,Mansfield Park (1999),Comedy|Drama|Romance,0178737,10399.0,2325
3081,Sleepy Hollow (1999),Fantasy|Horror|Mystery|Romance,0162661,2668.0,2326
3082,"World Is Not Enough, The (1999)",Action|Adventure|Thriller,0143145,36643.0,2327
3083,All About My Mother (Todo sobre mi madre) (1999),Drama,0185125,99.0,2328
3086,Babes in Toyland (1934),Children|Comedy|Fantasy|Musical,0024852,25898.0,2329
3087,Scrooged (1988),Comedy|Fantasy|Romance,0096061,9647.0,2330
3088,Harvey (1950),Comedy|Fantasy,0042546,11787.0,2331
3089,Bicycle Thieves (a.k.a. The Bicycle Thief) (a.k.a. The Bicycle Thieves) (Ladri di biciclette) (1948),Drama,0040522,5156.0,2332
3090,Matewan (1987),Drama,0093509,24276.0,2333
3091,Kagemusha (1980),Drama|War,0080979,11953.0,2334
3093,McCabe & Mrs. Miller (1971),Drama|Western,0067411,29005.0,2335
3094,Maurice (1987),Drama|Romance,0093512,26371.0,2336
3095,"Grapes of Wrath, The (1940)",Drama,0032551,596.0,2337
3096,My Man Godfrey (1957),Comedy,0050738,52470.0,2338
3097,"Shop Around the Corner, The (1940)",Comedy|Drama|Romance,0033045,20334.0,2339
3098,"Natural, The (1984)",Drama,0087781,11393.0,2340
3099,Shampoo (1975),Comedy|Drama|Romance,0073692,31121.0,2341
3100,"River Runs Through It, A (1992)",Drama,0105265,293.0,2342
3101,Fatal Attraction (1987),Drama|Thriller,0093010,10998.0,2343
3102,Jagged Edge (1985),Crime|Romance|Thriller,0089360,12235.0,2344
3103,Stanley & Iris (1990),Drama|Romance,0100680,36094.0,2345
3104,Midnight Run (1988),Action|Comedy|Crime|Thriller,0095631,9013.0,2346
3105,Awakenings (1990),Drama|Mystery,0099077,11005.0,2347
3106,Come See the Paradise (1990),Drama|Romance,0099291,59820.0,2348
3107,Backdraft (1991),Action|Drama,0101393,2924.0,2349
3108,"Fisher King, The (1991)",Comedy|Drama|Fantasy|Romance,0101889,177.0,2350
3109,"River, The (1984)",Drama,0088007,38557.0,2351
3111,Places in the Heart (1984),Drama,0087921,13681.0,2352
3112,'night Mother (1986),Drama,0090556,34760.0,2353
3113,End of Days (1999),Action|Fantasy|Horror|Mystery|Thriller,0146675,9946.0,2354
3114,Toy Story 2 (1999),Adventure|Animation|Children|Comedy|Fantasy,0120363,863.0,2355
3115,Flawless (1999),Drama,0155711,31582.0,2356
3117,Ride with the Devil (1999),Drama|Romance|War,0134154,22267.0,2357
3120,"Distinguished Gentleman, The (1992)",Comedy,0104114,10411.0,2358
3125,"End of the Affair, The (1999)",Drama,0172396,20024.0,2359
3127,Holy Smoke (1999),Comedy|Drama,0144715,13787.0,2360
3129,Sweet and Lowdown (1999),Comedy|Drama,0158371,9684.0,2361
3130,Bonfire of the Vanities (1990),Comedy|Crime|Drama,0099165,9586.0,2362
3132,Daddy Long Legs (1919),Comedy|Drama,0010040,70801.0,2363
3134,Grand Illusion (La grande illusion) (1937),Drama|War,0028950,777.0,2364
3135,"Great Santini, The (1979)",Drama,0079239,21887.0,2365
3138,Stealing Home (1988),Drama,0096171,32331.0,2366
3141,"Two Jakes, The (1990)",Drama,0100828,32669.0,2367
3142,U2: Rattle and Hum (1988),Documentary|Musical,0096328,18161.0,2368
3143,Hell in the Pacific (1968),Drama|War,0063056,31681.0,2369
3145,Cradle Will Rock (1999),Drama,0150216,32274.0,2370
3146,Deuce Bigalow: Male Gigolo (1999),Comedy,0205000,10402.0,2371
3147,"Green Mile, The (1999)",Crime|Drama,0120689,497.0,2372
3148,"Cider House Rules, The (1999)",Drama,0124315,1715.0,2373
3150,"War Zone, The (1999)",Drama|Thriller,0141974,42739.0,2374
3152,"Last Picture Show, The (1971)",Drama,0067328,25188.0,2375
3153,"7th Voyage of Sinbad, The (1958)",Action|Adventure|Fantasy,0051337,15515.0,2376
3155,Anna and the King (1999),Drama|Romance,0166485,1439.0,2377
3156,Bicentennial Man (1999),Drama|Romance|Sci-Fi,0182789,2277.0,2378
3157,Stuart Little (1999),Children|Comedy|Fantasy,0164912,10137.0,2379
3158,"Emperor and the Assassin, The (Jing ke ci qin wang) (1999)",Drama,0162866,10387.0,2380
3159,Fantasia 2000 (1999),Animation|Children|Musical|IMAX,0120910,49948.0,2381
3160,Magnolia (1999),Drama,0175880,334.0,2382
3161,Onegin (1999),Drama|Romance,0119079,30237.0,2383
3162,Simpatico (1999),Comedy|Drama,0174204,50116.0,2384
3163,Topsy-Turvy (1999),Comedy|Drama|Musical,0151568,46435.0,2385
3165,Boiling Point (1993),Action|Drama,0106455,22213.0,2386
3167,Carnal Knowledge (1971),Comedy|Drama,0066892,36492.0,2387
3168,Easy Rider (1969),Adventure|Drama,0064276,624.0,2388
3169,The Falcon and the Snowman (1985),Crime|Drama|Thriller,0087231,26578.0,2389
3171,Room at the Top (1959),Drama,0053226,43103.0,2390
3173,Any Given Sunday (1999),Drama,0146838,9563.0,2391
3174,Man on the Moon (1999),Comedy|Drama,0125664,1850.0,2392
3175,Galaxy Quest (1999),Adventure|Comedy|Sci-Fi,0177789,926.0,2393
3176,"Talented Mr. Ripley, The (1999)",Drama|Mystery|Thriller,0134119,1213.0,2394
3177,Next Friday (2000),Comedy,0195945,10471.0,2395
3178,"Hurricane, The (1999)",Drama,0174856,10400.0,2396
3179,Angela's Ashes (1999),Drama,0145653,10397.0,2397
3181,Titus (1999),Drama,0120866,12524.0,2398
3182,"Mr. Death: The Rise and Fall of Fred A. Leuchter, Jr. (1999)",Documentary,0192335,28216.0,2399
3183,"Third Miracle, The (1999)",Drama,0174268,36773.0,2400
3185,Snow Falling on Cedars (1999),Drama,0120834,10219.0,2401
3186,"Girl, Interrupted (1999)",Drama,0172493,3558.0,2402
3189,My Dog Skip (1999),Children|Drama,0156812,17908.0,2403
3190,Supernova (2000),Adventure|Sci-Fi|Thriller,0134983,10384.0,2404
3192,"Terrorist, The (a.k.a. Malli) (Theeviravaathi) (1998)",Drama,0169302,48233.0,2405
3194,"Way We Were, The (1973)",Drama|Romance,0070903,10236.0,2406
3196,Stalag 17 (1953),Drama|War,0046359,632.0,2407
3197,"Presidio, The (1988)",Action|Crime|Romance|Thriller,0095897,11851.0,2408
3198,Papillon (1973),Crime|Drama,0070511,5924.0,2409
3200,"Last Detail, The (1973)",Comedy|Drama,0070290,14886.0,2410
3201,Five Easy Pieces (1970),Drama,0065724,26617.0,2411
3203,Dead Calm (1989),Thriller,0097162,10493.0,2412
3204,"Boys from Brazil, The (1978)",Action|Mystery|Thriller,0077269,16241.0,2413
3206,Against All Odds (1984),Romance,0086859,22160.0,2414
3208,Loaded Weapon 1 (National Lampoon's Loaded Weapon 1) (1993),Action|Comedy,0107659,9644.0,2415
3210,Fast Times at Ridgemont High (1982),Comedy|Drama|Romance,0083929,13342.0,2416
3211,"Cry in the Dark, A (1988)",Drama,0094924,35119.0,2417
3213,Batman: Mask of the Phantasm (1993),Animation|Children,0106364,14919.0,2418
3214,American Flyers (1985),Drama,0088707,14040.0,2419
3217,"Star Is Born, A (1937)",Drama,0029606,22692.0,2420
3219,Pacific Heights (1990),Mystery|Thriller,0100318,2990.0,2421
3221,"Draughtsman's Contract, The (1982)",Drama,0083851,10831.0,2422
3223,"Zed & Two Noughts, A (1985)",Drama,0090366,33078.0,2423
3224,Woman in the Dunes (Suna no onna) (1964),Drama,0058625,16672.0,2424
3225,Down to You (2000),Comedy|Romance,0186975,10472.0,2425
3230,"Odessa File, The (1974)",Thriller,0071935,21489.0,2426
3235,Where the Buffalo Roam (1980),Comedy,0081748,13005.0,2427
3238,Eye of the Beholder (1999),Thriller,0120662,18681.0,2428
3240,"Big Tease, The (1999)",Comedy,0156639,20468.0,2429
3241,"Cup, The (Phörpa) (1999)",Comedy,0201840,14521.0,2430
3243,Encino Man (1992),Comedy,0104187,10406.0,2431
3244,"Goodbye Girl, The (1977)",Comedy|Romance,0076095,14741.0,2432
3246,Malcolm X (1992),Drama,0104797,1883.0,2433
3247,Sister Act (1992),Comedy|Crime,0105417,2005.0,2434
3248,Sister Act 2: Back in the Habit (1993),Comedy,0108147,6279.0,2435
3249,"Hand That Rocks the Cradle, The (1992)",Drama|Thriller,0104389,11087.0,2436
3250,Alive (1993),Drama,0106246,7305.0,2437
3251,Agnes of God (1985),Drama|Mystery,0088683,24735.0,2438
3252,Scent of a Woman (1992),Drama,0105323,9475.0,2439
3253,Wayne's World (1992),Comedy,0105793,8872.0,2440
3254,Wayne's World 2 (1993),Comedy,0108525,8873.0,2441
3255,"League of Their Own, A (1992)",Comedy|Drama,0104694,11287.0,2442
3256,Patriot Games (1992),Action|Crime|Drama|Thriller,0105112,9869.0,2443
3257,"Bodyguard, The (1992)",Drama|Romance|Thriller,0103855,619.0,2444
3258,Death Becomes Her (1992),Comedy|Fantasy,0104070,9374.0,2445
3259,Far and Away (1992),Adventure|Drama|Romance,0104231,11259.0,2446
3260,Howards End (1992),Drama,0104454,8293.0,2447
3261,Singles (1992),Comedy|Drama|Romance,0105415,11068.0,2448
3262,Twin Peaks: Fire Walk with Me (1992),Crime|Drama|Mystery|Thriller,0105665,1923.0,2449
3263,White Men Can't Jump (1992),Comedy|Drama,0105812,10158.0,2450
3264,Buffy the Vampire Slayer (1992),Action|Comedy|Horror,0103893,10206.0,2451
3265,Hard-Boiled (Lat sau san taam) (1992),Action|Crime|Drama|Thriller,0104684,11782.0,2452
3266,Man Bites Dog (C'est arrivé près de chez vous) (1992),Comedy|Crime|Drama|Thriller,0103905,10086.0,2453
3267,"Mariachi, El (1992)",Action|Crime|Thriller|Western,0104815,9367.0,2454
3268,Stop! Or My Mom Will Shoot (1992),Action|Comedy,0105477,9876.0,2455
3269,Forever Young (1992),Drama|Romance|Sci-Fi,0104291,10326.0,2456
3270,"Cutting Edge, The (1992)",Comedy|Drama|Romance,0104040,16562.0,2457
3271,Of Mice and Men (1992),Drama,0105046,9609.0,2458
3272,Bad Lieutenant (1992),Crime|Drama,0103759,12143.0,2459
3273,Scream 3 (2000),Comedy|Horror|Mystery|Thriller,0134084,4234.0,2460
3274,Single White Female (1992),Drama|Thriller,0105414,9605.0,2461
3275,"Boondock Saints, The (2000)",Action|Crime|Drama|Thriller,0144117,8374.0,2462
3276,Gun Shy (2000),Comedy,0171356,29076.0,2463
3280,"Baby, The (1973)",Horror,0069754,28156.0,2464
3281,"Brandon Teena Story, The (1998)",Documentary,0144801,113096.0,2465
3283,Minnie and Moskowitz (1971),Action,0067433,24349.0,2466
3284,They Might Be Giants (1971),Comedy|Mystery|Romance,0067848,27841.0,2467
3285,"Beach, The (2000)",Adventure|Drama,0163978,1907.0,2468
3286,Snow Day (2000),Comedy,0184907,15489.0,2469
3287,"Tigger Movie, The (2000)",Animation|Children,0220099,15655.0,2470
3289,Not One Less (Yi ge dou bu neng shao) (1999),Drama,0209189,36210.0,2471
3294,Eaten Alive (1977),Horror,0074455,30062.0,2472
3295,Raining Stones (1993),Drama,0107920,62463.0,2473
3296,To Sir with Love (1967),Drama,0062376,25934.0,2474
3298,Boiler Room (2000),Crime|Drama|Thriller,0181984,14181.0,2475
3299,Hanging Up (2000),Comedy|Drama,0162983,10385.0,2476
3300,Pitch Black (2000),Horror|Sci-Fi|Thriller,0134847,2787.0,2477
3301,"Whole Nine Yards, The (2000)",Comedy|Crime,0190138,2069.0,2478
3302,Beautiful People (1999),Comedy,0159272,61416.0,2479
3303,Black Tar Heroin: The Dark End of the Street (2000),Documentary,0221023,79515.0,2480
3306,"Circus, The (1928)",Comedy,0018773,28978.0,2481
3307,City Lights (1931),Comedy|Drama|Romance,0021749,901.0,2482
3308,"Flamingo Kid, The (1984)",Comedy|Drama,0087265,25010.0,2483
3310,"Kid, The (1921)",Comedy|Drama,0012349,10098.0,2484
3313,Class Reunion (1982),Comedy,0084395,33374.0,2485
3315,Happy Go Lovely (1951),Musical,0043618,127602.0,2486
3316,Reindeer Games (2000),Action|Thriller,0184858,2155.0,2487
3317,Wonder Boys (2000),Comedy|Drama,0185014,11004.0,2488
3323,Chain of Fools (2000),Comedy|Crime,0194368,20682.0,2489
3324,Drowning Mona (2000),Comedy,0186045,25166.0,2490
3325,"Next Best Thing, The (2000)",Comedy|Drama,0156841,1831.0,2491
3326,What Planet Are You From? (2000),Comedy|Sci-Fi,0181151,10416.0,2492
3327,Beyond the Mat (1999),Documentary,0218043,14271.0,2493
3328,Ghost Dog: The Way of the Samurai (1999),Crime|Drama,0165798,4816.0,2494
3329,The Year My Voice Broke (1987),Drama|Romance,0094347,19958.0,2495
3330,Splendor in the Grass (1961),Drama|Romance,0055471,28569.0,2496
3331,My Tutor (1983),Drama,0085980,2193.0,2497
3334,Key Largo (1948),Crime|Drama|Film-Noir|Thriller,0040506,11016.0,2498
3338,For All Mankind (1989),Documentary,0097372,20423.0,2499
3341,Born Yesterday (1950),Comedy,0042276,24481.0,2500
3342,Birdy (1984),Drama|War,0086969,11296.0,2501
3344,Blood Feast (1963),Horror,0056875,28172.0,2502
3345,"Charlie, the Lonesome Cougar (1967)",Adventure|Children,0062793,57855.0,2503
3347,Never Cry Wolf (1983),Adventure|Drama,0086005,14280.0,2504
3350,"Raisin in the Sun, A (1961)",Drama,0055353,29478.0,2505
3353,"Closer You Get, The (2000)",Comedy|Romance,0218112,73642.0,2506
3354,Mission to Mars (2000),Sci-Fi,0183523,2067.0,2507
3355,"Ninth Gate, The (1999)",Fantasy|Horror|Mystery|Thriller,0142688,622.0,2508
3357,East-West (Est-ouest) (1999),Drama|Romance,0181530,28463.0,2509
3358,Defending Your Life (1991),Comedy|Drama|Fantasy|Romance,0101698,12186.0,2510
3359,Breaking Away (1979),Comedy|Drama,0078902,20283.0,2511
3360,Hoosiers (a.k.a. Best Shot) (1986),Drama|Romance,0091217,5693.0,2512
3361,Bull Durham (1988),Comedy|Drama|Romance,0094812,287.0,2513
3362,Dog Day Afternoon (1975),Crime|Drama,0072890,968.0,2514
3363,American Graffiti (1973),Comedy|Drama,0069704,838.0,2515
3364,"Asphalt Jungle, The (1950)",Crime|Film-Noir,0042208,16958.0,2516
3365,"Searchers, The (1956)",Drama|Western,0049730,3114.0,2517
3368,"Big Country, The (1958)",Romance|Western,0051411,12501.0,2518
3370,Betrayed (1988),Drama|Thriller,0094731,31618.0,2519
3372,"Bridge at Remagen, The (1969)",Action|War,0064110,15873.0,2520
3374,Daughters of the Dust (1991),Drama,0104057,68427.0,2521
3378,"Ogre, The (Unhold, Der) (1996)",Drama,0118043,48213.0,2522
3379,On the Beach (1959),Drama,0053137,35412.0,2523
3384,"Taking of Pelham One Two Three, The (1974)",Action|Crime,0072251,8333.0,2524
3385,Volunteers (1985),Comedy,0090274,19259.0,2525
3386,JFK (1991),Drama|Mystery|Thriller,0102138,820.0,2526
3387,Who's Harry Crumb? (1989),Comedy|Mystery,0098645,11718.0,2527
3388,Harry and the Hendersons (1987),Children|Comedy,0093148,8989.0,2528
3389,Let's Get Harry (1986),Action|Adventure,0091400,32031.0,2529
3390,Shanghai Surprise (1986),Adventure|Crime|Drama|Romance,0091934,58048.0,2530
3391,Who's That Girl? (1987),Comedy,0094321,26827.0,2531
3392,She-Devil (1989),Comedy,0098309,11157.0,2532
3393,Date with an Angel (1987),Comedy|Fantasy|Romance,0092834,28370.0,2533
3394,Blind Date (1987),Comedy|Romance,0092666,918.0,2534
3395,Nadine (1987),Comedy,0093596,61178.0,2535
3396,"Muppet Movie, The (1979)",Adventure|Children|Comedy|Musical,0079588,11176.0,2536
3397,"Great Muppet Caper, The (1981)",Children|Comedy,0082474,14900.0,2537
3398,"Muppets Take Manhattan, The (1984)",Children|Comedy|Musical,0087755,11899.0,2538
3400,We're Back! A Dinosaur's Story (1993),Adventure|Animation|Children|Fantasy,0108526,18890.0,2539
3401,Baby... Secret of the Lost Legend (1985),Adventure|Sci-Fi,0088760,19736.0,2540
3402,Turtle Diary (1985),Comedy|Drama|Romance,0090219,123047.0,2541
3403,Raise the Titanic (1980),Drama|Thriller,0081400,24575.0,2542
3404,Titanic (1953),Action|Drama,0046435,16535.0,2543
3405,"Night to Remember, A (1958)",Action|Drama,0051994,10971.0,2544
3406,Captain Horatio Hornblower R.N. (1951),Action|Adventure|Drama|War,0043379,23928.0,2545
3408,Erin Brockovich (2000),Drama,0195685,462.0,2546
3409,Final Destination (2000),Drama|Thriller,0195714,9532.0,2547
3410,Soft Fruit (1999),Comedy|Drama,0180181,117259.0,2548
3412,"Bear, The (Ours, L') (1988)",Adventure|Children|Drama,0095800,2383.0,2549
3414,Love Is a Many-Splendored Thing (1955),Drama|Romance|War,0048316,53879.0,2550
3415,"Mirror, The (Zerkalo) (1975)",Drama,0072443,1396.0,2551
3417,"Crimson Pirate, The (1952)",Adventure|Comedy,0044517,11570.0,2552
3418,Thelma & Louise (1991),Adventure|Crime|Drama,0103074,1541.0,2553
3420,...And Justice for All (1979),Drama|Thriller,0078718,17443.0,2554
3421,Animal House (1978),Comedy,0077975,8469.0,2555
3422,She's Gotta Have It (1986),Comedy|Romance,0091939,27995.0,2556
3423,School Daze (1988),Drama,0096054,36739.0,2557
3424,Do the Right Thing (1989),Drama,0097216,925.0,2558
3425,Mo' Better Blues (1990),Drama|Musical,0100168,41823.0,2559
3426,Jungle Fever (1991),Drama|Romance,0102175,1713.0,2560
3428,"Champ, The (1979)",Drama,0078950,30547.0,2561
3429,Creature Comforts (1989),Animation|Comedy,0099317,54825.0,2562
3430,Death Wish (1974),Action|Crime|Drama,0071402,13939.0,2563
3431,Death Wish 2 (1982),Action|Drama,0082250,14373.0,2564
3432,Death Wish 3 (1985),Action|Drama,0089003,24873.0,2565
3433,Death Wish 4: The Crackdown (1987),Action|Drama,0092857,26263.0,2566
3434,Death Wish 5: The Face of Death (1994),Action|Drama,0109578,34746.0,2567
3435,Double Indemnity (1944),Crime|Drama|Film-Noir,0036775,996.0,2568
3436,Dying Young (1991),Drama|Romance,0101787,9079.0,2569
3438,Teenage Mutant Ninja Turtles (1990),Action|Children|Comedy|Fantasy|Sci-Fi,0100758,1498.0,2570
3439,Teenage Mutant Ninja Turtles II: The Secret of the Ooze (1991),Action|Children|Fantasy,0103060,1497.0,2571
3440,Teenage Mutant Ninja Turtles III (1993),Action|Adventure|Children|Comedy|Fantasy,0108308,1499.0,2572
3441,Red Dawn (1984),Action|Drama|War,0087985,1880.0,2573
3442,Band of the Hand (1986),Action|Crime|Drama,0090693,33762.0,2574
3444,Bloodsport (1988),Action,0092675,11690.0,2575
3445,Eyes of Laura Mars (1978),Mystery|Thriller,0077530,29143.0,2576
3446,Funny Bones (1995),Comedy|Drama,0113133,35292.0,2577
3447,"Good Earth, The (1937)",Drama,0028944,36652.0,2578
3448,"Good Morning, Vietnam (1987)",Comedy|Drama|War,0093105,801.0,2579
3449,"Good Mother, The (1988)",Drama,0095238,104301.0,2580
3450,Grumpy Old Men (1993),Comedy,0107050,11520.0,2581
3451,Guess Who's Coming to Dinner (1967),Drama,0061735,1879.0,2582
3452,Romeo Must Die (2000),Action|Crime|Romance|Thriller,0165929,2085.0,2583
3453,Here on Earth (2000),Drama|Romance,0195778,13539.0,2584
3454,Whatever It Takes (2000),Comedy|Romance,0202402,16222.0,2585
3455,Buddy Boy (1999),Drama|Thriller,0146516,109479.0,2586
3456,"Color of Paradise, The (Rang-e khoda) (1999)",Drama,0191043,17078.0,2587
3459,Gothic (1986),Drama|Horror,0091142,33516.0,2588
3461,Lord of the Flies (1963),Adventure|Drama|Thriller,0057261,9960.0,2589
3462,Modern Times (1936),Comedy|Drama|Romance,0027977,3082.0,2590
3466,Heart and Souls (1993),Comedy|Fantasy,0107091,12187.0,2591
3467,Hud (1963),Drama|Western,0057163,24748.0,2592
3468,"Hustler, The (1961)",Drama,0054997,990.0,2593
3469,Inherit the Wind (1960),Drama,0053946,1908.0,2594
3470,Dersu Uzala (1975),Adventure|Drama,0071411,9764.0,2595
3471,Close Encounters of the Third Kind (1977),Adventure|Drama|Sci-Fi,0075860,840.0,2596
3473,Jonah Who Will Be 25 in the Year 2000 (Jonas qui aura 25 ans en l'an 2000) (1976),Comedy,0074718,42237.0,2597
3474,Retroactive (1997),Sci-Fi|Thriller,0117468,26689.0,2598
3475,"Place in the Sun, A (1951)",Drama|Romance,0043924,25673.0,2599
3476,Jacob's Ladder (1990),Horror|Mystery,0099871,2291.0,2600
3477,Empire Records (1995),Comedy|Drama,0112950,13531.0,2601
3478,"Bamba, La (1987)",Drama,0093378,16620.0,2602
3479,Ladyhawke (1985),Adventure|Fantasy|Romance,0089457,526.0,2603
3480,Lucas (1986),Drama|Romance,0091445,13346.0,2604
3481,High Fidelity (2000),Comedy|Drama|Romance,0146882,243.0,2605
3483,"Road to El Dorado, The (2000)",Animation|Children,0138749,10501.0,2606
3484,"Skulls, The (2000)",Thriller,0192614,11478.0,2607
3489,Hook (1991),Adventure|Comedy|Fantasy,0102057,879.0,2608
3492,"Son of the Sheik, The (1926)",Adventure|Comedy|Romance,0017416,85689.0,2609
3494,True Grit (1969),Adventure|Drama|Western,0065126,17529.0,2610
3496,Madame Sousatzka (1988),Drama,0095564,118098.0,2611
3497,Max Dugan Returns (1983),Comedy,0085919,1793.0,2612
3498,Midnight Express (1978),Drama,0077928,11327.0,2613
3499,Misery (1990),Drama|Horror|Thriller,0100157,1700.0,2614
3500,Mr. Saturday Night (1992),Comedy|Drama,0104928,54087.0,2615
3501,Murphy's Romance (1985),Comedy|Romance,0089643,34322.0,2616
3502,My Life (1993),Drama,0107630,41659.0,2617
3503,Solaris (Solyaris) (1972),Drama|Mystery|Sci-Fi,0069293,593.0,2618
3504,Network (1976),Comedy|Drama,0074958,10774.0,2619
3505,No Way Out (1987),Drama|Mystery|Thriller,0093640,10083.0,2620
3506,North Dallas Forty (1979),Comedy|Drama,0079640,29786.0,2621
3507,"Odd Couple, The (1968)",Comedy,0063374,11356.0,2622
3508,"Outlaw Josey Wales, The (1976)",Action|Adventure|Drama|Thriller|Western,0075029,10747.0,2623
3510,Frequency (2000),Drama|Thriller,0186151,10559.0,2624
3511,Ready to Rumble (2000),Comedy,0217756,20697.0,2625
3512,Return to Me (2000),Drama|Romance,0122459,2621.0,2626
3513,Rules of Engagement (2000),Drama|Thriller,0160797,10479.0,2627
3514,Joe Gould's Secret (2000),Drama,0172632,125709.0,2628
3515,Me Myself I (2000),Comedy|Romance,0183503,49721.0,2629
3516,"Bell, Book and Candle (1958)",Comedy|Fantasy|Romance,0051406,2006.0,2630
3519,Force 10 from Navarone (1978),Action|Drama|War,0077572,17339.0,2631
3521,Mystery Train (1989),Comedy|Drama,0097940,11305.0,2632
3524,Arthur (1981),Comedy|Romance,0082031,13665.0,2633
3525,Bachelor Party (1984),Comedy,0086927,12309.0,2634
3526,Parenthood (1989),Comedy|Drama,0098067,1552.0,2635
3527,Predator (1987),Action|Sci-Fi|Thriller,0093773,106.0,2636
3528,"Prince of Tides, The (1991)",Drama|Romance,0102713,10333.0,2637
3529,"Postman Always Rings Twice, The (1981)",Crime|Thriller,0082934,11027.0,2638
3531,All the Vermeers in New York (1990),Comedy|Drama|Romance,0099014,123757.0,2639
3534,28 Days (2000),Drama,0191754,10468.0,2640
3535,American Psycho (2000),Crime|Horror|Mystery|Thriller,0144084,1359.0,2641
3536,Keeping the Faith (2000),Comedy|Drama|Romance,0171433,4967.0,2642
3537,Where the Money Is (2000),Comedy|Drama,0149367,31776.0,2643
3538,East is East (1999),Comedy,0166175,10557.0,2644
3539,"Filth and the Fury, The (2000)",Documentary,0236216,27745.0,2645
3543,Diner (1982),Comedy|Drama,0083833,13776.0,2646
3544,Shakes the Clown (1992),Comedy,0102898,26291.0,2647
3545,Cabaret (1972),Drama|Musical,0068327,10784.0,2648
3546,What Ever Happened to Baby Jane? (1962),Drama|Horror|Thriller,0056687,10242.0,2649
3548,Auntie Mame (1958),Comedy|Drama,0051383,16347.0,2650
3549,Guys and Dolls (1955),Comedy|Musical|Romance,0048140,4825.0,2651
3550,The Hunger (1983),Horror,0085701,11654.0,2652
3551,Marathon Man (1976),Crime|Drama|Thriller,0074860,10518.0,2653
3552,Caddyshack (1980),Comedy,0080487,11977.0,2654
3553,Gossip (2000),Drama|Thriller,0176783,18041.0,2655
3554,Love and Basketball (2000),Drama|Romance,0199725,14736.0,2656
3555,U-571 (2000),Action|Thriller|War,0141926,3536.0,2657
3556,"Virgin Suicides, The (1999)",Drama|Romance,0159097,1443.0,2658
3557,Jennifer 8 (1992),Mystery|Thriller,0104549,10424.0,2659
3559,Limelight (1952),Comedy|Drama|Romance,0044837,28971.0,2660
3563,"Crow: Salvation, The (2000)",Action|Horror,0132910,9456.0,2661
3564,"Flintstones in Viva Rock Vegas, The (2000)",Children|Comedy,0158622,889.0,2662
3565,Where the Heart Is (2000),Comedy|Drama,0198021,10564.0,2663
3566,"Big Kahuna, The (2000)",Comedy|Drama,0189584,15723.0,2664
3567,Bossa Nova (2000),Comedy|Drama|Romance,0180837,19600.0,2665
3568,Smiling Fish and Goat on Fire (1999),Comedy|Romance,0162348,125537.0,2666
3569,"Idiots, The (Idioterne) (1998)",Comedy|Drama,0154421,452.0,2667
3571,Time Code (2000),Comedy|Drama,0220100,36234.0,2668
3572,Carnosaur (1993),Horror|Sci-Fi,0106521,39283.0,2669
3573,Carnosaur 2 (1995),Horror|Sci-Fi,0112634,65460.0,2670
3574,Carnosaur 3: Primal Species (1996),Horror|Sci-Fi,0115834,55667.0,2671
3576,"Hidden, The (1987)",Action|Horror|Sci-Fi,0093185,12476.0,2672
3577,Two Moon Junction (1988),Drama|Romance,0096324,5241.0,2673
3578,Gladiator (2000),Action|Adventure|Drama,0172495,98.0,2674
3580,Up at the Villa (2000),Drama,0153464,47724.0,2675
3581,Human Traffic (1999),Comedy,0188674,11129.0,2676
3584,Breathless (1983),Action|Drama|Romance|Thriller,0085276,1058.0,2677
3586,The Idolmaker (1980),Drama|Romance,0080913,42159.0,2678
3587,Inferno (1980),Horror,0080923,16395.0,2679
3590,"Lords of Flatbush, The (1974)",Comedy|Drama,0071772,38925.0,2680
3591,Mr. Mom (1983),Comedy|Drama,0085970,13105.0,2681
3592,"Time Masters (Maîtres du temps, Les) (1982)",Animation|Sci-Fi,0084315,22501.0,2682
3593,Battlefield Earth (2000),Action|Sci-Fi,0185183,5491.0,2683
3594,Center Stage (2000),Drama|Musical,0210616,10560.0,2684
3596,Screwed (2000),Comedy,0156323,19419.0,2685
3597,Whipped (2000),Comedy,0174336,23531.0,2686
3598,Hamlet (2000),Crime|Drama|Romance|Thriller,0171359,10688.0,2687
3599,Anchors Aweigh (1945),Comedy|Musical,0037514,17889.0,2688
3604,Gypsy (1962),Musical,0056048,39391.0,2689
3606,On the Town (1949),Comedy|Musical|Romance,0041716,31516.0,2690
3608,Pee-wee's Big Adventure (1985),Adventure|Comedy,0089791,5683.0,2691
3609,Regret to Inform (1998),Documentary,0181786,113279.0,2692
3614,Honeymoon in Vegas (1992),Comedy|Romance,0104438,12518.0,2693
3615,Dinosaur (2000),Adventure|Animation|Children,0130623,10567.0,2694
3616,Loser (2000),Comedy|Romance,0217630,10642.0,2695
3617,Road Trip (2000),Comedy,0215129,9285.0,2696
3618,Small Time Crooks (2000),Comedy|Crime,0196216,10569.0,2697
3619,"Hollywood Knights, The (1980)",Comedy,0080881,21879.0,2698
3622,"Twelve Chairs, The (1970)",Comedy,0066495,24918.0,2699
3623,Mission: Impossible II (2000),Action|Adventure|Thriller,0120755,955.0,2700
3624,Shanghai Noon (2000),Action|Adventure|Comedy|Western,0184894,8584.0,2701
3625,Better Living Through Circuitry (1999),Documentary,0207998,47295.0,2702
3626,8 ½ Women (a.k.a. 8 1/2 Women) (a.k.a. Eight and a Half Women) (1999),Comedy,0154443,11332.0,2703
3627,Carnival of Souls (1962),Horror|Thriller,0055830,16093.0,2704
3628,Flying Tigers (1942),Action|Drama|Romance|War,0034742,29372.0,2705
3629,"Gold Rush, The (1925)",Adventure|Comedy|Romance,0015864,962.0,2706
3632,Monsieur Verdoux (1947),Comedy|Crime,0039631,30588.0,2707
3633,On Her Majesty's Secret Service (1969),Action|Adventure|Romance|Thriller,0064757,668.0,2708
3634,Seven Days in May (1964),Thriller,0058576,23518.0,2709
3635,"Spy Who Loved Me, The (1977)",Action|Adventure|Thriller,0076752,691.0,2710
3637,Vagabond (Sans toit ni loi) (1985),Drama,0089960,44018.0,2711
3638,Moonraker (1979),Action|Adventure|Sci-Fi|Thriller,0079574,698.0,2712
3639,"Man with the Golden Gun, The (1974)",Action|Adventure|Thriller,0071807,682.0,2713
3640,"King in New York, A (1957)",Comedy|Drama,0050598,28973.0,2714
3641,"Woman of Paris, A (1923)",Drama,0014624,28974.0,2715
3643,"Fighting Seabees, The (1944)",Action|Drama|War,0036824,22994.0,2716
3646,Big Momma's House (2000),Comedy,0208003,9600.0,2717
3648,"Abominable Snowman, The (Abominable Snowman of the Himalayas, The) (1957)",Horror|Sci-Fi,0050095,38006.0,2718
3649,American Gigolo (1980),Drama,0080365,2768.0,2719
3652,"City of the Living Dead (a.k.a. Gates of Hell, The) (Paura nella città dei morti viventi) (1980)",Horror,0081318,24920.0,2720
3653,"Endless Summer, The (1966)",Documentary,0060371,21.0,2721
3654,"Guns of Navarone, The (1961)",Action|Adventure|Drama|War,0054953,10911.0,2722
3655,Blow-Out (La grande bouffe) (1973),Drama,0070130,10102.0,2723
3658,Quatermass and the Pit (1967),Horror|Sci-Fi,0062168,26912.0,2724
3660,Puppet Master (1989),Horror|Sci-Fi|Thriller,0098143,26953.0,2725
3661,Puppet Master II (1991),Horror|Sci-Fi|Thriller,0100438,26954.0,2726
3662,Puppet Master III: Toulon's Revenge (1991),Horror|Sci-Fi|Thriller,0102728,26956.0,2727
3663,Puppet Master 4 (1993),Horror|Sci-Fi|Thriller,0107899,26957.0,2728
3664,Puppet Master 5: The Final Chapter (1994),Horror|Sci-Fi|Thriller,0110916,26958.0,2729
3667,Rent-A-Cop (1988),Action|Comedy|Crime,0095977,80287.0,2730
3668,Romeo and Juliet (1968),Drama|Romance,0063518,6003.0,2731
3669,Stay Tuned (1992),Comedy,0105466,23939.0,2732
3671,Blazing Saddles (1974),Comedy|Western,0071230,11072.0,2733
3672,Benji (1974),Adventure|Children,0071206,23069.0,2734
3673,Benji the Hunted (1987),Adventure|Children,0092638,21299.0,2735
3674,For the Love of Benji (1977),Adventure|Children|Comedy|Drama,0076044,38802.0,2736
3675,White Christmas (1954),Comedy|Musical|Romance,0047673,13368.0,2737
3676,Eraserhead (1977),Drama|Horror,0074486,985.0,2738
3677,Baraka (1992),Documentary,0103767,14002.0,2739
3678,"Man with the Golden Arm, The (1955)",Drama,0048347,541.0,2740
3679,"Decline of Western Civilization, The (1981)",Documentary|Musical,0082252,21137.0,2741
3680,"Decline of Western Civilization Part II: The Metal Years, The (1988)",Documentary,0094980,36724.0,2742
3681,For a Few Dollars More (Per qualche dollaro in più) (1965),Action|Drama|Thriller|Western,0059578,938.0,2743
3682,Magnum Force (1973),Action|Crime|Drama|Thriller,0070355,10648.0,2744
3683,Blood Simple (1984),Crime|Drama|Film-Noir,0086979,11368.0,2745
3684,"Fabulous Baker Boys, The (1989)",Drama|Romance,0097322,10875.0,2746
3685,Prizzi's Honor (1985),Comedy|Drama|Romance,0089841,2075.0,2747
3686,Flatliners (1990),Horror|Sci-Fi|Thriller,0099582,1551.0,2748
3687,Light Years (Gandahar) (1988),Adventure|Animation|Fantasy|Sci-Fi,0095525,22500.0,2749
3688,Porky's (1982),Comedy,0084522,10246.0,2750
3689,Porky's II: The Next Day (1983),Comedy,0086129,19698.0,2751
3690,Porky's Revenge (1985),Comedy,0089826,23919.0,2752
3691,Private School (1983),Comedy,0086143,18835.0,2753
3692,Class of Nuke 'Em High (1986),Comedy|Horror,0090849,26554.0,2754
3693,"Toxic Avenger, The (1985)",Comedy|Horror,0090190,15239.0,2755
3694,"Toxic Avenger, Part II, The (1989)",Comedy|Horror,0098503,28165.0,2756
3695,"Toxic Avenger Part III: The Last Temptation of Toxie, The (1989)",Comedy|Horror,0098502,28169.0,2757
3696,Night of the Creeps (1986),Comedy|Horror|Sci-Fi|Thriller,0091630,15762.0,2758
3697,Predator 2 (1990),Action|Sci-Fi|Thriller,0100403,169.0,2759
3698,"Running Man, The (1987)",Action|Sci-Fi,0093894,865.0,2760
3699,Starman (1984),Adventure|Drama|Romance|Sci-Fi,0088172,9663.0,2761
3700,"Brother from Another Planet, The (1984)",Drama|Sci-Fi,0087004,26889.0,2762
3701,Alien Nation (1988),Crime|Drama|Sci-Fi|Thriller,0094631,10128.0,2763
3702,Mad Max (1979),Action|Adventure|Sci-Fi,0079501,9659.0,2764
3703,"Road Warrior, The (Mad Max 2) (1981)",Action|Adventure|Sci-Fi|Thriller,0082694,8810.0,2765
3704,Mad Max Beyond Thunderdome (1985),Action|Adventure|Sci-Fi,0089530,9355.0,2766
3705,Bird on a Wire (1990),Action|Comedy|Romance,0099141,1727.0,2767
3706,Angel Heart (1987),Film-Noir|Horror|Mystery|Thriller,0092563,635.0,2768
3707,9 1/2 Weeks (Nine 1/2 Weeks) (1986),Drama|Romance,0091635,10068.0,2769
3708,Firestarter (1984),Horror|Thriller,0087262,11495.0,2770
3709,Sleepwalkers (1992),Horror,0105428,11428.0,2771
3710,Action Jackson (1988),Action|Comedy|Crime|Thriller,0094612,10117.0,2772
3711,Sarafina! (1992),Drama,0105316,35936.0,2773
3712,Soapdish (1991),Comedy,0102951,25562.0,2774
3713,"Long Walk Home, The (1990)",Drama,0100046,51763.0,2775
3714,Clara's Heart (1988),Drama,0094882,73079.0,2776
3715,Burglar (1987),Comedy|Crime,0092710,38921.0,2777
3716,Fatal Beauty (1987),Action|Comedy|Crime|Drama,0093011,35463.0,2778
3717,Gone in 60 Seconds (2000),Action|Crime,0187078,9679.0,2779
3719,Love's Labour's Lost (2000),Comedy|Romance,0182295,51333.0,2780
3720,Sunshine (1999),Drama,0145503,17771.0,2781
3723,Hamlet (1990),Drama,0099726,10264.0,2782
3724,Coming Home (1978),Drama|War,0077362,31657.0,2783
3725,American Pop (1981),Animation|Musical,0082009,29204.0,2784
3726,Assault on Precinct 13 (1976),Action|Thriller,0074156,17814.0,2785
3727,Near Dark (1987),Horror|Western,0093605,11879.0,2786
3728,One False Move (1992),Crime|Drama|Film-Noir|Thriller,0102592,21128.0,2787
3729,Shaft (1971),Action|Crime|Drama|Thriller,0067741,482.0,2788
3730,"Conversation, The (1974)",Drama|Mystery,0071360,592.0,2789
3731,Cutter's Way (1981),Drama|Thriller,0082220,31593.0,2790
3732,"Fury, The (1978)",Horror,0077588,12611.0,2791
3733,"Paper Chase, The (1973)",Drama,0070509,14328.0,2792
3735,Serpico (1973),Crime|Drama,0070666,9040.0,2793
3736,"Ace in the Hole (Big Carnival, The) (1951)",Drama,0043338,25364.0,2794
3737,Lonely Are the Brave (1962),Drama|Western,0056195,43002.0,2795
3738,"Sugarland Express, The (1974)",Drama,0072226,5121.0,2796
3739,Trouble in Paradise (1932),Comedy|Romance,0023622,195.0,2797
3740,Big Trouble in Little China (1986),Action|Adventure|Comedy|Fantasy,0090728,6978.0,2798
3741,Badlands (1973),Crime|Drama|Thriller,0069762,3133.0,2799
3742,Battleship Potemkin (1925),Drama|War,0015648,643.0,2800
3743,Boys and Girls (2000),Comedy|Romance,0204175,10571.0,2801
3744,Shaft (2000),Action|Crime|Thriller,0162650,479.0,2802
3745,Titan A.E. (2000),Action|Adventure|Animation|Children|Sci-Fi,0120913,7450.0,2803
3746,Butterfly (La lengua de las mariposas) (1999),Drama,0188030,31023.0,2804
3747,Jesus' Son (1999),Drama,0186253,25636.0,2805
3751,Chicken Run (2000),Animation|Children|Comedy,0120630,7443.0,2806
3752,"Me, Myself & Irene (2000)",Adventure|Comedy,0183505,2123.0,2807
3753,"Patriot, The (2000)",Action|Drama|War,0187393,2024.0,2808
3754,"Adventures of Rocky and Bullwinkle, The (2000)",Adventure|Animation|Children|Comedy|Fantasy,0131704,17711.0,2809
3755,"Perfect Storm, The (2000)",Drama|Thriller,0177971,2133.0,2810
3756,"Golden Bowl, The (2000)",Drama,0200669,29946.0,2811
3758,Communion (1989),Drama|Sci-Fi|Thriller,0097100,28774.0,2812
3760,"Kentucky Fried Movie, The (1977)",Comedy,0076257,11598.0,2813
3761,"Blood In, Blood Out (1993)",Action|Crime|Drama|Thriller,0106469,9702.0,2814
3763,F/X (1986),Action|Crime|Thriller,0089118,9873.0,2815
3764,F/X2 (a.k.a. F/X 2 - The Deadly Art of Illusion) (1991),Action|Crime|Thriller,0101846,16820.0,2816
3765,"Hot Spot, The (1990)",Crime|Drama|Romance,0099797,14864.0,2817
3766,Missing in Action (1984),Action|War,0087727,15379.0,2818
3767,Missing in Action 2: The Beginning (1985),Action|War,0089604,12764.0,2819
3768,Braddock: Missing in Action III (1988),Action|War,0094792,27352.0,2820
3769,Thunderbolt and Lightfoot (1974),Action,0072288,8348.0,2821
3770,Dreamscape (1984),Horror|Sci-Fi|Thriller,0087175,24099.0,2822
3771,The Golden Voyage of Sinbad (1973),Action|Adventure|Fantasy,0071569,17897.0,2823
3773,House Party (1990),Comedy,0099800,16094.0,2824
3774,House Party 2 (1991),Comedy|Drama|Romance,0102065,16096.0,2825
3783,Croupier (1998),Crime|Drama,0159382,12706.0,2826
3784,"Kid, The (2000)",Comedy|Fantasy,0219854,4244.0,2827
3785,Scary Movie (2000),Comedy|Horror,0175142,4247.0,2828
3786,But I'm a Cheerleader (1999),Comedy,0179116,20770.0,2829
3787,Shower (Xizao) (1999),Comedy,0215369,1050.0,2830
3788,Blow-Up (Blowup) (1966),Drama|Mystery,0060176,1052.0,2831
3789,"Pawnbroker, The (1964)",Drama,0059575,20540.0,2832
3790,Groove (2000),Drama,0212974,23655.0,2833
3791,Footloose (1984),Drama,0087277,1788.0,2834
3792,Duel in the Sun (1946),Drama|Romance|Western,0038499,32275.0,2835
3793,X-Men (2000),Action|Adventure|Sci-Fi,0120903,36657.0,2836
3794,Chuck & Buck (2000),Comedy|Drama,0200530,44490.0,2837
3795,"Five Senses, The (1999)",Drama,0168794,47585.0,2838
3797,"In Crowd, The (2000)",Thriller,0163676,36047.0,2839
3798,What Lies Beneath (2000),Drama|Horror|Mystery,0161081,2655.0,2840
3799,Pokémon the Movie 2000 (2000),Animation|Children,0210234,12599.0,2841
3801,Anatomy of a Murder (1959),Drama|Mystery,0052561,93.0,2842
3802,Freejack (1992),Action|Sci-Fi,0104299,9278.0,2843
3806,Mackenna's Gold (1969),Western,0064615,18118.0,2844
3807,Sinbad and the Eye of the Tiger (1977),Adventure|Fantasy,0076716,11940.0,2845
3808,"Two Women (Ciociara, La) (1960)",Drama|War,0054749,24167.0,2846
3809,What About Bob? (1991),Comedy,0103241,10276.0,2847
3810,White Sands (1992),Drama|Thriller,0105813,19380.0,2848
3811,Breaker Morant (1980),Drama|War,0080310,13783.0,2849
3812,Everything You Always Wanted to Know About Sex * But Were Afraid to Ask (1972),Comedy,0068555,11624.0,2850
3813,Interiors (1978),Drama,0077742,15867.0,2851
3814,Love and Death (1975),Comedy,0073312,11686.0,2852
3816,"Official Story, The (La historia oficial) (1985)",Drama,0089276,29263.0,2853
3819,Tampopo (1985),Comedy,0092048,11830.0,2854
3821,Nutty Professor II: The Klumps (2000),Comedy,0144528,12107.0,2855
3822,"Girl on the Bridge, The (Fille sur le pont, La) (1999)",Drama|Romance,0144201,10401.0,2856
3823,Wonderland (1999),Drama,0171865,32640.0,2857
3824,Autumn in New York (2000),Drama|Romance,0174480,10641.0,2858
3825,Coyote Ugly (2000),Comedy|Drama|Romance,0200550,6282.0,2859
3826,Hollow Man (2000),Horror|Sci-Fi|Thriller,0164052,9383.0,2860
3827,Space Cowboys (2000),Action|Adventure|Comedy|Sci-Fi,0186566,5551.0,2861
3830,Psycho Beach Party (2000),Comedy|Horror|Thriller,0206226,27723.0,2862
3831,Saving Grace (2000),Comedy,0195234,2360.0,2863
3832,"Black Sabbath (Tre volti della paura, I) (1963)",Horror,0057603,28043.0,2864
3833,"Brain That Wouldn't Die, The (1962)",Horror|Sci-Fi,0052646,33468.0,2865
3834,Bronco Billy (1980),Adventure|Drama|Romance,0080472,21866.0,2866
3835,"Crush, The (1993)",Thriller,0106627,33408.0,2867
3836,Kelly's Heroes (1970),Action|Comedy|War,0065938,11589.0,2868
3837,Phantasm II (1988),Action|Fantasy|Horror|Sci-Fi|Thriller,0095863,15158.0,2869
3838,Phantasm III: Lord of the Dead (1994),Horror,0110823,16139.0,2870
3839,Phantasm IV: Oblivion (1998),Horror,0138703,16146.0,2871
3840,Pumpkinhead (1988),Horror,0095925,26515.0,2872
3841,Air America (1990),Action|Comedy,0099005,11856.0,2873
3843,Sleepaway Camp (1983),Horror,0086320,13567.0,2874
3844,Steel Magnolias (1989),Drama,0098384,10860.0,2875
3845,And God Created Woman (Et Dieu... créa la femme) (1956),Drama,0049189,8420.0,2876
3846,Easy Money (1983),Comedy,0085470,18391.0,2877
3847,"Ilsa, She Wolf of the SS (1974)",Horror,0071650,20850.0,2878
3849,The Spiral Staircase (1945),Horror|Mystery|Thriller,0038975,27452.0,2879
3851,I'm the One That I Want (2000),Comedy,0251739,38548.0,2880
3852,"Tao of Steve, The (2000)",Comedy,0234853,20438.0,2881
3855,"Affair of Love, An (Liaison pornographique, Une) (1999)",Drama|Romance,0204709,46991.0,2882
3857,Bless the Child (2000),Thriller,0163983,10391.0,2883
3858,Cecil B. DeMented (2000),Comedy,0173716,14195.0,2884
3859,"Eyes of Tammy Faye, The (2000)",Documentary,0233687,15665.0,2885
3861,"Replacements, The (2000)",Comedy,0191397,10393.0,2886
3862,About Adam (2000),Comedy,0199314,18168.0,2887
3863,"Cell, The (2000)",Drama|Horror|Thriller,0209958,8843.0,2888
3864,Godzilla 2000 (Gojira ni-sen mireniamu) (1999),Action|Adventure|Sci-Fi,0188640,10643.0,2889
3865,"Original Kings of Comedy, The (2000)",Comedy|Documentary,0236388,23618.0,2890
3868,"Naked Gun: From the Files of Police Squad!, The (1988)",Action|Comedy|Crime|Romance,0095705,37136.0,2891
3869,"Naked Gun 2 1/2: The Smell of Fear, The (1991)",Comedy,0102510,37137.0,2892
3870,Our Town (1940),Drama,0032881,23283.0,2893
3871,Shane (1953),Drama|Western,0046303,3110.0,2894
3872,"Suddenly, Last Summer (1959)",Drama,0053318,14698.0,2895
3873,Cat Ballou (1965),Comedy|Western,0059017,11694.0,2896
3877,Supergirl (1984),Action|Adventure|Fantasy,0088206,9651.0,2897
3879,"Art of War, The (2000)",Action|Thriller,0160009,11398.0,2898
3882,Bring It On (2000),Comedy,0204946,1588.0,2899
3884,"Crew, The (2000)",Comedy,0198386,19150.0,2900
3888,Skipped Parts (2000),Drama|Romance,0209322,41282.0,2901
3889,Highlander: Endgame (Highlander IV) (2000),Action|Adventure|Fantasy,0144964,12211.0,2902
3893,Nurse Betty (2000),Comedy|Crime|Drama|Romance|Thriller,0171580,10480.0,2903
3894,Solas (1999),Drama,0190798,80713.0,2904
3895,"Watcher, The (2000)",Crime|Thriller,0204626,10685.0,2905
3896,"Way of the Gun, The (2000)",Crime|Thriller,0202677,1619.0,2906
3897,Almost Famous (2000),Drama,0181875,786.0,2907
3898,Bait (2000),Action|Comedy,0211938,14805.0,2908
3899,Circus (2000),Crime|Drama|Thriller,0191037,51179.0,2909
3900,Crime and Punishment in Suburbia (2000),Comedy|Drama,0197384,46119.0,2910
3901,Duets (2000),Comedy|Drama,0134630,18074.0,2911
3906,Under Suspicion (2000),Crime|Thriller,0164212,10562.0,2912
3908,Urban Legends: Final Cut (2000),Horror,0192731,12212.0,2913
3909,Woman on Top (2000),Comedy|Romance,0206420,14629.0,2914
3910,Dancer in the Dark (2000),Drama|Musical,0168629,16.0,2915
3911,Best in Show (2000),Comedy,0218839,13785.0,2916
3912,Beautiful (2000),Comedy|Drama,0210567,34299.0,2917
3914,"Broken Hearts Club, The (2000)",Drama,0222850,22597.0,2918
3915,Girlfight (2000),Drama,0210075,19348.0,2919
3916,Remember the Titans (2000),Drama,0210945,10637.0,2920
3917,Hellraiser (1987),Horror,0093177,9003.0,2921
3918,Hellbound: Hellraiser II (1988),Horror,0095294,9064.0,2922
3919,Hellraiser III: Hell on Earth (1992),Horror,0104409,11569.0,2923
3920,"Faraway, So Close (In weiter Ferne, so nah!) (1993)",Drama|Fantasy|Mystery|Romance,0107209,10434.0,2924
3922,Bikini Beach (1964),Comedy,0057887,39113.0,2925
3925,Stranger Than Paradise (1984),Comedy|Drama,0088184,469.0,2926
3926,Voyage to the Bottom of the Sea (1961),Adventure|Sci-Fi,0055608,2160.0,2927
3927,Fantastic Voyage (1966),Adventure|Sci-Fi,0060397,2161.0,2928
3928,Abbott and Costello Meet Frankenstein (1948),Comedy|Horror,0040068,3073.0,2929
3929,"Bank Dick, The (1940)",Comedy,0032234,911.0,2930
3930,"Creature from the Black Lagoon, The (1954)",Adventure|Horror|Sci-Fi,0046876,10973.0,2931
3932,"Invisible Man, The (1933)",Horror|Sci-Fi,0024184,10787.0,2932
3933,"Killer Shrews, The (1959)",Horror|Sci-Fi,0052969,43109.0,2933
3937,Runaway (1984),Sci-Fi|Thriller,0088024,9507.0,2934
3938,"Slumber Party Massacre, The (1982)",Horror,0084695,27475.0,2935
3939,Slumber Party Massacre II (1987),Horror,0093996,27764.0,2936
3940,Slumber Party Massacre III (1990),Horror,0100639,27767.0,2937
3941,Sorority House Massacre (1986),Horror,0091990,40760.0,2938
3942,Sorority House Massacre II (1990),Horror,0100663,40446.0,2939
3943,Bamboozled (2000),Comedy,0215545,24664.0,2940
3945,Digimon: The Movie (2000),Adventure|Animation|Children,0259974,20455.0,2941
3946,Get Carter (2000),Action|Drama|Thriller,0208988,10461.0,2942
3947,Get Carter (1971),Action|Crime|Drama|Thriller,0067128,1485.0,2943
3948,Meet the Parents (2000),Comedy,0212338,1597.0,2944
3949,Requiem for a Dream (2000),Drama,0180093,641.0,2945
3950,Tigerland (2000),Drama,0170691,10687.0,2946
3951,Two Family House (2000),Drama,0202641,63956.0,2947
3952,"Contender, The (2000)",Drama|Thriller,0208874,6521.0,2948
3953,Dr. T and the Women (2000),Comedy|Romance,0205271,10763.0,2949
3955,"Ladies Man, The (2000)",Comedy,0213790,16888.0,2950
3957,Billy Jack (1971),Action|Drama,0066832,21142.0,2951
3958,Billy Jack Goes to Washington (1977),Drama,0075754,78140.0,2952
3959,"Time Machine, The (1960)",Action|Adventure|Sci-Fi,0054387,2134.0,2953
3962,Ghoulies II (1987),Comedy|Horror,0093091,28605.0,2954
3963,"Unsinkable Molly Brown, The (1964)",Musical,0058708,42797.0,2955
3964,"Adventures of Ichabod and Mr. Toad, The (1949)",Animation|Children,0041094,13465.0,2956
3965,"Strange Love of Martha Ivers, The (1946)",Drama|Film-Noir,0038988,27033.0,2957
3966,Detour (1945),Crime|Film-Noir,0037638,20367.0,2958
3967,Billy Elliot (2000),Drama,0249462,71.0,2959
3968,Bedazzled (2000),Comedy,0230030,1636.0,2960
3969,Pay It Forward (2000),Drama,0223897,10647.0,2961
3971,"Private Eyes, The (1981)",Comedy|Mystery,0081376,13762.0,2962
3972,"Legend of Drunken Master, The (Jui kuen II) (1994)",Action|Comedy,0111512,12207.0,2963
3973,Book of Shadows: Blair Witch 2 (2000),Crime|Horror|Mystery|Thriller,0229260,11531.0,2964
3974,"Little Vampire, The (2000)",Adventure|Children,0192255,24100.0,2965
3977,Charlie's Angels (2000),Action|Comedy,0160127,4327.0,2966
3978,"Legend of Bagger Vance, The (2000)",Drama|Romance,0146984,4958.0,2967
3979,Little Nicky (2000),Comedy,0185431,9678.0,2968
3980,Men of Honor (2000),Drama,0203019,11978.0,2969
3981,Red Planet (2000),Action|Sci-Fi|Thriller,0199753,8870.0,2970
3983,You Can Count on Me (2000),Drama|Romance,0203230,14295.0,2971
3984,Diamonds Are Forever (1971),Action|Adventure|Thriller,0066995,681.0,2972
3985,"Eagle Has Landed, The (1976)",Drama|War,0074452,11372.0,2973
3986,"6th Day, The (2000)",Action|Sci-Fi|Thriller,0216216,8452.0,2974
3987,Bounce (2000),Drama|Romance,0186894,10862.0,2975
3988,How the Grinch Stole Christmas (a.k.a. The Grinch) (2000),Children|Comedy|Fantasy,0170016,8871.0,2976
3989,One Day in September (1999),Documentary,0230591,34045.0,2977
3990,Rugrats in Paris: The Movie (2000),Animation|Children|Comedy,0213203,16340.0,2978
3991,102 Dalmatians (2000),Children|Comedy,0211181,10481.0,2979
3992,Malèna (2000),Drama|Romance|War,0213847,10867.0,2980
3993,Quills (2000),Drama|Romance,0180073,10876.0,2981
3994,Unbreakable (2000),Drama|Sci-Fi,0217869,9741.0,2982
3996,"Crouching Tiger, Hidden Dragon (Wo hu cang long) (2000)",Action|Drama|Romance,0190332,146.0,2983
3997,Dungeons & Dragons (2000),Action|Adventure|Comedy|Fantasy,0190374,11849.0,2984
3998,Proof of Life (2000),Drama,0228750,11983.0,2985
3999,Vertical Limit (2000),Action|Adventure,0190865,11678.0,2986
4000,"Bounty, The (1984)",Adventure|Drama,0086993,2669.0,2987
4002,"Planes, Trains & Automobiles (1987)",Comedy,0093748,2609.0,2988
4003,She's Having a Baby (1988),Comedy,0096094,12714.0,2989
4005,"Living Daylights, The (1987)",Action|Adventure|Thriller,0093428,708.0,2990
4006,Transformers: The Movie (1986),Adventure|Animation|Children|Sci-Fi,0092106,1857.0,2991
4007,Wall Street (1987),Drama,0094291,10673.0,2992
4008,Born on the Fourth of July (1989),Drama|War,0096969,2604.0,2993
4009,Talk Radio (1988),Drama,0096219,10132.0,2994
4010,Brewster's Millions (1985),Comedy,0088850,11064.0,2995
4011,Snatch (2000),Comedy|Crime|Thriller,0208092,107.0,2996
4012,Punchline (1988),Comedy|Drama,0095927,40820.0,2997
4014,Chocolat (2000),Drama|Romance,0241303,392.0,2998
4015,"Dude, Where's My Car? (2000)",Comedy|Sci-Fi,0242423,8859.0,2999
4016,"Emperor's New Groove, The (2000)",Adventure|Animation|Children|Comedy|Fantasy,0120917,11688.0,3000
4017,Pollock (2000),Drama,0183659,12509.0,3001
4018,What Women Want (2000),Comedy|Romance,0207201,3981.0,3002
4019,Finding Forrester (2000),Drama,0181536,711.0,3003
4020,"Gift, The (2000)",Thriller,0219699,2046.0,3004
4021,Before Night Falls (2000),Drama,0247196,5001.0,3005
4022,Cast Away (2000),Drama,0162222,8358.0,3006
4023,"Family Man, The (2000)",Comedy|Drama|Romance,0218967,5994.0,3007
4024,"House of Mirth, The (2000)",Romance,0200720,25520.0,3008
4025,Miss Congeniality (2000),Comedy|Crime,0212346,1493.0,3009
4027,"O Brother, Where Art Thou? (2000)",Adventure|Comedy|Crime,0190590,134.0,3010
4029,State and Main (2000),Comedy|Drama,0120202,21991.0,3011
4030,Dracula 2000 (2000),Horror,0219653,10577.0,3012
4031,All the Pretty Horses (2000),Drama|Romance|Western,0149624,21355.0,3013
4032,"Everlasting Piece, An (2000)",Comedy,0218182,29122.0,3014
4033,Thirteen Days (2000),Drama|Thriller|War,0146309,11973.0,3015
4034,Traffic (2000),Crime|Drama|Thriller,0181865,1900.0,3016
4035,"Claim, The (2000)",Romance|Western,0218378,44853.0,3017
4036,Shadow of the Vampire (2000),Drama|Horror,0189998,10873.0,3018
4037,House of Games (1987),Crime|Film-Noir|Mystery|Thriller,0093223,26719.0,3019
4039,Annie (1982),Children|Musical,0083564,15739.0,3020
4040,Don't Tell Mom the Babysitter's Dead (1991),Comedy,0101757,15413.0,3021
4041,"Officer and a Gentleman, An (1982)",Drama|Romance,0084434,2623.0,3022
4042,"Alamo, The (1960)",Action|Drama|War|Western,0053580,11209.0,3023
4043,At Close Range (1986),Crime|Drama,0090670,13715.0,3024
4046,Friendly Persuasion (1956),Drama,0049233,43258.0,3025
4047,Gettysburg (1993),Drama|War,0107007,10655.0,3026
4051,Horrors of Spider Island (Ein Toter Hing im Netz) (1960),Horror|Sci-Fi,0056600,,3027
4052,Antitrust (2001),Crime|Drama|Thriller,0218817,9989.0,3028
4053,Double Take (2001),Action|Comedy,0238948,18828.0,3029
4054,Save the Last Dance (2001),Drama|Romance,0206275,9816.0,3030
4055,Panic (2000),Drama,0194218,20637.0,3031
4056,"Pledge, The (2001)",Crime|Drama|Mystery|Thriller,0237572,5955.0,3032
4061,The Man in the Moon (1991),Drama|Romance,0102388,17474.0,3033
4062,Mystic Pizza (1988),Comedy|Drama|Romance,0095690,11191.0,3034
4063,Prelude to a Kiss (1992),Comedy|Drama|Romance,0105165,2613.0,3035
4064,Coffy (1973),Action|Crime|Thriller,0069897,22021.0,3036
4065,Foxy Brown (1974),Action|Crime|Drama,0071517,22048.0,3037
4066,I'm Gonna Git You Sucka (1988),Action|Comedy,0095348,17006.0,3038
4067,Untamed Heart (1993),Drama|Romance,0108451,26333.0,3039
4068,Sugar & Spice (2001),Comedy,0186589,16723.0,3040
4069,"Wedding Planner, The (2001)",Comedy|Romance,0209475,2018.0,3041
4074,"Legend of Rita, The (Stille nach dem Schuß, Die) (1999)",Drama,0234805,10499.0,3042
4077,"With a Friend Like Harry... (Harry, un ami qui vous veut du bien) (2000)",Drama|Thriller,0216800,47943.0,3043
4078,Amazing Grace and Chuck (1987),Drama,0092545,74340.0,3044
4079,Amazon Women on the Moon (1987),Comedy|Sci-Fi,0092546,5709.0,3045
4080,Baby Boom (1987),Comedy,0092605,11215.0,3046
4081,Back to the Beach (1987),Comedy,0092608,26477.0,3047
4082,Barfly (1987),Comedy|Drama|Romance,0092618,10937.0,3048
4083,Best Seller (1987),Thriller,0092641,4639.0,3049
4084,Beverly Hills Cop II (1987),Action|Comedy|Crime|Thriller,0092644,96.0,3050
4085,Beverly Hills Cop (1984),Action|Comedy|Crime|Drama,0086960,90.0,3051
4086,"Big Easy, The (1987)",Action|Crime|Mystery|Romance|Thriller,0092654,11028.0,3052
4089,Born in East L.A. (1987),Comedy,0092690,19324.0,3053
4090,"Brave Little Toaster, The (1987)",Animation|Children,0092695,19933.0,3054
4091,Can't Buy Me Love (1987),Comedy|Romance,0092718,12919.0,3055
4092,Cherry 2000 (1987),Romance|Sci-Fi,0092746,15785.0,3056
4093,Cop (1988),Thriller,0092783,31701.0,3057
4102,Eddie Murphy Raw (1987),Comedy|Documentary,0092948,17159.0,3058
4103,Empire of the Sun (1987),Action|Adventure|Drama|War,0092965,10110.0,3059
4104,Ernest Goes to Camp (1987),Comedy,0092974,18935.0,3060
4105,"Evil Dead, The (1981)",Fantasy|Horror|Thriller,0083907,764.0,3061
4109,Flowers in the Attic (1987),Drama|Thriller,0093036,15658.0,3062
4110,"Fourth Protocol, The (1987)",Thriller,0093044,4918.0,3063
4111,Gardens of Stone (1987),Drama|War,0093073,28368.0,3064
4113,"Glass Menagerie, The (1987)",Drama,0093093,52780.0,3065
4115,Hiding Out (1987),Comedy,0093186,26156.0,3066
4116,Hollywood Shuffle (1987),Comedy,0093200,34101.0,3067
4117,Hope and Glory (1987),Drama,0093209,32054.0,3068
4121,Innerspace (1987),Action|Adventure|Comedy|Sci-Fi,0093260,2614.0,3069
4123,Ishtar (1987),Comedy,0093278,12704.0,3070
4124,Jaws: The Revenge (1987),Horror|Thriller,0093300,580.0,3071
4125,Leonard Part 6 (1987),Comedy|Sci-Fi,0093405,24828.0,3072
4126,Less Than Zero (1987),Drama,0093407,13703.0,3073
4127,"Like Father, Like Son (1987)",Comedy,0093418,36914.0,3074
4128,"Lost Boys, The (1987)",Comedy|Horror|Thriller,0093437,1547.0,3075
4129,Made in Heaven (1987),Fantasy|Romance,0093467,42010.0,3076
4130,Maid to Order (1987),Comedy|Fantasy,0093476,2608.0,3077
4131,Making Mr. Right (1987),Comedy|Romance|Sci-Fi,0093477,32058.0,3078
4132,Mannequin (1987),Comedy|Romance,0093493,10019.0,3079
4133,Masters of the Universe (1987),Action|Adventure|Fantasy|Sci-Fi,0093507,11649.0,3080
4135,"Monster Squad, The (1987)",Adventure|Comedy|Horror,0093560,13509.0,3081
4138,My Demon Lover (1987),Comedy|Horror,0093589,51521.0,3082
4139,No Man's Land (1987),Crime|Drama,0093638,34379.0,3083
4141,Head Over Heels (2001),Comedy|Romance,0192111,24940.0,3084
4142,Left Behind: The Movie (2000),Action|Adventure|Drama|Thriller,0190524,37302.0,3085
4143,Valentine (2001),Horror|Mystery,0242998,10984.0,3086
4144,In the Mood For Love (Fa yeung nin wa) (2000),Drama|Romance,0118694,843.0,3087
4146,"Million Dollar Hotel, The (2001)",Drama|Mystery|Romance,0120753,318.0,3088
4147,Nico and Dani (Krámpack) (2000),Comedy|Drama|Romance,0250478,12806.0,3089
4148,Hannibal (2001),Horror|Thriller,0212985,9740.0,3090
4149,Saving Silverman (Evil Woman) (2001),Comedy|Romance,0239948,10878.0,3091
4152,Vatel (2000),Drama,0190861,7093.0,3092
4153,Down to Earth (2001),Comedy|Fantasy|Romance,0231775,16300.0,3093
4154,Recess: School's Out (2001),Animation|Children,0265632,19405.0,3094
4155,Sweet November (2001),Drama|Romance,0230838,1921.0,3095
4156,Company Man (2000),Comedy,0177650,44412.0,3096
4157,"Price of Milk, The (2000)",Comedy|Drama|Fantasy|Romance,0249893,21620.0,3097
4158,Monkeybone (2001),Animation|Comedy|Fantasy,0166276,23685.0,3098
4159,3000 Miles to Graceland (2001),Action|Thriller,0233142,12138.0,3099
4160,"Widow of St. Pierre, The (Veuve de Saint-Pierre, La) (2000)",Drama|Romance,0191636,48217.0,3100
4161,"Mexican, The (2001)",Action|Comedy,0236493,6073.0,3101
4164,"Caveman's Valentine, The (2001)",Drama,0182000,25208.0,3102
4166,Series 7: The Contenders (2001),Action|Drama,0251031,19513.0,3103
4167,15 Minutes (2001),Thriller,0179626,2749.0,3104
4168,Get Over It (2001),Comedy|Romance,0192071,10050.0,3105
4171,Long Night's Journey Into Day (2000),Documentary,0236447,95682.0,3106
4174,Avalon (1990),Drama,0099073,2302.0,3107
4175,Gray's Anatomy (1996),Comedy|Drama,0116447,32686.0,3108
4178,Of Mice and Men (1939),Drama,0031742,51802.0,3109
4180,Reform School Girls (1986),Action|Drama,0091836,29492.0,3110
4181,Tapeheads (1988),Comedy,0096223,25447.0,3111
4184,"Bishop's Wife, The (1947)",Comedy|Drama|Romance,0039190,19490.0,3112
4187,Lilies of the Field (1963),Drama,0057251,38805.0,3113
4189,"Greatest Story Ever Told, The (1965)",Drama,0059245,2428.0,3114
4190,Elmer Gantry (1960),Drama,0053793,22013.0,3115
4191,Alfie (1966),Comedy|Drama|Romance,0060086,15598.0,3116
4193,"Fantasticks, The (1995)",Musical,0113026,62127.0,3117
4194,I Know Where I'm Going! (1945),Drama|Romance|War,0037800,56137.0,3118
4195,"Abominable Dr. Phibes, The (1971)",Horror|Mystery,0066740,17965.0,3119
4197,Real Life (1979),Comedy,0079781,33250.0,3120
4198,Battle Beyond the Stars (1980),Sci-Fi,0080421,14460.0,3121
4200,Double Impact (1991),Action,0101764,9594.0,3122
4202,Fuzz (1972),Drama,0068617,4986.0,3123
4203,Harley Davidson and the Marlboro Man (1991),Action|Crime|Drama,0102005,2453.0,3124
4204,Losin' It (1983),Comedy,0085868,33676.0,3125
4205,Mermaids (1990),Comedy|Drama|Romance,0100140,4587.0,3126
4207,Navy Seals (1990),Action|Adventure|War,0100232,12773.0,3127
4210,Manhunter (1986),Action|Crime|Drama|Horror|Thriller,0091474,11454.0,3128
4211,Reversal of Fortune (1990),Drama,0100486,38718.0,3129
4212,Death on the Nile (1978),Crime|Mystery,0077413,4192.0,3130
4214,Revenge of the Nerds (1984),Comedy,0088000,14052.0,3131
4215,Revenge of the Nerds II: Nerds in Paradise (1987),Comedy,0093857,16889.0,3132
4217,4 Little Girls (1997),Documentary,0118540,26580.0,3133
4218,River's Edge (1986),Crime|Drama,0091860,21309.0,3134
4219,Girls Just Want to Have Fun (1985),Comedy,0089208,16263.0,3135
4220,"Longest Yard, The (1974)",Comedy,0071771,4985.0,3136
4221,Necessary Roughness (1991),Comedy,0102517,20704.0,3137
4223,Enemy at the Gates (2001),Drama|War,0215750,853.0,3138
4224,Exit Wounds (2001),Action|Thriller,0242445,10877.0,3139
4225,"Dish, The (2001)",Comedy,0205873,5257.0,3140
4226,Memento (2000),Mystery|Thriller,0209144,77.0,3141
4228,Heartbreakers (2001),Comedy|Crime|Romance,0125022,10833.0,3142
4229,Say It Isn't So (2001),Comedy|Romance,0239949,20309.0,3143
4231,Someone Like You (2001),Comedy|Romance,0244970,12658.0,3144
4232,Spy Kids (2001),Action|Adventure|Children|Comedy,0227538,10054.0,3145
4233,Tomcats (2001),Comedy,0246989,10646.0,3146
4234,"Tailor of Panama, The (2001)",Drama|Thriller,0236784,2575.0,3147
4235,Amores Perros (Love's a Bitch) (2000),Drama|Thriller,0245712,55.0,3148
4236,Keep the River on Your Right: A Modern Cannibal Tale (2000),Documentary,0206187,65075.0,3149
4237,"Gleaners & I, The (Les glaneurs et la glaneuse) (2000)",Documentary,0247380,44379.0,3150
4238,Along Came a Spider (2001),Action|Crime|Mystery|Thriller,0164334,2043.0,3151
4239,Blow (2001),Crime|Drama,0221027,4133.0,3152
4240,Just Visiting (2001),Comedy|Fantasy,0189192,56715.0,3153
4241,Pokémon 3: The Movie (2001),Animation|Children,0266860,10991.0,3154
4242,Beautiful Creatures (2000),Comedy|Crime|Drama|Thriller,0221889,15940.0,3155
4243,Brigham City (2001),Crime|Drama|Mystery,0268200,26791.0,3156
4246,Bridget Jones's Diary (2001),Comedy|Drama|Romance,0243155,634.0,3157
4247,Joe Dirt (2001),Adventure|Comedy|Mystery|Romance,0245686,10956.0,3158
4248,Josie and the Pussycats (2001),Comedy,0236348,19366.0,3159
4251,Chopper (2000),Drama|Thriller,0221073,9519.0,3160
4252,"Circle, The (Dayereh) (2000)",Drama,0255094,13898.0,3161
4254,Crocodile Dundee in Los Angeles (2001),Comedy|Drama,0231402,9290.0,3162
4255,Freddy Got Fingered (2001),Comedy,0240515,13166.0,3163
4256,"Center of the World, The (2001)",Drama,0240402,32590.0,3164
4259,"Luzhin Defence, The (2000)",Drama|Romance,0211492,52654.0,3165
4260,"Visit, The (2000)",Drama,0199129,70282.0,3166
4262,Scarface (1983),Action|Crime|Drama,0086250,111.0,3167
4263,Days of Wine and Roses (1962),Drama,0055895,32488.0,3168
4265,Driven (2001),Action|Thriller,0132245,10477.0,3169
4267,One Night at McCool's (2001),Comedy,0203755,2144.0,3170
4268,Town & Country (2001),Comedy,0141907,24113.0,3171
4270,"Mummy Returns, The (2001)",Action|Adventure|Comedy|Thriller,0209163,1734.0,3172
4273,Under the Sand (2000),Drama,0240913,4973.0,3173
4275,Krull (1983),Action|Adventure|Fantasy|Sci-Fi,0085811,849.0,3174
4276,Lost in America (1985),Comedy,0089504,27223.0,3175
4278,Triumph of the Will (Triumph des Willens) (1934),Documentary,0025913,39266.0,3176
4280,"World According to Garp, The (1982)",Comedy|Drama|Romance,0084917,11307.0,3177
4282,Fellini Satyricon (1969),Drama|Fantasy,0064940,11163.0,3178
4284,Frankie and Johnny (1966),Comedy,0060429,18691.0,3179
4285,Frankie and Johnny (1991),Comedy|Romance,0101912,3784.0,3180
4289,"City of Women, The (Città delle donne, La) (1980)",Comedy|Drama,0080539,11936.0,3181
4290,For the Boys (1991),Comedy|Drama|Musical,0101902,25221.0,3182
4291,Nine to Five (a.k.a. 9 to 5) (1980),Comedy|Crime,0080319,19494.0,3183
4292,Norma Rae (1979),Drama,0079638,40842.0,3184
4293,Summer Rental (1985),Comedy,0090098,19357.0,3185
4294,"5,000 Fingers of Dr. T, The (1953)",Children|Fantasy|Musical,0045464,33743.0,3186
4296,Love Story (1970),Drama|Romance,0066011,9062.0,3187
4297,Pelle the Conqueror (Pelle erobreren) (1987),Drama,0093713,11174.0,3188
4298,Rififi (Du rififi chez les hommes) (1955),Crime|Film-Noir|Thriller,0048021,934.0,3189
4299,"Knight's Tale, A (2001)",Action|Comedy|Romance,0183790,9476.0,3190
4300,Bread and Roses (2000),Drama,0212826,37691.0,3191
4304,Startup.com (2001),Documentary,0256408,14268.0,3192
4305,Angel Eyes (2001),Romance|Thriller,0225071,5852.0,3193
4306,Shrek (2001),Adventure|Animation|Children|Comedy|Fantasy|Romance,0126029,808.0,3194
4307,"Fast Food, Fast Women (2000)",Comedy|Romance,0206742,49453.0,3195
4308,Moulin Rouge (2001),Drama|Musical|Romance,0203009,824.0,3196
4310,Pearl Harbor (2001),Action|Drama|Romance|War,0213149,676.0,3197
4312,Himalaya (Himalaya - l'enfance d'un chef) (1999),Adventure|Drama,0210727,26813.0,3198
4313,"Man Who Cried, The (2000)",Drama,0206917,29572.0,3199
4316,Ice Castles (1978),Drama,0077716,50541.0,3200
4317,Love Potion #9 (1992),Comedy|Romance,0102343,26255.0,3201
4321,City Slickers (1991),Comedy|Western,0101587,1406.0,3202
4322,Eight Men Out (1988),Drama,0095082,13554.0,3203
4323,"Horse Soldiers, The (1959)",Adventure|War|Western,0052902,17664.0,3204
4325,"Night, The (Notte, La) (1960)",Drama,0054130,41050.0,3205
4326,Mississippi Burning (1988),Crime|Drama|Thriller,0095647,1632.0,3206
4327,"Magnificent Seven, The (1960)",Adventure|Western,0054047,966.0,3207
4329,Rio Bravo (1959),Western,0053221,301.0,3208
4333,Throw Momma from the Train (1987),Comedy|Crime,0094142,11896.0,3209
4334,Yi Yi (2000),Drama,0244316,25538.0,3210
4337,"Sand Pebbles, The (1966)",Drama|Romance|War,0060934,5923.0,3211
4338,Twelve O'Clock High (1949),Drama|War,0041996,15497.0,3212
4339,Von Ryan's Express (1965),Action|Adventure|Drama|War,0059885,21876.0,3213
4340,"Animal, The (2001)",Comedy,0255798,11090.0,3214
4342,Big Eden (2000),Drama|Romance,0212815,21056.0,3215
4343,Evolution (2001),Comedy|Sci-Fi,0251075,9397.0,3216
4344,Swordfish (2001),Action|Crime|Drama,0244244,9705.0,3217
4345,"Anniversary Party, The (2001)",Drama,0254099,26475.0,3218
4347,Divided We Fall (Musíme si pomáhat) (2000),Comedy|Drama,0234288,29937.0,3219
4349,Catch-22 (1970),Comedy|War,0065528,10364.0,3220
4350,Forgotten Silver (1996),Comedy|Documentary,0116344,32458.0,3221
4351,Point Break (1991),Action|Crime|Thriller,0102685,1089.0,3222
4353,Uncommon Valor (1983),Action|War,0086508,9967.0,3223
4354,Unlawful Entry (1992),Crime|Thriller,0105699,17494.0,3224
4355,Youngblood (1986),Action|Drama,0092272,17465.0,3225
4356,Gentlemen Prefer Blondes (1953),Comedy|Musical|Romance,0045810,759.0,3226
4357,How to Marry a Millionaire (1953),Comedy|Drama|Romance,0045891,10297.0,3227
4359,"Seven Year Itch, The (1955)",Comedy,0048605,10653.0,3228
4361,Tootsie (1982),Comedy|Romance,0084805,9576.0,3229
4366,Atlantis: The Lost Empire (2001),Adventure|Animation|Children|Fantasy,0230011,10865.0,3230
4367,Lara Croft: Tomb Raider (2001),Action|Adventure,0146316,1995.0,3231
4368,Dr. Dolittle 2 (2001),Comedy,0240462,10808.0,3232
4369,"Fast and the Furious, The (2001)",Action|Crime|Thriller,0232500,9799.0,3233
4370,A.I. Artificial Intelligence (2001),Adventure|Drama|Sci-Fi,0212720,644.0,3234
4371,Baby Boy (2001),Crime|Drama,0255819,16161.0,3235
4372,Crazy/Beautiful (2001),Drama|Romance,0250224,10691.0,3236
4373,Pootie Tang (2001),Comedy,0258038,10615.0,3237
4374,Let It Snow (1999),Comedy|Romance,0212517,47596.0,3238
4378,Sexy Beast (2000),Crime|Drama,0203119,11826.0,3239
4380,"Princess and the Warrior, The (Krieger und die Kaiserin, Der) (2000)",Drama|Romance,0203632,9301.0,3240
4381,"Closet, The (Placard, Le) (2001)",Comedy,0243493,11444.0,3241
4383,"Crimson Rivers, The (Rivières pourpres, Les) (2000)",Crime|Drama|Mystery|Thriller,0228786,60670.0,3242
4384,Lumumba (2000),Drama,0246765,55551.0,3243
4386,Cats & Dogs (2001),Children|Comedy,0239395,10992.0,3244
4387,Kiss of the Dragon (2001),Action,0271027,2140.0,3245
4388,Scary Movie 2 (2001),Comedy,0257106,4248.0,3246
4389,Lost and Delirious (2001),Drama,0245238,17612.0,3247
4390,Rape Me (Baise-moi) (2000),Crime|Drama|Thriller,0249380,3134.0,3248
4392,Alice (1990),Comedy|Drama|Fantasy|Romance,0099012,8217.0,3249
4393,Another Woman (1988),Drama,0094663,22478.0,3250
4394,Beach Blanket Bingo (1965),Comedy|Musical,0058953,26483.0,3251
4395,Big Deal on Madonna Street (I Soliti Ignoti) (1958),Comedy|Crime,0052216,24382.0,3252
4396,"Cannonball Run, The (1981)",Action|Comedy,0082136,11286.0,3253
4397,Cannonball Run II (1984),Action|Comedy,0087032,11950.0,3254
4399,"Diary of a Chambermaid (Journal d'une femme de chambre, Le) (1964)",Comedy|Drama,0058249,36245.0,3255
4402,Dr. Goldfoot and the Bikini Machine (1965),Comedy,0059124,26573.0,3256
4403,"Fall of the House of Usher, The (House of Usher) (1960)",Horror,0053925,23439.0,3257
4404,Faust (1926),Drama|Fantasy|Horror,0016847,10728.0,3258
4406,"Man Who Shot Liberty Valance, The (1962)",Crime|Drama|Western,0056217,11697.0,3259
4407,Salvador (1986),Drama|Thriller|War,0091886,6106.0,3260
4408,September (1987),Drama,0093940,22477.0,3261
4409,Shadows and Fog (1991),Comedy|Drama|Mystery|Thriller,0105378,19200.0,3262
4410,Something Wild (1986),Comedy|Crime|Drama,0091983,11300.0,3263
4412,"Thing with Two Heads, The (1972)",Comedy|Horror|Sci-Fi,0069372,28650.0,3264
4419,All That Heaven Allows (1955),Drama|Romance,0047811,43316.0,3265
4420,"Barefoot Contessa, The (1954)",Drama,0046754,34689.0,3266
4422,Cries and Whispers (Viskningar och rop) (1972),Drama,0069467,10238.0,3267
4424,"Garden of the Finzi-Continis, The (Giardino dei Finzi-Contini, Il) (1970)",Drama,0065777,4789.0,3268
4426,Kiss Me Deadly (1955),Film-Noir,0048261,18030.0,3269
4427,"Lion in Winter, The (1968)",Drama,0063227,18988.0,3270
4428,"Misfits, The (1961)",Comedy|Drama|Romance|Western,0055184,11536.0,3271
4429,Moby Dick (1956),Drama,0049513,10339.0,3272
4432,Sweet Smell of Success (1957),Drama|Film-Noir,0051036,976.0,3273
4433,Written on the Wind (1956),Drama,0049966,69605.0,3274
4434,"10th Victim, The (La decima vittima) (1965)",Action|Comedy|Sci-Fi|Thriller,0059095,65632.0,3275
4436,Obsession (1976),Mystery|Thriller,0074991,4780.0,3276
4437,Suspiria (1977),Horror,0076786,11906.0,3277
4438,"Fist of Fury (Chinese Connection, The) (Jing wu men) (1972)",Action|Drama|Romance|Thriller,0068767,11713.0,3278
4439,Christiane F. (a.k.a. We Children from Bahnhof Zoo) (Christiane F. - Wir Kinder vom Bahnhof Zoo) (1981),Drama,0082176,9589.0,3279
4440,"Big Boss, The (Fists of Fury) (Tang shan da xiong) (1971)",Action|Thriller,0067824,12481.0,3280
4441,Game of Death (1978),Action,0077594,13333.0,3281
4442,"Last Dragon, The (1985)",Action|Comedy|Drama,0089461,13938.0,3282
4443,Outland (1981),Action|Sci-Fi|Thriller,0082869,10540.0,3283
4444,"Way of the Dragon, The (a.k.a. Return of the Dragon) (Meng long guo jiang) (1972)",Action|Crime,0068935,9462.0,3284
4445,T-Rex: Back to the Cretaceous (1998),Adventure|Documentary|IMAX,0163862,82623.0,3285
4446,Final Fantasy: The Spirits Within (2001),Adventure|Animation|Fantasy|Sci-Fi,0173840,2114.0,3286
4447,Legally Blonde (2001),Comedy|Romance,0250494,8835.0,3287
4448,"Score, The (2001)",Action|Drama,0227445,11371.0,3288
4449,Adanggaman (2000),Drama,0262210,78248.0,3289
4450,Bully (2001),Crime|Drama|Thriller,0242193,9517.0,3290
4451,Jump Tomorrow (2001),Comedy|Drama|Romance,0273300,25985.0,3291
4452,Made (2001),Comedy,0227005,15745.0,3292
4453,Michael Jordan to the Max (2000),Documentary|IMAX,0245280,24977.0,3293
4454,More (1998),Animation|Drama|Sci-Fi|IMAX,0188913,36107.0,3294
4458,Africa: The Serengeti (1994),Documentary|IMAX,0109049,13794.0,3295
4459,Alaska: Spirit of the Wild (1997),Documentary|IMAX,0130445,13795.0,3296
4462,18 Again! (1988),Comedy|Fantasy,0094593,38965.0,3297
4463,1969 (1988),Drama|War,0094594,47817.0,3298
4464,"Accidental Tourist, The (1988)",Comedy|Drama|Romance,0094606,31052.0,3299
4465,"Accused, The (1988)",Drama,0094608,10868.0,3300
4466,Above the Law (1988),Action|Crime|Drama,0094602,9395.0,3301
4467,"Adventures of Baron Munchausen, The (1988)",Adventure|Comedy|Fantasy,0096764,14506.0,3302
4470,Ariel (1988),Drama,0094675,2.0,3303
4471,Arthur 2: On the Rocks (1988),Comedy|Romance,0094678,26044.0,3304
4473,Bat*21 (1988),Drama|War,0094712,14911.0,3305
4474,Beaches (1988),Comedy|Drama|Musical,0094715,15592.0,3306
4475,"Beast of War, The (Beast, The) (1988)",Drama|War,0094716,15267.0,3307
4476,Big Business (1988),Comedy,0094739,12710.0,3308
4477,Big Top Pee-Wee (1988),Adventure|Children|Comedy,0094744,30502.0,3309
4478,Biloxi Blues (1988),Comedy|Drama,0094746,19382.0,3310
4480,"Blob, The (1988)",Horror|Sci-Fi,0094761,9599.0,3311
4482,"Bright Lights, Big City (1988)",Drama,0094799,17170.0,3312
4483,Caddyshack II (1988),Comedy,0094824,18509.0,3313
4484,Camille Claudel (1988),Drama,0094828,110428.0,3314
4487,Cocktail (1988),Drama|Romance,0094889,7520.0,3315
4488,Colors (1988),Action|Crime|Drama,0094894,10126.0,3316
4489,Coming to America (1988),Comedy|Romance,0094898,9602.0,3317
4490,"Couch Trip, The (1988)",Comedy,0094910,23752.0,3318
4492,Critters (1986),Comedy|Sci-Fi,0090887,3980.0,3319
4495,Crossing Delancey (1988),Comedy|Romance,0094921,27397.0,3320
4496,D.O.A. (1988),Film-Noir|Mystery|Thriller,0094933,9748.0,3321
4497,Dead Heat (1988),Action|Comedy|Horror|Sci-Fi,0094961,40095.0,3322
4498,"Dead Pool, The (1988)",Action|Crime|Thriller,0094963,10651.0,3323
4499,Dirty Rotten Scoundrels (1988),Comedy,0095031,10141.0,3324
4500,Drowning by Numbers (1988),Comedy|Drama,0092929,27362.0,3325
4502,Ernest Saves Christmas (1988),Children|Comedy,0095107,26386.0,3326
4504,Feds (1988),Comedy,0095145,25884.0,3327
4505,For Keeps (1988),Drama|Romance,0095169,26355.0,3328
4506,Frantic (1988),Crime|Mystery|Thriller,0095174,10675.0,3329
4508,Gorillas in the Mist (1988),Drama,0095243,10130.0,3330
4509,"Great Outdoors, The (1988)",Comedy,0095253,2617.0,3331
4511,High Spirits (1988),Comedy,0095304,21362.0,3332
4516,Johnny Be Good (1988),Comedy,0095409,20443.0,3333
4517,Lady in White (a.k.a. The Mystery of the Lady in White) (1988),Horror|Mystery|Thriller,0095484,49365.0,3334
4518,The Lair of the White Worm (1988),Comedy|Horror,0095488,11347.0,3335
4519,"Land Before Time, The (1988)",Adventure|Animation|Children|Fantasy,0095489,12144.0,3336
4520,License to Drive (1988),Comedy,0095519,13704.0,3337
4521,Little Nikita (1988),Drama,0095532,12505.0,3338
4522,Masquerade (1988),Mystery|Romance|Thriller,0095599,41963.0,3339
4523,Milagro Beanfield War (1988),Comedy|Drama|Fantasy,0095638,13482.0,3340
4524,Moon Over Parador (1988),Comedy,0095654,34014.0,3341
4526,My Stepmother Is an Alien (1988),Comedy|Romance|Sci-Fi,0095687,12120.0,3342
4527,"Night in the Life of Jimmy Reardon, A (1988)",Comedy|Romance,0095736,47818.0,3343
4529,Bagdad Cafe (Out of Rosenheim) (1987),Comedy|Drama,0095801,3543.0,3344
4531,Red Heat (1988),Action,0095963,9604.0,3345
4533,"Return of the Living Dead, The (1985)",Comedy|Horror|Sci-Fi,0089907,10925.0,3346
4534,Return to Snowy River (a.k.a. The Man From Snowy River II) (1988),Adventure|Drama|Western,0095993,13965.0,3347
4535,"Man from Snowy River, The (1982)",Drama|Romance|Western,0084296,24266.0,3348
4537,Running on Empty (1988),Drama,0096018,18197.0,3349
4541,"Serpent and the Rainbow, The (1988)",Horror,0096071,11503.0,3350
4544,Short Circuit 2 (1988),Comedy|Sci-Fi,0096101,11966.0,3351
4545,Short Circuit (1986),Comedy|Sci-Fi,0091949,2605.0,3352
4546,"Vanishing, The (Spoorloos) (1988)",Drama|Thriller,0096163,8740.0,3353
4552,"Tetsuo, the Ironman (Tetsuo) (1988)",Action|Horror|Sci-Fi|Thriller,0096251,41428.0,3354
4553,They Live (1988),Action|Sci-Fi|Thriller,0096256,8337.0,3355
4557,Tucker: The Man and His Dream (1988),Drama,0096316,28176.0,3356
4558,Twins (1988),Comedy,0096320,9493.0,3357
4562,Without a Clue (1988),Comedy|Mystery,0096454,12582.0,3358
4563,Young Einstein (1988),Comedy,0096486,10001.0,3359
4564,Always (1989),Drama|Fantasy|Romance,0096794,11352.0,3360
4565,American Ninja (1985),Action|Adventure,0088708,12500.0,3361
4568,Best of the Best (1989),Action,0096913,17882.0,3362
4571,Bill & Ted's Excellent Adventure (1989),Adventure|Comedy|Sci-Fi,0096928,1648.0,3363
4572,Black Rain (1989),Action|Crime|Drama,0096933,4105.0,3364
4573,Blaze (1989),Comedy|Drama,0096943,22711.0,3365
4574,Blind Fury (1989),Action|Thriller,0096945,19124.0,3366
4577,Casualties of War (1989),Drama|War,0097027,10142.0,3367
4578,Chances Are (1989),Comedy|Romance,0097044,3064.0,3368
4580,Cyborg (1989),Action|Sci-Fi,0097138,10134.0,3369
4581,Dad (1989),Drama,0097142,21291.0,3370
4583,Disorganized Crime (1989),Action|Comedy,0097211,30352.0,3371
4584,Dream a Little Dream (1989),Comedy|Drama|Romance,0097236,15142.0,3372
4585,"Dream Team, The (1989)",Comedy,0097235,14550.0,3373
4587,Earth Girls Are Easy (1988),Comedy|Musical|Sci-Fi,0097257,2210.0,3374
4589,Eddie and the Cruisers (1983),Drama|Musical|Mystery,0085475,21721.0,3375
4591,Erik the Viking (1989),Adventure|Comedy|Fantasy,0097289,11828.0,3376
4593,Family Business (1989),Comedy,0097328,10551.0,3377
4594,Farewell to the King (1989),Action|War,0097334,20713.0,3378
4595,Fat Man and Little Boy (1989),Drama,0097336,27461.0,3379
4597,Gleaming the Cube (1989),Action|Drama|Mystery,0097438,1380.0,3380
4599,Great Balls of Fire! (1989),Drama,0097457,11465.0,3381
4600,Gross Anatomy (a.k.a. A Cut Above) (1989),Comedy|Drama,0097458,17190.0,3382
4602,Harlem Nights (1989),Comedy|Crime|Romance,0097481,9085.0,3383
4603,Her Alibi (1989),Comedy|Romance,0097500,17819.0,3384
4605,How to Get Ahead in Advertising (1989),Comedy|Fantasy,0097531,14776.0,3385
4608,"Innocent Man, An (1989)",Crime|Drama,0097579,29185.0,3386
4610,"January Man, The (1989)",Comedy|Crime|Mystery|Thriller,0097613,32059.0,3387
4611,Johnny Handsome (1989),Crime|Drama,0097626,505.0,3388
4612,Jesus of Montreal (Jésus de Montréal) (1989),Drama,0097635,4486.0,3389
4613,K-9 (1989),Action|Comedy|Crime,0097637,10345.0,3390
4614,Kickboxer (1989),Action,0097659,10222.0,3391
4615,Last Exit to Brooklyn (1989),Drama,0097714,12774.0,3392
4616,Lean on Me (1989),Drama,0097722,14621.0,3393
4617,Let It Ride (1989),Comedy,0097731,19118.0,3394
4619,Little Monsters (1989),Comedy,0097758,15138.0,3395
4621,Look Who's Talking (1989),Comedy|Romance,0097778,9494.0,3396
4622,Loverboy (1989),Comedy,0097790,17362.0,3397
4623,Major League (1989),Comedy,0097815,9942.0,3398
4624,Meet the Feebles (1989),Animation|Comedy|Musical,0097858,8216.0,3399
4625,Millennium (1989),Drama|Sci-Fi|Thriller,0097883,4296.0,3400
4626,Miracle Mile (1989),Drama|Romance|Sci-Fi,0097889,24739.0,3401
4628,New York Stories (1989),Comedy|Drama,0097965,9686.0,3402
4629,Next of Kin (1989),Action|Crime|Thriller,0097967,27418.0,3403
4630,No Holds Barred (1989),Action,0097987,39002.0,3404
4632,"Package, The (1989)",Action|Thriller,0098051,31606.0,3405
4634,Penn & Teller Get Killed (1989),Adventure|Comedy,0098073,37146.0,3406
4635,Pink Cadillac (1989),Action|Comedy|Drama,0098097,20006.0,3407
4636,"Punisher, The (1989)",Action,0098141,8867.0,3408
4638,Jurassic Park III (2001),Action|Adventure|Sci-Fi|Thriller,0163025,331.0,3409
4639,America's Sweethearts (2001),Comedy|Romance,0265029,11467.0,3410
4640,Brother (2000),Action|Crime|Thriller,0222851,327.0,3411
4641,Ghost World (2001),Comedy|Drama,0162346,1548.0,3412
4642,Hedwig and the Angry Inch (2000),Comedy|Drama|Musical,0248845,13403.0,3413
4643,Planet of the Apes (2001),Action|Adventure|Drama|Sci-Fi,0133152,869.0,3414
4644,Bread and Tulips (Pane e tulipani) (2000),Comedy|Drama|Romance,0237539,552.0,3415
4645,Cure (1997),Crime|Horror|Thriller,0123948,36095.0,3416
4646,Greenfingers (2000),Comedy|Drama,0203540,33379.0,3417
4649,Wet Hot American Summer (2001),Comedy,0243655,2171.0,3418
4653,"Return of the Musketeers, The (1989)",Adventure|Comedy,0098194,41946.0,3419
4654,Road House (1989),Action|Drama,0098206,10135.0,3420
4658,Santa Sangre (1989),Drama|Horror|Mystery|Thriller,0098253,19236.0,3421
4660,Scenes from the Class Struggle in Beverly Hills (1989),Comedy,0098261,60276.0,3422
4661,Sea of Love (1989),Crime|Drama|Thriller,0098273,12150.0,3423
4662,"See No Evil, Hear No Evil (1989)",Comedy|Crime,0098282,11185.0,3424
4663,She's Out of Control (1989),Comedy,0098308,47045.0,3425
4666,Skin Deep (1989),Comedy,0098343,12478.0,3426
4670,"Stepfather, The (1987)",Horror|Thriller,0094035,25155.0,3427
4671,Sweetie (1989),Drama,0098725,65015.0,3428
4672,"Tall Guy, The (1989)",Comedy|Romance,0098436,24077.0,3429
4673,Tango & Cash (1989),Action|Comedy|Crime|Thriller,0098439,9618.0,3430
4675,Three Fugitives (1989),Action|Comedy,0098471,31608.0,3431
4676,Troop Beverly Hills (1989),Comedy,0098519,22102.0,3432
4677,Turner & Hooch (1989),Comedy|Crime,0098536,6951.0,3433
4678,UHF (1989),Comedy,0098546,11959.0,3434
4679,Uncle Buck (1989),Comedy,0098554,2616.0,3435
4681,"War of the Roses, The (1989)",Comedy|Drama,0098621,249.0,3436
4683,"Wizard, The (1989)",Adventure|Children|Comedy|Drama,0098663,183.0,3437
4686,Weekend at Bernie's II (1993),Adventure|Comedy,0108539,8494.0,3438
4687,Billy Liar (1963),Comedy,0056868,26535.0,3439
4688,Black Robe (1991),Adventure|Drama,0101465,41784.0,3440
4689,"Cat o' Nine Tails, The (Gatto a nove code, Il) (1971)",Mystery|Thriller,0065761,27431.0,3441
4690,"Cotton Club, The (1984)",Crime|Musical,0087089,2148.0,3442
4695,Who'll Stop the Rain (1978),Crime|Drama,0078490,31941.0,3443
4697,Basket Case (1982),Comedy|Horror,0083624,27813.0,3444
4699,Original Sin (2001),Drama|Romance|Thriller,0218922,2057.0,3445
4700,"Princess Diaries, The (2001)",Children|Comedy|Romance,0247638,9880.0,3446
4701,Rush Hour 2 (2001),Action|Comedy,0266915,5175.0,3447
4703,Chocolat (1988),Drama,0094868,41951.0,3448
4704,Hatari! (1962),Adventure|Comedy,0056059,11385.0,3449
4705,"Cage aux Folles, La (1978)",Comedy,0077288,4484.0,3450
4708,Marat/Sade (1966),Drama|Musical,0060668,44258.0,3451
4709,Paint Your Wagon (1969),Comedy|Musical|Western,0064782,20391.0,3452
4710,"Shootist, The (1976)",Drama|Western,0075213,12584.0,3453
4711,Theremin: An Electronic Odyssey (1993),Documentary,0108323,70042.0,3454
4713,Altered States (1980),Drama|Sci-Fi,0080360,11542.0,3455
4714,Any Which Way You Can (1980),Comedy,0080377,17169.0,3456
4715,"Awakening, The (1980)",Horror,0080402,39176.0,3457
4717,"Battle Creek Brawl (Big Brawl, The) (1980)",Action|Comedy,0080436,19267.0,3458
4718,American Pie 2 (2001),Comedy,0252866,2770.0,3459
4719,Osmosis Jones (2001),Action|Animation|Comedy|Crime|Drama|Romance|Thriller,0181739,12610.0,3460
4720,"Others, The (2001)",Drama|Horror|Mystery|Thriller,0230600,1933.0,3461
4721,American Outlaws (2001),Action|Comedy|Western,0244000,13496.0,3462
4722,All Over the Guy (2001),Comedy,0250202,21055.0,3463
4723,"Deep End, The (2001)",Drama,0250323,24936.0,3464
4725,Session 9 (2001),Horror|Thriller,0261983,10972.0,3465
4727,Captain Corelli's Mandolin (2001),Drama|Romance|War,0238112,1722.0,3466
4728,Rat Race (2001),Comedy,0250687,9896.0,3467
4732,Bubble Boy (2001),Comedy,0258470,9683.0,3468
4733,"Curse of the Jade Scorpion, The (2001)",Comedy,0256524,2779.0,3469
4734,Jay and Silent Bob Strike Back (2001),Adventure|Comedy,0261392,2294.0,3470
4735,Ghosts of Mars (2001),Horror|Sci-Fi|Thriller,0228333,10016.0,3471
4736,Summer Catch (2001),Comedy|Drama|Romance,0234829,26602.0,3472
4738,Happy Accidents (2000),Romance|Sci-Fi,0208196,22230.0,3473
4740,Maybe Baby (2000),Comedy|Romance,0206926,13966.0,3474
4741,Together (Tillsammans) (2000),Comedy|Drama|Romance,0203166,742.0,3475
4743,Tortilla Soup (2001),Comedy|Romance,0255653,15104.0,3476
4744,Jeepers Creepers (2001),Horror,0263488,8922.0,3477
4745,O (2001),Drama,0184791,11065.0,3478
4748,3 Ninjas (1992),Action|Children|Comedy,0103596,16314.0,3479
4749,3 Ninjas Kick Back (1994),Action|Children|Comedy,0109015,18885.0,3480
4750,3 Ninjas Knuckle Up (1995),Action|Children,0112255,40508.0,3481
4754,"Wicker Man, The (1973)",Drama|Horror|Mystery|Thriller,0070917,16307.0,3482
4756,"Musketeer, The (2001)",Action|Adventure|Drama|Romance,0246544,11370.0,3483
4757,Rock Star (2001),Comedy|Drama|Musical,0202470,12508.0,3484
4759,Two Can Play That Game (2001),Comedy|Drama,0269341,25462.0,3485
4765,L.I.E. (2001),Drama,0242587,18734.0,3486
4766,"Our Lady of the Assassins (Virgen de los sicarios, La) (2000)",Crime|Drama|Romance,0250809,44321.0,3487
4769,Into the Arms of Strangers: Stories of the Kindertransport (2000),Documentary,0248912,58062.0,3488
4770,"Glass House, The (2001)",Thriller,0221218,2176.0,3489
4771,Hardball (2001),Drama,0180734,20857.0,3490
4772,Dinner Rush (2000),Drama,0229340,22617.0,3491
4773,Haiku Tunnel (2001),Comedy,0273253,75386.0,3492
4774,Big Trouble (2002),Comedy|Crime,0246464,2185.0,3493
4775,Glitter (2001),Drama|Musical|Romance,0118589,10696.0,3494
4776,Training Day (2001),Crime|Drama|Thriller,0139654,2034.0,3495
4777,"American Astronaut, The (2001)",Comedy|Musical|Sci-Fi,0243759,21538.0,3496
4780,Liam (2000),Drama,0255321,48834.0,3497
4782,Sidewalks of New York (2001),Comedy|Romance,0239986,31016.0,3498
4783,"Endurance: Shackleton's Legendary Antarctic Expedition, The (2000)",Documentary,0264578,32567.0,3499
4784,"French Lieutenant's Woman, The (1981)",Drama,0082416,12537.0,3500
4785,"Great Silence, The (Grande silenzio, Il) (1969)",Drama|Western,0063032,9028.0,3501
4786,"Legend of Hell House, The (1973)",Horror|Thriller,0070294,16180.0,3502
4787,Little Man Tate (1991),Drama,0102316,11521.0,3503
4788,Moscow Does Not Believe in Tears (Moskva slezam ne verit) (1979),Drama|Romance,0079579,21028.0,3504
4789,Phantom of the Paradise (1974),Comedy|Fantasy|Horror|Musical|Thriller,0071994,27327.0,3505
4792,13 Ghosts (1960),Horror,0053559,29756.0,3506
4794,Opera (1987),Crime|Horror|Mystery,0093677,20115.0,3507
4795,Father Goose (1964),Adventure|Comedy|Romance|War,0058092,30295.0,3508
4796,"Grass Is Greener, The (1960)",Comedy|Romance,0053877,25767.0,3509
4798,Indiscreet (1958),Comedy|Romance,0051773,22874.0,3510
4799,"It's a Mad, Mad, Mad, Mad World (1963)",Action|Adventure|Comedy|Crime,0057193,11576.0,3511
4800,King Solomon's Mines (1937),Action|Adventure|Drama|Romance|Thriller,0029081,43860.0,3512
4801,"Little Foxes, The (1941)",Drama,0033836,43802.0,3513
4802,Operation Petticoat (1959),Action|Comedy|Romance|War,0053143,9660.0,3514
4803,Play Misty for Me (1971),Drama|Thriller,0067588,15393.0,3515
4804,Pocketful of Miracles (1961),Comedy|Drama,0055312,248.0,3516
4808,"Vanishing, The (1993)",Mystery|Thriller,0108473,1644.0,3517
4809,Silkwood (1983),Drama,0086312,12502.0,3518
4810,I Never Promised You a Rose Garden (1977),Drama,0076172,66092.0,3519
4811,Quadrophenia (1979),Drama|Musical,0079766,10373.0,3520
4812,SpaceCamp (1986),Adventure|Sci-Fi,0091993,13766.0,3521
4813,When Worlds Collide (1951),Sci-Fi,0044207,16380.0,3522
4814,Don't Say a Word (2001),Thriller,0260866,12103.0,3523
4815,Hearts in Atlantis (2001),Drama,0252501,11313.0,3524
4816,Zoolander (2001),Comedy,0196229,9398.0,3525
4818,Extreme Days (2001),Action|Adventure|Comedy|Drama,0245891,45864.0,3526
4821,Joy Ride (2001),Adventure|Thriller,0206314,10866.0,3527
4822,Max Keeble's Big Move (2001),Children|Comedy,0273799,34549.0,3528
4823,Serendipity (2001),Comedy|Romance,0240890,9778.0,3529
4825,"Swamp, The (Ciénaga, La) (2001)",Comedy|Drama,0240419,58429.0,3530
4826,"Big Red One, The (1980)",Action|Adventure|Drama|War,0080437,16121.0,3531
4827,"Boogeyman, The (1980)",Horror,0080464,40220.0,3532
4828,"Party, The (Boum, La) (1980)",Comedy|Romance,0082100,166.0,3533
4830,Brubaker (1980),Crime|Drama,0080474,1623.0,3534
4831,Can't Stop the Music (1980),Comedy|Musical,0080492,40932.0,3535
4833,"Changeling, The (1980)",Horror|Mystery|Thriller,0080516,13550.0,3536
4835,Coal Miner's Daughter (1980),Drama,0080549,16769.0,3537
4836,"Competition, The (1980)",Drama|Romance,0080556,42158.0,3538
4840,"Last Metro, The (Dernier métro, Le) (1980)",Drama|Romance,0080610,1716.0,3539
4844,Bandits (2001),Comedy|Crime|Romance,0219965,3172.0,3540
4845,Corky Romano (2001),Comedy|Crime,0250310,17708.0,3541
4846,Iron Monkey (Siu nin Wong Fei-hung ji: Tit Ma Lau) (1993),Action|Comedy,0108148,12780.0,3542
4847,Fat Girl (À ma soeur!) (2001),Drama,0243255,570.0,3543
4848,Mulholland Drive (2001),Crime|Drama|Film-Noir|Mystery|Thriller,0166924,1018.0,3544
4849,My First Mister (2001),Comedy|Drama,0206963,25641.0,3545
4850,Spriggan (Supurigan) (1998),Action|Animation|Sci-Fi,0164917,16767.0,3546
4852,Bones (2001),Horror,0166110,11380.0,3547
4855,Dirty Harry (1971),Action|Crime|Thriller,0066999,984.0,3548
4857,Fiddler on the Roof (1971),Drama|Musical,0067093,14811.0,3549
4860,Making the Grade (1984),Comedy,0087666,55727.0,3550
4862,Not Without My Daughter (1991),Drama,0102555,9585.0,3551
4863,Female Trouble (1975),Comedy|Crime,0072979,14267.0,3552
4864,Titanica (1992),Documentary|IMAX,0105601,45929.0,3553
4865,From Hell (2001),Crime|Horror|Mystery|Thriller,0120681,768.0,3554
4866,"Last Castle, The (2001)",Action,0272020,2100.0,3555
4867,Riding in Cars with Boys (2001),Comedy|Drama,0200027,11091.0,3556
4871,Focus (2001),Drama,0246628,18192.0,3557
4873,Waking Life (2001),Animation|Drama|Fantasy,0243017,9081.0,3558
4874,K-PAX (2001),Drama|Fantasy|Mystery|Sci-Fi,0272152,167.0,3559
4876,Thirteen Ghosts (a.k.a. Thir13en Ghosts) (2001),Horror|Thriller,0245674,9378.0,3560
4877,Better Than Sex (2000),Comedy|Romance,0236019,27444.0,3561
4878,Donnie Darko (2001),Drama|Mystery|Sci-Fi|Thriller,0246578,141.0,3562
4879,High Heels and Low Lifes (2001),Action|Comedy|Crime|Drama,0253126,10034.0,3563
4880,Life as a House (2001),Drama,0264796,11457.0,3564
4881,"Man Who Wasn't There, The (2001)",Crime|Drama,0243133,10778.0,3565
4883,"Town is Quiet, The (Ville est tranquille, La) (2000)",Drama,0234988,67385.0,3566
4885,Domestic Disturbance (2001),Thriller,0249478,11456.0,3567
4886,"Monsters, Inc. (2001)",Adventure|Animation|Children|Comedy|Fantasy,0198781,585.0,3568
4887,"One, The (2001)",Action|Sci-Fi|Thriller,0267804,10796.0,3569
4888,Tape (2001),Drama,0275719,23949.0,3570
4889,Heist (2001),Crime|Drama,0252503,11088.0,3571
4890,Shallow Hal (2001),Comedy|Fantasy|Romance,0256380,9889.0,3572
4893,When a Stranger Calls (1979),Horror|Thriller,0080130,45964.0,3573
4896,Harry Potter and the Sorcerer's Stone (a.k.a. Harry Potter and the Philosopher's Stone) (2001),Adventure|Children|Fantasy,0241527,671.0,3574
4898,Novocaine (2001),Comedy|Crime|Mystery|Thriller,0234354,20794.0,3575
4899,Black Knight (2001),Adventure|Comedy|Fantasy,0265087,11469.0,3576
4900,Out Cold (2001),Comedy,0253798,14369.0,3577
4901,Spy Game (2001),Action|Crime|Drama|Thriller,0266987,1535.0,3578
4902,"Devil's Backbone, The (Espinazo del diablo, El) (2001)",Drama|Fantasy|Horror|Thriller|War,0256009,1433.0,3579
4903,In the Bedroom (2001),Drama,0247425,1999.0,3580
4909,"Incredible Shrinking Woman, The (1981)",Comedy|Sci-Fi,0082558,12472.0,3581
4911,Jabberwocky (1977),Adventure|Comedy|Fantasy,0076221,11834.0,3582
4912,Funny Girl (1968),Drama|Musical|Romance,0062994,16085.0,3583
4914,Breathless (À bout de souffle) (1960),Crime|Drama|Romance,0053472,269.0,3584
4915,"Beastmaster, The (1982)",Action|Adventure|Fantasy,0083630,16441.0,3585
4916,Midway (1976),Drama|War,0074899,11422.0,3586
4917,MacArthur (1977),Drama,0076342,31037.0,3587
4919,Subway (1985),Crime|Drama|Romance|Thriller,0090095,10656.0,3588
4920,"Now, Voyager (1942)",Drama|Romance,0035140,32847.0,3589
4921,Little Women (1933),Drama|Romance,0024264,39938.0,3590
4925,"Cheap Detective, The (1978)",Comedy,0077321,14584.0,3591
4926,Everybody's Famous! (Iedereen beroemd!) (2000),Comedy|Drama|Musical,0209037,58886.0,3592
4927,"Last Wave, The (1977)",Fantasy|Mystery|Thriller,0076299,72277.0,3593
4928,That Obscure Object of Desire (Cet obscur objet du désir) (1977),Drama,0075824,5781.0,3594
4929,"Toy, The (1982)",Comedy,0084809,23805.0,3595
4932,Dressed to Kill (1980),Mystery|Thriller,0080661,11033.0,3596
4936,Fame (1980),Drama|Musical,0080716,3537.0,3597
4939,"Final Countdown, The (1980)",Action|Sci-Fi,0080736,8738.0,3598
4941,Flash Gordon (1980),Action|Adventure|Sci-Fi,0080745,3604.0,3599
4942,"Angry Red Planet, The (1959)",Sci-Fi,0052564,6974.0,3600
4945,"Enforcer, The (1976)",Crime,0074483,10649.0,3601
4946,"Eye for an Eye, An (1981)",Action|Crime|Thriller,0082350,42566.0,3602
4947,"Gauntlet, The (1977)",Action,0076070,17689.0,3603
4951,Lord of the Flies (1990),Adventure|Drama|Thriller,0100054,10847.0,3604
4952,Morons From Outer Space (1985),Comedy|Sci-Fi,0089622,33525.0,3605
4953,"People That Time Forgot, The (1977)",Adventure|Sci-Fi,0076535,27591.0,3606
4954,Ocean's Eleven (a.k.a. Ocean's 11) (1960),Comedy|Crime,0054135,299.0,3607
4956,"Stunt Man, The (1980)",Action|Adventure|Comedy|Drama|Romance|Thriller,0081568,42160.0,3608
4957,Sudden Impact (1983),Crime|Thriller,0086383,10650.0,3609
4958,Behind Enemy Lines (2001),Action|Drama|War,0159273,8007.0,3610
4959,"Affair of the Necklace, The (2001)",Drama,0242252,19076.0,3611
4961,Pornstar: The Legend of Ron Jeremy (2001),Documentary,0282856,50562.0,3612
4962,Texas Rangers (2001),Adventure|Western,0193560,13503.0,3613
4963,Ocean's Eleven (2001),Crime|Thriller,0240772,161.0,3614
4964,Baran (2001),Adventure|Drama|Romance,0233841,43774.0,3615
4965,"Business of Strangers, The (2001)",Action|Drama|Thriller,0270259,31064.0,3616
4966,"Incredible Shrinking Man, The (1957)",Sci-Fi|Thriller,0050539,31682.0,3617
4967,No Man's Land (2001),Drama|War,0283509,8342.0,3618
4969,And Then There Were None (1945),Crime|Mystery,0037515,4886.0,3619
4970,"Blue Angel, The (Blaue Engel, Der) (1930)",Drama,0020697,228.0,3620
4971,Moscow on the Hudson (1984),Comedy|Drama,0087747,23111.0,3621
4973,"Amelie (Fabuleux destin d'Amélie Poulain, Le) (2001)",Comedy|Romance,0211915,194.0,3622
4974,Not Another Teen Movie (2001),Comedy,0277371,11397.0,3623
4975,Vanilla Sky (2001),Mystery|Romance|Sci-Fi|Thriller,0259711,1903.0,3624
4976,Iris (2001),Drama,0280778,11889.0,3625
4977,Kandahar (Safar e Ghandehar) (2001),Drama,0283431,28171.0,3626
4978,Lantana (2001),Drama|Mystery|Thriller,0259393,9523.0,3627
4979,"Royal Tenenbaums, The (2001)",Comedy|Drama,0265666,9428.0,3628
4980,Bill & Ted's Bogus Journey (1991),Adventure|Comedy|Fantasy|Sci-Fi,0101452,1649.0,3629
4981,Clockwise (1986),Comedy,0090852,11938.0,3630
4985,Sheena (1984),Action|Adventure|Fantasy,0088103,24264.0,3631
4987,Spacehunter: Adventures in the Forbidden Zone (1983),Action|Adventure|Sci-Fi,0086346,26978.0,3632
4988,White Water Summer (1987),Adventure,0094318,19209.0,3633
4989,How High (2001),Comedy,0278488,8386.0,3634
4990,Jimmy Neutron: Boy Genius (2001),Adventure|Animation|Children|Comedy,0268397,12589.0,3635
4991,Joe Somebody (2001),Comedy|Drama|Romance,0279889,12312.0,3636
4992,Kate & Leopold (2001),Comedy|Romance,0035423,11232.0,3637
4993,"Lord of the Rings: The Fellowship of the Ring, The (2001)",Adventure|Fantasy,0120737,120.0,3638
4994,"Majestic, The (2001)",Comedy|Drama|Romance,0268995,11086.0,3639
4995,"Beautiful Mind, A (2001)",Drama|Romance,0268978,453.0,3640
4998,"Defiant Ones, The (1958)",Adventure|Crime|Drama|Thriller,0051525,11414.0,3641
5004,"Party, The (1968)",Comedy,0063415,10794.0,3642
5007,Topkapi (1964),Adventure|Comedy|Thriller,0058672,5052.0,3643
5008,Witness for the Prosecution (1957),Drama|Mystery|Thriller,0051201,37257.0,3644
5009,Ali (2001),Drama,0248667,8489.0,3645
5010,Black Hawk Down (2001),Action|Drama|War,0265086,855.0,3646
5011,Charlotte Gray (2001),Drama|Romance,0245046,12660.0,3647
5012,Yentl (1983),Drama|Musical|Romance,0086619,10269.0,3648
5013,Gosford Park (2001),Comedy|Drama|Mystery,0280707,5279.0,3649
5014,I Am Sam (2001),Drama,0277027,10950.0,3650
5015,Monster's Ball (2001),Drama|Romance,0285742,1365.0,3651
5016,"Shipping News, The (2001)",Drama,0120824,6440.0,3652
5021,Murder by Death (1976),Comedy|Crime|Mystery|Thriller,0074937,6037.0,3653
5023,"Waterdance, The (1992)",Drama,0105789,61418.0,3654
5025,Orange County (2002),Comedy,0273923,11857.0,3655
5026,"Brotherhood of the Wolf (Pacte des loups, Le) (2001)",Action|Mystery|Thriller,0237534,6312.0,3656
5027,Another 48 Hrs. (1990),Action|Comedy|Crime|Drama|Thriller,0099044,11595.0,3657
5028,What Time Is It There? (Ni neibian jidian) (2001),Drama,0269746,24166.0,3658
5033,"Russia House, The (1990)",Drama|Thriller,0100530,10170.0,3659
5034,"Truly, Madly, Deeply (1991)",Drama|Romance,0103129,18317.0,3660
5039,Dragonslayer (1981),Action|Adventure|Fantasy,0082288,848.0,3661
5040,Conan the Destroyer (1984),Action|Adventure|Fantasy,0087078,9610.0,3662
5041,Fire and Ice (1983),Animation|Fantasy,0085542,15035.0,3663
5046,Impostor (2002),Action|Drama|Sci-Fi|Thriller,0160399,4965.0,3664
5047,Kung Pow: Enter the Fist (2002),Action|Comedy,0240468,11891.0,3665
5048,Snow Dogs (2002),Adventure|Children|Comedy,0281373,11888.0,3666
5049,48 Hrs. (1982),Action|Comedy|Crime|Drama,0083511,150.0,3667
5051,Italian for Beginners (Italiensk for begyndere) (2000),Comedy|Drama|Romance,0243862,112.0,3668
5053,Blankman (1994),Comedy,0109288,20678.0,3669
5054,Brainstorm (1983),Sci-Fi|Thriller,0085271,15050.0,3670
5055,Dragon: The Bruce Lee Story (1993),Action|Drama,0106770,10423.0,3671
5059,Little Dieter Needs to Fly (1997),Documentary,0145046,57976.0,3672
5060,M*A*S*H (a.k.a. MASH) (1970),Comedy|Drama|War,0066026,651.0,3673
5062,Seconds (1966),Mystery|Sci-Fi|Thriller,0060955,20620.0,3674
5063,One-Eyed Jacks (1961),Western,0055257,18647.0,3675
5064,The Count of Monte Cristo (2002),Action|Adventure|Drama|Thriller,0245844,11362.0,3676
5065,"Mothman Prophecies, The (2002)",Drama|Fantasy|Horror|Mystery|Thriller,0265349,2637.0,3677
5066,"Walk to Remember, A (2002)",Drama|Romance,0281358,10229.0,3678
5068,Beijing Bicycle (Shiqi sui de dan che) (2001),Drama,0276501,12659.0,3679
5069,Escaflowne: The Movie (Escaflowne) (2000),Action|Adventure|Animation|Drama|Fantasy,0270933,68149.0,3680
5071,Maelström (2000),Drama|Romance,0220627,35650.0,3681
5072,Metropolis (2001),Animation|Sci-Fi,0293416,9606.0,3682
5073,"Son's Room, The (Stanza del figlio, La) (2001)",Drama,0208990,11447.0,3683
5074,Storytelling (2001),Comedy|Drama,0250081,16550.0,3684
5075,Waydowntown (2000),Comedy,0219405,13915.0,3685
5076,"Adventures of Huck Finn, The (1993)",Adventure|Children|Comedy|Drama,0106223,34723.0,3686
5077,Cousins (1989),Comedy|Romance,0097116,31674.0,3687
5080,Slackers (2002),Comedy,0240900,20009.0,3688
5081,Birthday Girl (2001),Drama|Romance,0188453,2084.0,3689
5083,Rare Birds (2001),Comedy|Drama,0295552,74692.0,3690
5088,"Going Places (Valseuses, Les) (1974)",Comedy|Crime|Drama,0072353,4031.0,3691
5092,Big Fat Liar (2002),Children|Comedy,0265298,11870.0,3692
5093,Collateral Damage (2002),Action|Thriller,0233469,9884.0,3693
5094,Rollerball (2002),Action|Sci-Fi,0246894,11535.0,3694
5095,"Scotland, Pa. (2001)",Comedy|Crime,0265713,27593.0,3695
5096,Baby's Day Out (1994),Comedy,0109190,11212.0,3696
5099,Heidi (1937),Children|Drama,0028988,28345.0,3697
5102,Rookie of the Year (1993),Comedy|Fantasy,0107985,21845.0,3698
5103,"Sandlot, The (1993)",Children|Comedy|Drama,0108037,11528.0,3699
5105,Don't Look Now (1973),Drama|Horror|Thriller,0069995,931.0,3700
5106,Crossroads (2002),Comedy|Musical|Romance,0275022,17130.0,3701
5107,Hart's War (2002),Drama|War,0251114,10592.0,3702
5108,John Q (2002),Crime|Drama|Thriller,0251160,8470.0,3703
5109,Return to Never Land (2002),Adventure|Animation|Children,0280030,16690.0,3704
5110,Super Troopers (2001),Comedy|Crime|Mystery,0247745,39939.0,3705
5111,"Good Son, The (1993)",Drama|Thriller,0107034,9272.0,3706
5112,Last Orders (2001),Drama,0253200,14778.0,3707
5113,After the Fox (Caccia alla volpe) (1966),Comedy|Crime,0060200,19137.0,3708
5114,"Bad and the Beautiful, The (1952)",Drama,0044391,32499.0,3709
5116,Designing Woman (1957),Comedy,0050306,33668.0,3710
5120,Sleuth (1972),Comedy|Mystery|Thriller,0069281,993.0,3711
5121,Stroszek (1977),Comedy|Drama,0075276,11698.0,3712
5127,Dragonfly (2002),Drama|Fantasy|Mystery|Romance|Thriller,0259288,10052.0,3713
5128,Queen of the Damned (2002),Fantasy|Horror,0238546,11979.0,3714
5131,How to Kill Your Neighbor's Dog (2000),Comedy|Drama,0207524,13791.0,3715
5134,Mean Machine (2001),Comedy|Drama,0291341,9991.0,3716
5135,Monsoon Wedding (2001),Comedy|Romance,0265343,480.0,3717
5136,Wendigo (2001),Drama|Horror,0275067,44340.0,3718
5137,Scratch (2001),Documentary,0143861,18984.0,3719
5139,"Bad News Bears, The (1976)",Comedy,0074174,23479.0,3720
5146,Vampire Hunter D: Bloodlust (Banpaia hantâ D) (2000),Animation|Fantasy|Horror|Sci-Fi,0216651,15999.0,3721
5147,Wild Strawberries (Smultronstället) (1957),Drama,0050986,614.0,3722
5151,40 Days and 40 Nights (2002),Comedy|Romance,0243736,2752.0,3723
5152,We Were Soldiers (2002),Action|Drama|War,0277434,10590.0,3724
5155,"Big Bird Cage, The (1972)",Action,0068273,22910.0,3725
5156,"Big Doll House, The (1971)",Action,0066830,42517.0,3726
5159,Ferngully: The Last Rainforest (1992),Animation|Children|Comedy|Musical,0104254,13225.0,3727
5165,Zombie (a.k.a. Zombie 2: The Dead Are Among Us) (Zombi 2) (1979),Horror,0080057,7219.0,3728
5168,Royal Wedding (1951),Comedy|Musical|Romance,0043983,18646.0,3729
5170,All About the Benjamins (2002),Action|Comedy|Crime,0278295,13950.0,3730
5171,"Time Machine, The (2002)",Action|Adventure|Sci-Fi,0268695,2135.0,3731
5177,"Magnificent Ambersons, The (1942)",Drama|Romance,0035015,965.0,3732
5178,Fun (1994),Crime|Drama,0109855,33135.0,3733
5181,Hangar 18 (1980),Action|Sci-Fi|Thriller,0080836,54287.0,3734
5187,Hopscotch (1980),Comedy,0080889,32030.0,3735
5189,Humanoids from the Deep (1980),Horror|Sci-Fi,0080904,29343.0,3736
5197,Little Darlings (1980),Drama,0081060,27458.0,3737
5198,"Long Good Friday, The (1980)",Drama|Thriller,0081070,14807.0,3738
5202,Mon oncle d'Amérique (1980),Drama,0081176,39543.0,3739
5205,Motel Hell (1980),Comedy|Horror,0081184,30924.0,3740
5209,Ffolkes (1979),Action|Adventure|Thriller,0081809,24549.0,3741
5212,"Octagon, The (1980)",Action,0081259,24825.0,3742
5213,"Oh, God! Book II (1980)",Comedy,0081268,38147.0,3743
5214,"Oh, God! (1977)",Comedy|Fantasy,0076489,24032.0,3744
5218,Ice Age (2002),Adventure|Animation|Children|Comedy,0268380,425.0,3745
5219,Resident Evil (2002),Action|Horror|Sci-Fi|Thriller,0120804,1576.0,3746
5220,Showtime (2002),Action|Comedy,0284490,5851.0,3747
5221,Harrison's Flowers (2000),Drama,0216799,25014.0,3748
5222,Kissing Jessica Stein (2001),Comedy|Romance,0264761,15647.0,3749
5224,Promises (2001),Documentary,0282864,38880.0,3750
5225,And Your Mother Too (Y tu mamá también) (2001),Drama|Romance,0245574,1391.0,3751
5226,All the Right Moves (1983),Drama|Romance,0085154,18172.0,3752
5231,Road to Morocco (1942),Comedy,0035262,31805.0,3753
5237,Taps (1981),Drama,0083169,10627.0,3754
5238,Return of the Secaucus 7 (1980),Drama,0081420,42750.0,3755
5239,Rude Boy (1980),Documentary|Drama,0081441,27930.0,3756
5240,Running Scared (1980),Action|Drama,0081445,259557.0,3757
5241,Seems Like Old Times (1980),Comedy|Romance,0081480,28124.0,3758
5244,Shogun Assassin (1980),Action|Adventure,0081506,15119.0,3759
5246,Smokey and the Bandit II (1980),Action|Comedy,0081529,12705.0,3760
5247,Smokey and the Bandit (1977),Action|Comedy,0076729,11006.0,3761
5248,Smokey and the Bandit III (1983),Action|Comedy,0086325,15120.0,3762
5250,Stir Crazy (1980),Comedy,0081562,21629.0,3763
5254,Blade II (2002),Action|Horror|Thriller,0187738,36586.0,3764
5255,Sorority Boys (2002),Comedy,0279781,6020.0,3765
5256,Stolen Summer (2002),Drama,0286162,39541.0,3766
5258,George Washington (2000),Drama,0262432,18292.0,3767
5264,Clockstoppers (2002),Action|Adventure|Sci-Fi|Thriller,0250305,15028.0,3768
5265,Death to Smoochy (2002),Comedy|Crime|Drama,0266452,9275.0,3769
5266,Panic Room (2002),Thriller,0258000,4547.0,3770
5267,"Rookie, The (2002)",Drama,0265662,14635.0,3771
5268,No Such Thing (2001),Drama|Fantasy|Romance,0248190,29135.0,3772
5269,"Piano Teacher, The (La pianiste) (2001)",Drama,0254686,1791.0,3773
5272,Time Out (L'emploi du temps) (2001),Drama,0279065,35651.0,3774
5275,Boxcar Bertha (1972),Drama,0068309,22784.0,3775
5278,Fraternity Vacation (1985),Comedy|Romance,0089167,24585.0,3776
5279,Impromptu (1991),Comedy|Romance,0102103,17990.0,3777
5282,High Crimes (2002),Thriller,0257756,11560.0,3778
5283,National Lampoon's Van Wilder (2002),Comedy,0283111,11452.0,3779
5284,Crush (2001),Comedy|Romance,0245407,18435.0,3780
5285,Lucky Break (2001),Comedy|Crime,0246134,35944.0,3781
5288,"Atomic Cafe, The (1982)",Documentary|War,0083590,26851.0,3782
5291,Rashomon (Rashômon) (1950),Crime|Drama|Mystery,0042876,548.0,3783
5292,Slap Shot (1977),Comedy,0076723,11590.0,3784
5293,Changing Lanes (2002),Drama|Thriller,0264472,1537.0,3785
5294,Frailty (2001),Crime|Drama|Thriller,0264616,12149.0,3786
5296,"Sweetest Thing, The (2002)",Comedy|Romance,0253867,11812.0,3787
5297,"Cat's Meow, The (2002)",Drama|Thriller,0266391,35080.0,3788
5298,Human Nature (2001),Comedy|Romance,0219822,441.0,3789
5299,My Big Fat Greek Wedding (2002),Comedy|Romance,0259446,8346.0,3790
5300,3:10 to Yuma (1957),Action|Adventure|Drama|Thriller|Western,0050086,14168.0,3791
5303,Joe Versus the Volcano (1990),Comedy|Romance,0099892,2565.0,3792
5304,"Rome, Open City (a.k.a. Open City) (Roma, città aperta) (1945)",Drama|War,0038890,307.0,3793
5307,Taking Care of Business (1990),Comedy,0103035,6393.0,3794
5308,Three Men and a Baby (1987),Comedy,0094137,12154.0,3795
5309,Three Men and a Little Lady (1990),Comedy|Romance,0098966,11630.0,3796
5311,"Watcher in the Woods, The (1980)",Children|Horror|Mystery|Thriller,0081738,21970.0,3797
5312,Murder by Numbers (2002),Crime|Thriller,0264935,11892.0,3798
5313,The Scorpion King (2002),Action|Adventure|Fantasy|Thriller,0277296,9334.0,3799
5316,Enigma (2001),Romance|Thriller,0157583,10491.0,3800
5319,Nine Queens (Nueve reinas) (2000),Crime|Thriller,0247586,18079.0,3801
5321,"Triumph of Love, The (2001)",Comedy,0253840,35337.0,3802
5322,World Traveler (2001),Drama,0262911,59199.0,3803
5323,Jason X (2002),Horror|Sci-Fi|Thriller,0211443,11470.0,3804
5324,Life or Something Like It (2002),Comedy|Romance,0282687,16643.0,3805
5325,Dogtown and Z-Boyz (2001),Documentary,0275309,1282.0,3806
5328,Rain (2001),Drama|Romance,0287645,69324.0,3807
5329,"Salton Sea, The (2002)",Crime|Drama|Thriller,0235737,11468.0,3808
5333,Bob le Flambeur (1955),Crime|Drama,0047892,26030.0,3809
5334,Cadillac Man (1990),Comedy|Crime,0099204,10164.0,3810
5337,Delirious (1991),Comedy,0101701,28117.0,3811
5338,Full Moon in Blue Water (1988),Drama,0095186,40555.0,3812
5339,Husbands and Wives (1992),Comedy|Drama,0104466,28384.0,3813
5341,Lenny (1974),Drama,0071746,27094.0,3814
5345,Triumph of the Spirit (1989),Drama,0098513,56179.0,3815
5346,Wild Orchid (1990),Drama|Romance,0100934,5203.0,3816
5347,Deuces Wild (2002),Drama,0231448,13201.0,3817
5348,Hollywood Ending (2002),Comedy|Drama,0278823,9689.0,3818
5349,Spider-Man (2002),Action|Adventure|Sci-Fi|Thriller,0145487,557.0,3819
5353,Butterflies Are Free (1972),Comedy|Drama,0068326,55106.0,3820
5356,"Giant Spider Invasion, The (1975)",Horror|Sci-Fi,0073043,39154.0,3821
5357,Iron Will (1994),Adventure,0110157,24767.0,3822
5358,Mountains of the Moon (1990),Adventure,0100196,33796.0,3823
5361,White Fang (1991),Adventure,0103247,12227.0,3824
5363,"New Guy, The (2002)",Comedy,0241760,10985.0,3825
5364,Unfaithful (2002),Drama|Thriller,0250797,2251.0,3826
5365,"Lady and the Duke, The (Anglaise et le duc, L') (2001)",Drama|Romance,0239234,2894.0,3827
5372,Calamity Jane (1953),Musical|Western,0045591,14117.0,3828
5373,"Cranes Are Flying, The (Letyat zhuravli) (1957)",Drama|Romance|War,0050634,38360.0,3829
5375,"Harvey Girls, The (1946)",Comedy|Musical|Western,0038589,28907.0,3830
5377,About a Boy (2002),Comedy|Drama|Romance,0276751,245.0,3831
5378,Star Wars: Episode II - Attack of the Clones (2002),Action|Adventure|Sci-Fi|IMAX,0121765,1894.0,3832
5379,"Believer, The (2001)",Drama,0247199,4012.0,3833
5380,"Importance of Being Earnest, The (2002)",Comedy|Drama|Romance,0278500,9026.0,3834
5382,Every Which Way But Loose (1978),Comedy,0077523,15417.0,3835
5384,I Want to Live! (1958),Crime|Drama,0051758,28577.0,3836
5385,"Last Waltz, The (1978)",Documentary,0077838,13963.0,3837
5387,Enough (2002),Drama|Thriller,0278435,1957.0,3838
5388,Insomnia (2002),Action|Crime|Drama|Mystery|Thriller,0278504,320.0,3839
5389,Spirit: Stallion of the Cimarron (2002),Adventure|Animation|Children|Western,0166813,9023.0,3840
5390,CQ (2001),Drama,0254199,27834.0,3841
5391,Thirteen Conversations About One Thing (a.k.a. 13 Conversations) (2001),Drama,0268690,17734.0,3842
5397,Monkey Business (1952),Comedy|Sci-Fi,0044916,24008.0,3843
5398,Requiem for a Heavyweight (1962),Drama,0056406,53229.0,3844
5400,"Sum of All Fears, The (2002)",Drama|Thriller,0164184,4614.0,3845
5401,Undercover Brother (2002),Comedy,0279493,12277.0,3846
5404,84 Charing Cross Road (1987),Drama|Romance,0090570,15677.0,3847
5409,Rapid Fire (1992),Action,0105219,13153.0,3848
5410,Silent Running (1972),Drama|Sci-Fi,0067756,811.0,3849
5414,Bad Company (2002),Action|Comedy|Crime,0280486,3132.0,3850
5415,Divine Secrets of the Ya-Ya Sisterhood (2002),Comedy|Drama,0279778,9583.0,3851
5416,Cherish (2002),Comedy|Drama|Thriller,0298798,18408.0,3852
5417,"Fast Runner, The (Atanarjuat) (2001)",Drama|Fantasy,0285441,13245.0,3853
5418,"Bourne Identity, The (2002)",Action|Mystery|Thriller,0258463,2501.0,3854
5419,Scooby-Doo (2002),Adventure|Children|Comedy|Fantasy|Mystery,0267913,9637.0,3855
5420,Windtalkers (2002),Action|Drama|War,0245562,12100.0,3856
5421,"Dangerous Lives of Altar Boys, The (2002)",Drama,0238924,16857.0,3857
5422,"Emperor's New Clothes, The (2001)",Comedy,0282768,52258.0,3858
5423,Gangster No. 1 (2000),Action|Crime|Thriller,0210065,10394.0,3859
5424,Harvard Man (2001),Crime|Drama|Romance|Thriller,0242508,27451.0,3860
5425,Dark Blue World (Tmavomodrý svet) (2001),Drama|War,0244479,15813.0,3861
5427,Caveman (1981),Comedy,0082146,18905.0,3862
5428,Cheech & Chong's The Corsican Brothers (1984),Comedy,0087042,14774.0,3863
5433,Silver Bullet (Stephen King's Silver Bullet) (1985),Adventure|Drama|Horror|Mystery|Thriller,0090021,17898.0,3864
5434,"Sorry, Wrong Number (1948)",Drama|Film-Noir|Thriller,0040823,21635.0,3865
5435,Hombre (1967),Western,0061770,27945.0,3866
5437,"Manhattan Project, The (1986)",Comedy|Sci-Fi|Thriller,0091472,30194.0,3867
5438,Men at Work (1990),Action|Comedy,0100135,10169.0,3868
5440,She Wore a Yellow Ribbon (1949),Western,0041866,13909.0,3869
5442,V. I. Warshawski (1991),Action|Comedy|Crime,0103184,41805.0,3870
5443,Juwanna Mann (2002),Comedy,0247444,35696.0,3871
5444,Lilo & Stitch (2002),Adventure|Animation|Children|Sci-Fi,0275847,11544.0,3872
5445,Minority Report (2002),Action|Crime|Mystery|Sci-Fi|Thriller,0181689,180.0,3873
5446,Rabbit-Proof Fence (2002),Adventure|Drama,0252444,9555.0,3874
5447,Sunshine State (2002),Drama,0286179,57022.0,3875
5448,Hey Arnold! The Movie (2002),Adventure|Animation|Children|Comedy,0314166,17710.0,3876
5449,Mr. Deeds (2002),Comedy|Romance,0280590,2022.0,3877
5450,Lovely & Amazing (2001),Comedy|Drama|Romance,0258273,50035.0,3878
5451,Pumpkin (2002),Comedy|Drama|Romance,0265591,9719.0,3879
5452,Look Who's Talking Now (1993),Children|Comedy|Romance,0107438,11982.0,3880
5454,Mo' Money (1992),Comedy|Romance,0104897,12251.0,3881
5455,"Object of Beauty, The (1991)",Comedy|Drama,0102573,88818.0,3882
5456,Wagons East (1994),Comedy|Western,0111653,30114.0,3883
5458,Like Mike (2002),Children|Comedy|Fantasy,0308506,21972.0,3884
5459,Men in Black II (a.k.a. MIIB) (a.k.a. MIB 2) (2002),Action|Comedy|Sci-Fi,0120912,608.0,3885
5460,"Powerpuff Girls, The (2002)",Action|Animation|Children|Comedy,0289408,59387.0,3886
5461,Me Without You (2001),Comedy|Drama,0263725,26290.0,3887
5462,"Crocodile Hunter: Collision Course, The (2002)",Adventure|Comedy,0305396,17043.0,3888
5463,Reign of Fire (2002),Action|Adventure|Fantasy,0253556,6278.0,3889
5464,Road to Perdition (2002),Crime|Drama,0257044,4147.0,3890
5465,All About Lily Chou-Chou (Riri Shushu no subete) (2001),Crime|Drama|Thriller,0297721,16664.0,3891
5466,My Wife is an Actress (Ma Femme est une Actrice) (2001),Comedy|Drama|Romance,0269499,14651.0,3892
5468,20 Million Miles to Earth (1957),Sci-Fi,0050084,15096.0,3893
5470,The Importance of Being Earnest (1952),Comedy|Romance,0044744,20324.0,3894
5471,Perfect (1985),Drama|Romance,0089798,49370.0,3895
5472,1776 (1972),Children|Drama|Musical,0068156,14902.0,3896
5475,Z (1969),Drama|Mystery|Thriller,0065234,2721.0,3897
5476,Halloween: Resurrection (Halloween 8) (2002),Horror|Thriller,0220506,11442.0,3898
5477,Sex and Lucia (Lucía y el sexo) (2001),Drama|Romance,0254455,1364.0,3899
5478,Eight Legged Freaks (2002),Action|Comedy|Horror|Sci-Fi,0271367,8869.0,3900
5479,K-19: The Widowmaker (2002),Action|Adventure|Drama|Thriller,0267626,8665.0,3901
5480,Stuart Little 2 (2002),Children|Comedy,0243585,10996.0,3902
5481,Austin Powers in Goldmember (2002),Comedy,0295178,818.0,3903
5483,"Kid Stays in the Picture, The (2002)",Documentary,0303353,29047.0,3904
5485,Tadpole (2002),Comedy|Drama|Romance,0271219,39141.0,3905
5486,Who Is Cletis Tout? (2001),Comedy,0246500,33152.0,3906
5489,Nosferatu the Vampyre (Nosferatu: Phantom der Nacht) (1979),Horror,0079641,6404.0,3907
5490,The Big Bus (1976),Action|Comedy,0074205,19133.0,3908
5493,In Like Flint (1967),Action|Adventure|Comedy,0061810,24130.0,3909
5497,Our Man Flint (1965),Adventure|Comedy|Sci-Fi,0059557,23728.0,3910
5498,Red Beard (Akahige) (1965),Drama,0058888,3780.0,3911
5499,Robin and Marian (1976),Adventure|Drama|Romance,0075147,10786.0,3912
5500,Top Secret! (1984),Comedy,0088286,8764.0,3913
5501,"Master of Disguise, The (2002)",Comedy|Mystery,0295427,13908.0,3914
5502,Signs (2002),Horror|Sci-Fi|Thriller,0286106,2675.0,3915
5503,"Last Kiss, The (Ultimo bacio, L') (2001)",Comedy|Drama|Romance,0265930,12308.0,3916
5504,Spy Kids 2: The Island of Lost Dreams (2002),Adventure|Children,0287717,9488.0,3917
5505,"Good Girl, The (2002)",Comedy|Drama,0279113,9962.0,3918
5506,Blood Work (2002),Crime|Drama|Mystery|Thriller,0309377,9573.0,3919
5507,xXx (2002),Action|Crime|Thriller,0295701,7451.0,3920
5508,24 Hour Party People (2002),Comedy|Drama|Musical,0274309,2750.0,3921
5512,Secret Ballot (Raye makhfi) (2001),Comedy,0290823,43772.0,3922
5513,Martin Lawrence Live: Runteldat (2002),Comedy|Documentary,0327036,20337.0,3923
5515,Songs From the Second Floor (Sånger från andra våningen) (2000),Drama,0120263,34070.0,3924
5521,"Principal, The (1987)",Action|Crime|Drama,0093780,10081.0,3925
5522,Rollerball (1975),Action|Drama|Sci-Fi,0073631,11484.0,3926
5523,"Adventures of Pluto Nash, The (2002)",Action|Adventure|Comedy|Sci-Fi,0180052,11692.0,3927
5524,Blue Crush (2002),Adventure|Drama|Romance,0300532,9266.0,3928
5525,Mostly Martha (Bella Martha) (2001),Comedy|Drama|Romance,0246772,3640.0,3929
5527,Possession (2002),Drama|Romance,0256276,30072.0,3930
5528,One Hour Photo (2002),Drama|Thriller,0265459,9357.0,3931
5529,Serving Sara (2002),Comedy|Romance,0261289,12771.0,3932
5530,Simone (S1m0ne) (2002),Comedy|Drama|Fantasy|Sci-Fi,0258153,9296.0,3933
5531,Undisputed (2002),Drama,0281322,15070.0,3934
5532,Amy's O (a.k.a. Amy's Orgasm) (2001),Comedy|Romance,0280424,26942.0,3935
5537,Satin Rouge (2002),Drama|Musical,0300453,97447.0,3936
5538,"Care Bears Movie, The (1985)",Animation|Children|Fantasy,0088885,11243.0,3937
5539,Care Bears Movie II: A New Generation (1986),Animation|Children,0090799,19975.0,3938
5540,Clash of the Titans (1981),Action|Adventure|Fantasy|Romance,0082186,10323.0,3939
5541,Hot Shots! (1991),Action|Comedy|Romance|War,0102059,9595.0,3940
5543,"Swarm, The (1978)",Action|Horror|Sci-Fi,0078350,46878.0,3941
5544,Time After Time (1979),Sci-Fi|Thriller,0080025,24750.0,3942
5548,Down and Out in Beverly Hills (1986),Comedy,0090966,9941.0,3943
5550,Love Me Tender (1956),Musical|Western,0049452,39833.0,3944
5553,Stakeout (1987),Comedy|Crime|Romance|Thriller,0094025,10859.0,3945
5556,FearDotCom (a.k.a. Fear.com) (a.k.a. Fear Dot Com) (2002),Crime|Horror|Thriller,0295254,9544.0,3946
5560,À nous la liberté (Freedom for Us) (1931),Comedy|Musical,0022599,31514.0,3947
5562,Snipes (2001),Drama|Thriller,0275688,26056.0,3948
5563,City by the Sea (2002),Crime|Drama,0269095,13536.0,3949
5564,Swimfan (2002),Thriller,0283026,20616.0,3950
5568,Johnny Dangerously (1984),Comedy,0087507,16806.0,3951
5569,"Last House on the Left, The (1972)",Crime|Horror|Thriller,0068833,15516.0,3952
5570,Thesis (Tesis) (1996),Drama|Horror|Thriller,0117883,9299.0,3953
5572,Barbershop (2002),Comedy,0303714,10611.0,3954
5573,Stealing Harvard (2002),Comedy|Crime,0265808,12770.0,3955
5574,"Transporter, The (2002)",Action|Crime,0293662,4108.0,3956
5575,Alias Betty (Betty Fisher et autres histoires) (2001),Crime|Drama,0269329,55903.0,3957
5577,Igby Goes Down (2002),Comedy|Drama,0280760,9685.0,3958
5580,Aspen Extreme (1993),Action,0106315,16370.0,3959
5581,Betsy's Wedding (1990),Comedy,0099128,18913.0,3960
5582,Captain Ron (1992),Adventure|Comedy,0103924,14361.0,3961
5584,Ernest Goes to Jail (1990),Comedy,0099512,18943.0,3962
5585,Ernest Scared Stupid (1991),Comedy,0101821,32685.0,3963
5588,"Hills Have Eyes, The (1977)",Horror,0077681,12262.0,3964
5589,Indian Summer (1993),Comedy|Drama,0107212,33506.0,3965
5590,"Mack, The (1973)",Crime,0070350,29515.0,3966
5591,Monkey Trouble (1994),Children|Comedy,0110557,41582.0,3967
5596,Spaced Invaders (1990),Adventure|Comedy|Sci-Fi,0100666,34086.0,3968
5597,Suburban Commando (1991),Comedy|Sci-Fi,0103003,11504.0,3969
5601,"Yearling, The (1946)",Children|Drama,0039111,19049.0,3970
5602,"Ladykillers, The (1955)",Comedy|Crime,0048281,5506.0,3971
5603,"Lavender Hill Mob, The (1951)",Comedy|Crime,0044829,32961.0,3972
5604,"Man in the White Suit, The (1951)",Comedy|Sci-Fi,0044876,32568.0,3973
5607,"Son of the Bride (Hijo de la novia, El) (2001)",Comedy|Drama,0292542,19460.0,3974
5608,"Das Experiment (Experiment, The) (2001)",Drama|Thriller,0250258,575.0,3975
5609,Ballistic: Ecks vs. Sever (2002),Action|Thriller,0308208,10550.0,3976
5610,"Banger Sisters, The (2002)",Comedy|Drama,0280460,9034.0,3977
5611,"Four Feathers, The (2002)",Adventure|War,0240510,9093.0,3978
5612,Trapped (2002),Action|Thriller,0280380,9039.0,3979
5613,8 Women (2002),Comedy|Crime|Musical|Mystery,0283832,1958.0,3980
5614,"His Secret Life (a.k.a. Ignorant Fairies, The) (Fate ignoranti, Le) (2001)",Drama|Romance,0274497,23550.0,3981
5615,Invincible (2001),Drama,0245171,68569.0,3982
5617,Secretary (2002),Comedy|Drama|Romance,0274812,11013.0,3983
5618,Spirited Away (Sen to Chihiro no kamikakushi) (2001),Adventure|Animation|Fantasy,0245429,129.0,3984
5619,"Trials of Henry Kissinger, The (2002)",Documentary,0326306,54714.0,3985
5620,Sweet Home Alabama (2002),Comedy|Romance,0256415,11529.0,3986
5621,"Tuxedo, The (2002)",Action|Comedy,0290095,10771.0,3987
5625,Moonlight Mile (2002),Drama|Romance,0179098,31005.0,3988
5628,Wasabi (2001),Action|Comedy|Crime|Drama|Thriller,0281364,2110.0,3989
5629,Jonah: A VeggieTales Movie (2002),Animation|Children|Musical,0298388,15173.0,3990
5630,Red Dragon (2002),Crime|Mystery|Thriller,0289765,9533.0,3991
5632,Bloody Sunday (2002),Drama,0280491,4107.0,3992
5633,Heaven (2002),Drama,0246677,10575.0,3993
5635,"Man from Elysian Fields, The (2001)",Drama,0265307,15720.0,3994
5636,Welcome to Collinwood (2002),Comedy|Crime,0271259,9260.0,3995
5637,Flirting (1991),Drama,0101898,21828.0,3996
5638,Godzilla vs. Mothra (Mosura tai Gojira) (1964),Action|Adventure|Fantasy|Sci-Fi,0058379,1682.0,3997
5640,"Godzilla, King of the Monsters! (Kaijû-ô Gojira) (1956)",Horror|Sci-Fi,0197521,18983.0,3998
5643,Powaqqatsi (1988),Documentary,0095895,24348.0,3999
5644,"Pride of the Yankees, The (1942)",Drama,0035211,19140.0,4000
5646,Valmont (1989),Drama|Romance,0098575,37606.0,4001
5649,Horror of Dracula (Dracula) (1958),Horror,0051554,11868.0,4002
5650,Strange Brew (1983),Comedy,0086373,12921.0,4003
5651,"Incredible Mr. Limpet, The (1964)",Animation|Comedy|War,0058230,19953.0,4004
5657,Flashback (1990),Action|Adventure|Comedy|Crime|Drama,0099581,12719.0,4005
5663,Below (2002),Horror,0276816,12590.0,4006
5664,Brown Sugar (2002),Romance,0297037,37964.0,4007
5665,Knockaround Guys (2002),Action|Comedy|Crime,0211465,7501.0,4008
5666,"Rules of Attraction, The (2002)",Comedy|Drama|Romance|Thriller,0292644,1809.0,4009
5667,Tuck Everlasting (2002),Drama|Fantasy,0283084,13768.0,4010
5668,White Oleander (2002),Drama,0283139,10994.0,4011
5669,Bowling for Columbine (2002),Documentary,0310793,1430.0,4012
5670,Comedian (2002),Comedy|Documentary,0328962,19973.0,4013
5672,Pokemon 4 Ever (a.k.a. Pokémon 4: The Movie) (2002),Adventure|Animation|Children|Fantasy,0313487,12600.0,4014
5673,Punch-Drunk Love (2002),Comedy|Drama|Romance,0272338,8051.0,4015
5675,Swept Away (2002),Comedy|Romance,0291502,12779.0,4016
5678,Formula 51 (2001),Action|Comedy|Crime|Thriller,0227984,1613.0,4017
5679,"Ring, The (2002)",Horror|Mystery|Thriller,0298130,565.0,4018
5680,Auto Focus (2002),Crime|Drama,0298744,14112.0,4019
5682,"Grey Zone, The (2001)",Drama,0252480,15192.0,4020
5684,Naqoyqatsi (2002),Documentary,0145937,21925.0,4021
5685,Real Women Have Curves (2002),Comedy|Drama,0296166,30309.0,4022
5688,Tully (2000),Drama,0212604,20861.0,4023
5689,Billy Bathgate (1991),Crime|Drama,0101453,12647.0,4024
5690,Grave of the Fireflies (Hotaru no haka) (1988),Animation|Drama|War,0095327,12477.0,4025
5693,Saturday Night Fever (1977),Comedy|Drama|Romance,0076666,11009.0,4026
5694,Staying Alive (1983),Comedy|Drama|Musical,0086361,10805.0,4027
5696,Urban Cowboy (1980),Drama,0081696,17496.0,4028
5699,Tom Horn (1980),Western,0080031,5917.0,4029
5700,The Pumaman (1980),Action|Adventure|Fantasy|Sci-Fi,0081693,31278.0,4030
5704,Without Warning (a.k.a. Alien Warning) (a.k.a. It Came Without Warning) (1980),Horror|Sci-Fi,0081764,44932.0,4031
5706,...All the Marbles (1981),Comedy|Drama,0081964,30709.0,4032
5707,Absence of Malice (1981),Drama|Romance,0081974,19429.0,4033
5710,Banana Joe (1981),Comedy,0082045,11340.0,4034
5712,Blow Out (1981),Mystery|Thriller,0082085,11644.0,4035
5720,"Friend Is a Treasure, A (Chi Trova Un Amico, Trova un Tesoro) (Who Finds a Friend Finds a Treasure) (1981)",Action|Adventure|Comedy,0085327,6399.0,4036
5721,"Chosen, The (1981)",Drama,0082175,25773.0,4037
5723,Continental Divide (1981),Comedy|Romance,0082200,26560.0,4038
5733,"Eyewitness (Janitor, The) (1981)",Thriller,0082353,31679.0,4039
5735,Faces of Death (1978),Documentary|Horror,0077533,12237.0,4040
5736,Faces of Death 3 (1985),Documentary|Horror,0121261,15901.0,4041
5741,"Woman Next Door, The (Femme d'à côté, La) (1981)",Drama|Romance,0082370,12579.0,4042
5742,First Monday in October (1981),Comedy|Drama,0082382,85058.0,4043
5745,"Four Seasons, The (1981)",Comedy|Drama,0082405,25113.0,4044
5746,Galaxy of Terror (Quest) (1981),Action|Horror|Mystery|Sci-Fi,0082431,28893.0,4045
5747,Gallipoli (1981),Drama|War,0082432,11646.0,4046
5749,Ghost Story (1981),Drama|Horror,0082449,24634.0,4047
5752,Gregory's Girl (1981),Comedy|Romance,0082477,21764.0,4048
5755,Happy Birthday to Me (1981),Horror|Mystery,0082498,37936.0,4049
5764,Looker (1981),Drama|Horror|Sci-Fi|Thriller,0082677,21874.0,4050
5767,Teddy Bear (Mis) (1981),Comedy|Crime,0082755,31407.0,4051
5768,Modern Problems (1981),Comedy|Fantasy,0082763,16471.0,4052
5771,My Bloody Valentine (1981),Drama|Horror|Thriller,0082782,39874.0,4053
5772,My Dinner with André (1981),Drama,0082783,25468.0,4054
5773,Neighbors (1981),Comedy,0082801,19507.0,4055
5779,Piranha II: The Spawning (1981),Horror|Sci-Fi,0082910,31646.0,4056
5780,Polyester (1981),Comedy,0082926,14269.0,4057
5782,"Professional, The (Le professionnel) (1981)",Action|Drama|Thriller,0082949,1672.0,4058
5784,Ghost Ship (2002),Horror,0288477,9645.0,4059
5785,Jackass: The Movie (2002),Action|Comedy|Documentary,0322802,9012.0,4060
5786,Paid in Full (2002),Action|Drama,0259484,13098.0,4061
5787,"Truth About Charlie, The (2002)",Mystery|Thriller,0270707,13440.0,4062
5788,All or Nothing (2002),Drama,0286261,12454.0,4063
5791,Frida (2002),Drama|Romance,0120679,1360.0,4064
5792,Roger Dodger (2002),Comedy|Drama,0299117,13441.0,4065
5796,Casino Royale (1967),Action|Adventure|Comedy,0061452,12208.0,4066
5797,"Company of Wolves, The (1984)",Fantasy|Horror,0087075,11905.0,4067
5799,Exodus (1960),Drama|Romance|War,0053804,1941.0,4068
5801,"Russians Are Coming, the Russians Are Coming, The (1966)",Comedy|War,0060921,31918.0,4069
5802,"World of Henry Orient, The (1964)",Comedy,0058756,19662.0,4070
5803,I Spy (2002),Action|Adventure|Comedy|Crime,0297181,8427.0,4071
5804,"Santa Clause 2, The (2002)",Children|Comedy|Fantasy|Romance,0304669,9021.0,4072
5809,Femme Fatale (2002),Crime|Thriller,0280665,9280.0,4073
5810,8 Mile (2002),Drama,0298203,65.0,4074
5812,Far from Heaven (2002),Drama|Romance,0297884,10712.0,4075
5816,Harry Potter and the Chamber of Secrets (2002),Adventure|Fantasy,0295297,672.0,4076
5817,Ararat (2002),Drama|War,0273435,16351.0,4077
5818,"Crime of Father Amaro, The (Crimen del padre Amaro, El) (2002)",Drama|Romance,0313196,542.0,4078
5820,Standing in the Shadows of Motown (2002),Documentary|Musical,0314725,30192.0,4079
5826,Rio Grande (1950),Romance|Western,0042895,11617.0,4080
5828,Blackrock (1997),Drama|Thriller,0118735,81530.0,4081
5829,Men with Brooms (2002),Comedy|Drama|Romance,0263734,34341.0,4082
5833,Dog Soldiers (2002),Action|Horror,0280609,11880.0,4083
5836,Houseboat (1958),Comedy|Romance,0051745,1377.0,4084
5838,Madame Bovary (1991),Drama,0102368,2528.0,4085
5839,My Father's Glory (La gloire de mon père) (1990),Adventure|Drama,0099669,12716.0,4086
5840,"My Mother's Castle (Château de ma mère, Le) (1990)",Comedy|Drama,0099266,12717.0,4087
5841,Return to the Blue Lagoon (1991),Adventure|Romance,0102782,13888.0,4088
5843,Toy Soldiers (1991),Action|Drama,0103112,10750.0,4089
5847,Ragtime (1981),Drama,0082970,25566.0,4090
5849,I'm Starting From Three (Ricomincio da Tre) (1981),Comedy,0081427,13386.0,4091
5853,Scanners (1981),Horror|Sci-Fi|Thriller,0081455,9538.0,4092
5856,"Do You Remember Dolly Bell? (Sjecas li se, Dolly Bell) (1981)",Comedy|Drama|Romance,0083089,49934.0,4093
5863,Take This Job and Shove It (1981),Comedy,0083163,42371.0,4094
5867,Thief (1981),Crime|Drama|Thriller,0083190,11524.0,4095
5872,Die Another Day (2002),Action|Adventure|Thriller,0246460,36669.0,4096
5873,The Emperor's Club (2002),Drama,0283530,17187.0,4097
5874,Friday After Next (2002),Comedy,0293815,10426.0,4098
5875,Personal Velocity (2002),Drama,0295238,32625.0,4099
5876,"Quiet American, The (2002)",Drama|Thriller|War,0258068,8198.0,4100
5878,Talk to Her (Hable con Ella) (2002),Drama|Romance,0287467,64.0,4101
5879,Eight Crazy Nights (Adam Sandler's Eight Crazy Nights) (2002),Animation|Comedy|Musical,0271263,13376.0,4102
5880,Extreme Ops (2002),Action|Adventure|Crime|Thriller,0283160,15074.0,4103
5881,Solaris (2002),Drama|Romance|Sci-Fi,0307479,2103.0,4104
5882,Treasure Planet (2002),Adventure|Animation|Children|Sci-Fi|IMAX,0133240,9016.0,4105
5883,They (2002),Horror|Thriller,0283632,16028.0,4106
5884,Chopper Chicks in Zombietown (1989),Comedy|Horror,0103959,27070.0,4107
5888,Brother (Brat) (1997),Crime|Drama,0118767,20992.0,4108
5889,"Cruel Romance, A (Zhestokij Romans) (1984)",Drama|Romance,0090368,66091.0,4109
5890,Elling (2001),Comedy|Drama,0279064,6007.0,4110
5891,I Spit on Your Grave (Day of the Woman) (1978),Horror|Thriller,0077713,25239.0,4111
5893,"Last Seduction, The (1994)",Crime|Drama|Thriller,0110308,25284.0,4112
5896,New Waterford Girl (1999),Comedy,0213121,35612.0,4113
5899,Zulu (1964),Action|Drama|War,0058777,14433.0,4114
5900,Analyze That (2002),Comedy|Crime,0289848,9932.0,4115
5901,Empire (2002),Crime|Drama,0262396,13369.0,4116
5902,Adaptation (2002),Comedy|Drama|Romance,0268126,2757.0,4117
5903,Equilibrium (2002),Action|Sci-Fi|Thriller,0238380,7299.0,4118
5909,Visitor Q (Bizita Q) (2001),Comedy|Drama|Horror,0290329,4241.0,4119
5912,Hit the Bank (Vabank) (1981),Comedy|Crime,0083271,22257.0,4120
5915,Victory (a.k.a. Escape to Victory) (1981),Action|Drama|War,0083284,17360.0,4121
5919,Android (1982),Sci-Fi,0083557,38849.0,4122
5922,Attila (Attila Flagello di Dio) (1982),Action,0080393,29743.0,4123
5925,"Beast Within, The (1982)",Horror,0083629,40219.0,4124
5927,"Best Little Whorehouse in Texas, The (1982)",Comedy|Drama|Musical|Romance,0083642,16363.0,4125
5929,"Party 2, The (Boum 2, La) (1982)",Comedy|Romance,0083686,171.0,4126
5932,Burden of Dreams (1982),Documentary,0083702,42124.0,4127
5938,Deathtrap (1982),Comedy|Crime|Mystery|Thriller,0083806,17590.0,4128
5941,Drumline (2002),Comedy|Drama|Musical|Romance,0303933,13497.0,4129
5942,"Hot Chick, The (2002)",Comedy,0302640,11852.0,4130
5943,Maid in Manhattan (2002),Comedy|Romance,0252076,7303.0,4131
5944,Star Trek: Nemesis (2002),Action|Drama|Sci-Fi|Thriller,0253754,201.0,4132
5945,About Schmidt (2002),Comedy|Drama,0257360,2755.0,4133
5947,Evelyn (2002),Drama,0298856,21868.0,4134
5949,Intact (Intacto) (2001),Thriller,0220580,10856.0,4135
5951,Morvern Callar (2002),Drama,0300214,18602.0,4136
5952,"Lord of the Rings: The Two Towers, The (2002)",Adventure|Fantasy,0167261,121.0,4137
5953,Devils on the Doorstep (Guizi lai le) (2000),Drama|War,0245929,25838.0,4138
5954,25th Hour (2002),Crime|Drama,0307901,1429.0,4139
5955,Antwone Fisher (2002),Drama,0168786,13435.0,4140
5956,Gangs of New York (2002),Crime|Drama,0217505,3131.0,4141
5957,Two Weeks Notice (2002),Comedy|Romance,0313737,2642.0,4142
5959,Narc (2002),Crime|Drama|Thriller,0272207,11022.0,4143
5961,Blue Steel (1990),Action|Thriller,0099160,9491.0,4144
5962,Body of Evidence (1993),Drama|Thriller,0106453,2149.0,4145
5963,"Children's Hour, The (1961)",Drama,0054743,20139.0,4146
5965,"Duellists, The (1977)",Action|War,0075968,19067.0,4147
5968,Miami Blues (1990),Comedy|Crime|Drama,0100143,14931.0,4148
5969,My Girl 2 (1994),Comedy|Drama|Romance,0110613,11317.0,4149
5970,My Girl (1991),Comedy|Drama|Romance,0102492,4032.0,4150
5971,My Neighbor Totoro (Tonari no Totoro) (1988),Animation|Children|Drama|Fantasy,0096283,8392.0,4151
5974,"Thief of Bagdad, The (1940)",Adventure|Fantasy,0033152,12232.0,4152
5975,War and Peace (1956),Drama|Romance|War,0049934,11706.0,4153
5979,Attack of the Crab Monsters (1957),Horror|Sci-Fi,0050147,26946.0,4154
5980,Black Christmas (1974),Horror|Mystery|Thriller,0071222,16938.0,4155
5984,"Story of O, The (Histoire d'O) (1975)",Drama|Romance,0073115,4561.0,4156
5986,Fat City (1972),Drama,0068575,16993.0,4157
5988,Quicksilver (1986),Drama,0091814,21332.0,4158
5989,Catch Me If You Can (2002),Crime|Drama,0264464,640.0,4159
5990,Pinocchio (2002),Children|Comedy|Fantasy,0255477,10599.0,4160
5991,Chicago (2002),Comedy|Crime|Drama|Musical,0299658,1574.0,4161
5992,"Hours, The (2002)",Drama|Romance,0274558,590.0,4162
5993,Max (2002),Drama,0290210,13560.0,4163
5994,Nicholas Nickleby (2002),Drama|Romance,0309912,29339.0,4164
5995,"Pianist, The (2002)",Drama|War,0253474,423.0,4165
5999,Heavy Metal 2000 (2000),Action|Adventure|Animation|Fantasy|Sci-Fi,0119273,16225.0,4166
6001,"King of Comedy, The (1983)",Comedy|Drama,0085794,262.0,4167
6002,Love Liza (2002),Drama,0282698,15395.0,4168
6003,Confessions of a Dangerous Mind (2002),Comedy|Crime|Drama|Thriller,0290538,4912.0,4169
6005,Blue Collar Comedy Tour: The Movie (2003),Comedy|Documentary,0330069,23626.0,4170
6006,Just Married (2003),Comedy|Romance,0305711,12090.0,4171
6009,"City of Lost Souls, The (Hyôryuu-gai) (2000)",Crime|Drama|Thriller,0246498,36273.0,4172
6012,"Guy Thing, A (2003)",Comedy|Romance,0295289,9582.0,4173
6013,Kangaroo Jack (2003),Action|Comedy,0257568,10628.0,4174
6014,National Security (2003),Action|Comedy,0271668,11078.0,4175
6016,City of God (Cidade de Deus) (2002),Action|Adventure|Crime|Drama|Thriller,0317248,598.0,4176
6020,Alice Adams (1935),Comedy|Drama,0026056,43886.0,4177
6021,"American Friend, The (Amerikanische Freund, Der) (1977)",Crime|Drama|Mystery|Thriller,0075675,11222.0,4178
6022,American Me (1992),Drama,0103671,13199.0,4179
6023,Band of Outsiders (Bande à part) (1964),Comedy|Crime|Drama|Romance,0057869,8073.0,4180
6025,CB4 - The Movie (1993),Comedy,0106500,15278.0,4181
6027,Dogfight (1991),Drama|Romance,0101748,14667.0,4182
6030,Girls! Girls! Girls! (1962),Comedy|Musical,0056023,15734.0,4183
6031,Imitation of Life (1959),Drama|Romance,0052918,34148.0,4184
6033,Mystery Date (1991),Comedy,0102500,53027.0,4185
6035,Pépé le Moko (1937),Crime|Drama|Romance,0029453,26252.0,4186
6036,Secret Admirer (1985),Comedy|Romance,0089981,24742.0,4187
6039,"Woman in Red, The (1984)",Comedy|Romance,0088414,5968.0,4188
6040,Darkness Falls (2003),Horror|Thriller,0282209,10727.0,4189
6041,Amen. (2002),Drama,0280653,9045.0,4190
6042,Blind Spot: Hitler's Secretary (Im toten Winkel - Hitlers Sekretärin) (2002),Documentary,0311320,9082.0,4191
6044,Blind Date (1984),Horror|Thriller,0086978,80965.0,4192
6049,Ethan Frome (1993),Drama,0106833,61807.0,4193
6051,"Harder They Come, The (1973)",Action|Crime|Drama,0070155,7514.0,4194
6055,Sugar Hill (1994),Drama,0107079,39349.0,4195
6057,Biker Boyz (2003),Action|Crime|Drama,0326769,12253.0,4196
6058,Final Destination 2 (2003),Horror|Thriller,0309593,9358.0,4197
6059,"Recruit, The (2003)",Action|Thriller,0292506,1647.0,4198
6060,"Guru, The (2002)",Comedy|Romance,0280720,9027.0,4199
6062,Lost in La Mancha (2002),Documentary,0308514,21189.0,4200
6063,May (2002),Drama|Horror,0303361,10894.0,4201
6064,"Harder They Fall, The (1956)",Drama|Film-Noir,0049291,28528.0,4202
6067,Ordinary Decent Criminal (2000),Comedy|Crime,0160611,12490.0,4203
6070,Tokyo Decadence (Topâzu) (1992),Drama,0105622,15802.0,4204
6078,Firefox (1982),Action|Sci-Fi|Thriller,0083943,10724.0,4205
6086,"I, the Jury (1982)",Crime|Drama|Thriller,0084112,37191.0,4206
6090,Kiss Me Goodbye (1982),Comedy,0084210,81001.0,4207
6093,"Last Unicorn, The (1982)",Animation|Children|Fantasy,0084237,10150.0,4208
6095,Dragon Lord (a.k.a. Dragon Strike) (Long Xiao Ye) (1982),Action,0084266,16407.0,4209
6100,"Midsummer Night's Sex Comedy, A (1982)",Comedy|Romance,0084329,8288.0,4210
6101,Missing (1982),Drama|Mystery|Thriller,0084335,15600.0,4211
6104,Monty Python Live at the Hollywood Bowl (1982),Comedy,0084352,11949.0,4212
6107,"Night of the Shooting Stars (Notte di San Lorenzo, La) (1982)",Drama|War,0084422,42130.0,4213
6111,Paradise (1982),Adventure|Romance,0084469,23942.0,4214
6116,"Pirate Movie, The (1982)",Adventure|Comedy|Musical,0084504,25872.0,4215
6119,Santa Claus Is a Stinker (Le Père Noël est une ordure) (1982),Comedy,0084555,14645.0,4216
6122,Richard Pryor Live on the Sunset Strip (1982),Comedy|Documentary,0084597,21923.0,4217
6123,Sunless (Sans Soleil) (1983),Documentary,0084628,1563.0,4218
6124,Savannah Smiles (1982),Comedy,0084633,17132.0,4219
6125,"Secret Policeman's Other Ball, The (1982)",Comedy|Documentary|Musical,0084648,59533.0,4220
6140,Tenebre (1982),Horror|Mystery|Thriller,0084777,29702.0,4221
6141,They Call Me Bruce? (a.k.a. A Fistful of Chopsticks) (1982),Comedy,0084786,24830.0,4222
6143,Trail of the Pink Panther (1982),Comedy|Crime,0084814,9699.0,4223
6145,Venom (1982),Horror|Thriller,0084854,30789.0,4224
6148,White Dog (1982),Drama|Horror|Thriller,0084899,47955.0,4225
6153,Zapped! (1982),Comedy|Sci-Fi,0084945,23943.0,4226
6155,How to Lose a Guy in 10 Days (2003),Comedy|Romance,0251127,9919.0,4227
6156,Shanghai Knights (2003),Action|Adventure|Comedy,0300471,6038.0,4228
6157,Daredevil (2003),Action|Crime,0287978,9480.0,4229
6158,"Jungle Book 2, The (2003)",Animation|Children,0283426,14873.0,4230
6159,All the Real Girls (2003),Drama|Romance,0299458,13132.0,4231
6162,Gerry (2002),Adventure|Drama,0302674,1956.0,4232
6163,He Loves Me... He Loves Me Not (À la folie... pas du tout) (2002),Romance|Thriller,0291579,12112.0,4233
6166,Dennis the Menace (1993),Comedy,0106701,12139.0,4234
6169,"Black Stallion Returns, The (1983)",Adventure|Children,0085248,24883.0,4235
6170,"Black Stallion, The (1979)",Adventure|Children|Drama,0078872,17264.0,4236
6178,"Patch of Blue, A (1965)",Drama|Romance,0059573,33364.0,4237
6181,"Red Badge of Courage, The (1951)",Drama|War,0043961,59401.0,4238
6182,"Thrill of It All, The (1963)",Comedy,0057581,22233.0,4239
6183,Pillow Talk (1959),Comedy|Musical|Romance,0053172,4952.0,4240
6184,"Man Who Fell to Earth, The (1976)",Drama|Sci-Fi,0074851,991.0,4241
6185,Dark Blue (2003),Action|Crime|Drama|Thriller,0279331,4911.0,4242
6186,Gods and Generals (2003),Action|Drama|War,0279111,16072.0,4243
6187,"Life of David Gale, The (2003)",Crime|Drama|Thriller,0289992,11615.0,4244
6188,Old School (2003),Comedy,0302886,11635.0,4245
6192,Open Hearts (Elsker dig for evigt) (2002),Romance,0315543,102.0,4246
6193,Poolhall Junkies (2002),Comedy|Drama|Thriller,0273982,14293.0,4247
6195,Stone Reader (2002),Documentary,0324080,105024.0,4248
6196,Cradle 2 the Grave (2003),Action|Crime|Drama|Thriller,0306685,10623.0,4249
6197,Spider (2002),Drama|Mystery,0278731,9613.0,4250
6201,Lady Jane (1986),Drama|Romance,0091374,21867.0,4251
6202,Late Marriage (Hatuna Meuheret) (2001),Comedy|Drama|Romance,0287471,49680.0,4252
6203,Life Stinks (1991),Comedy,0102303,6524.0,4253
6204,"Meteor Man, The (1993)",Comedy,0107563,11244.0,4254
6210,Volcano High (Whasango) (2001),Action|Comedy,0301429,23834.0,4255
6212,Bringing Down the House (2003),Comedy,0305669,10678.0,4256
6213,Tears of the Sun (2003),Action|Drama|Thriller,0314353,9567.0,4257
6214,Irreversible (Irréversible) (2002),Crime|Drama|Mystery|Thriller,0290673,979.0,4258
6215,Laurel Canyon (2002),Drama,0298408,13819.0,4259
6216,Nowhere in Africa (Nirgendwo in Afrika) (2001),Drama,0161860,1591.0,4260
6217,"Safety of Objects, The (2001)",Drama,0256359,24186.0,4261
6218,Bend It Like Beckham (2002),Comedy|Drama|Romance,0286499,455.0,4262
6219,"Hunted, The (2003)",Action|Drama|Thriller,0269347,10632.0,4263
6220,Willard (2003),Drama|Horror|Thriller,0310357,10929.0,4264
6222,Prozac Nation (2001),Drama,0236640,16229.0,4265
6223,Spun (2001),Comedy|Crime|Drama,0283003,12079.0,4266
6225,King of Kings (1961),Drama,0055047,36362.0,4267
6228,"Talk of the Town, The (1942)",Comedy|Romance|Thriller,0035417,23159.0,4268
6232,Born Free (1966),Adventure|Children|Drama,0060182,15347.0,4269
6234,Equus (1977),Drama|Mystery,0075995,37258.0,4270
6235,Europa Europa (Hitlerjunge Salomon) (1990),Drama|War,0099776,8996.0,4271
6237,"Glenn Miller Story, The (1953)",Drama,0047030,17729.0,4272
6238,Green Card (1990),Comedy|Drama|Romance,0099699,12157.0,4273
6239,Journey to the Center of the Earth (1959),Adventure|Children|Sci-Fi,0052948,11571.0,4274
6241,Pauline at the Beach (Pauline à la Plage) (1983),Comedy|Drama|Romance,0086087,10293.0,4275
6242,Ringu (Ring) (1998),Horror|Mystery|Thriller,0178868,2671.0,4276
6244,Salaam Bombay! (1988),Drama,0096028,45129.0,4277
6245,Sweet Charity (1969),Comedy|Drama|Musical|Romance,0065054,42618.0,4278
6246,Talent for the Game (1991),Drama,0103036,41164.0,4279
6249,Boat Trip (2003),Comedy,0285462,9557.0,4280
6250,Dreamcatcher (2003),Drama|Horror|Sci-Fi|Thriller,0285531,6171.0,4281
6251,Piglet's Big Movie (2003),Animation|Children,0323642,13691.0,4282
6252,View from the Top (2003),Comedy|Romance,0264150,11523.0,4283
6254,"Awful Truth, The (1937)",Comedy|Romance,0028597,14675.0,4284
6263,Basic (2003),Drama|Thriller|War,0264395,10782.0,4285
6264,"Core, The (2003)",Action|Drama|Sci-Fi|Thriller,0298814,9341.0,4286
6265,Head of State (2003),Comedy,0325537,9776.0,4287
6266,What a Girl Wants (2003),Comedy|Drama|Romance,0286788,10735.0,4288
6267,Assassination Tango (2002),Drama|Thriller,0283897,16425.0,4289
6268,Raising Victor Vargas (2002),Comedy|Drama|Romance,0316188,25461.0,4290
6269,Stevie (2002),Documentary,0334416,51927.0,4291
6270,Akira Kurosawa's Dreams (Dreams) (1990),Drama|Fantasy,0100998,12516.0,4292
6271,Day for Night (La Nuit Américaine) (1973),Comedy|Drama|Romance,0070460,1675.0,4293
6273,In a Lonely Place (1950),Drama|Film-Noir|Mystery|Romance,0042593,17057.0,4294
6279,"Good Thief, The (2002)",Crime|Drama,0281820,6016.0,4295
6280,"Man Apart, A (2003)",Action|Crime|Drama|Thriller,0266465,8409.0,4296
6281,Phone Booth (2002),Drama|Thriller,0183649,1817.0,4297
6283,Cowboy Bebop: The Movie (Cowboy Bebop: Tengoku no Tobira) (2001),Action|Animation|Sci-Fi|Thriller,0275277,11299.0,4298
6285,Levity (2003),Drama,0304328,21052.0,4299
6286,"Man Without a Past, The (Mies vailla menneisyyttä) (2002)",Comedy|Crime|Drama,0311519,7294.0,4300
6287,Anger Management (2003),Comedy,0305224,9506.0,4301
6288,Better Luck Tomorrow (2002),Crime|Drama,0280477,14290.0,4302
6289,Ghosts of the Abyss (2003),Documentary|IMAX,0297144,24982.0,4303
6290,House of 1000 Corpses (2003),Horror,0251736,2662.0,4304
6291,Lilya 4-Ever (Lilja 4-ever) (2002),Crime|Drama,0300140,12093.0,4305
6294,Bulletproof Monk (2003),Action|Adventure|Sci-Fi,0245803,11817.0,4306
6295,Chasing Papi (a.k.a. Papi Chulo) (2003),Comedy,0323572,24621.0,4307
6296,"Mighty Wind, A (2003)",Comedy|Musical,0310281,13370.0,4308
6297,Holes (2003),Adventure|Children|Comedy|Mystery,0311289,8326.0,4309
6298,Malibu's Most Wanted (2003),Comedy|Crime,0328099,13411.0,4310
6299,"Winged Migration (Peuple migrateur, Le) (2001)",Documentary,0301727,11516.0,4311
6300,Flickering Lights (Blinkende lygter) (2000),Action|Comedy|Crime,0236027,10180.0,4312
6301,Straw Dogs (1971),Drama|Thriller,0067800,994.0,4313
6302,Beginning of the End (1957),Sci-Fi,0050177,66918.0,4314
6303,"Andromeda Strain, The (1971)",Mystery|Sci-Fi,0066769,10514.0,4315
6305,Fahrenheit 451 (1966),Drama|Sci-Fi,0060390,1714.0,4316
6306,I Am Trying to Break Your Heart (2002),Documentary,0327920,14308.0,4317
6308,Legal Eagles (1986),Comedy|Crime|Romance,0091396,9930.0,4318
6310,Memories of Me (1988),Comedy|Drama,0095613,107569.0,4319
6313,Sibling Rivalry (1990),Comedy,0100611,108553.0,4320
6314,Undercover Blues (1993),Comedy|Crime,0108442,12661.0,4321
6315,Wildcats (1986),Comedy,0092214,29355.0,4322
6316,"Wiz, The (1978)",Adventure|Children|Comedy|Fantasy|Musical,0078504,24961.0,4323
6319,"My Father the Hero (Mon père, ce héros.) (1991)",Comedy|Drama,0102465,20978.0,4324
6320,Scenes from a Mall (1991),Comedy,0102849,47762.0,4325
6322,Confidence (2003),Crime|Thriller,0310910,10743.0,4326
6323,Identity (2003),Crime|Horror|Mystery|Thriller,0309698,2832.0,4327
6324,It Runs in the Family (2003),Comedy|Drama,0311110,31459.0,4328
6327,"Decade Under the Influence, A (2003)",Documentary,0342275,38868.0,4329
6329,Manic (2001),Drama,0252684,15098.0,4330
6330,People I Know (2002),Crime|Drama,0274711,11458.0,4331
6331,Spellbound (2002),Documentary,0334405,16636.0,4332
6332,"Lizzie McGuire Movie, The (2003)",Children|Comedy|Romance,0306841,18736.0,4333
6333,X2: X-Men United (2003),Action|Adventure|Sci-Fi|Thriller,0290334,36658.0,4334
6334,Blue Car (2002),Drama,0290145,46989.0,4335
6335,"Dancer Upstairs, The (2002)",Crime|Drama|Thriller,0118926,20689.0,4336
6336,Marooned in Iraq (Gomgashtei dar Aragh) (2002),Drama,0317226,13438.0,4337
6337,Owning Mahowny (2003),Crime|Drama|Thriller,0285861,15394.0,4338
6338,Daddy Day Care (2003),Children|Comedy,0317303,10708.0,4339
6339,"Man on the Train (Homme du train, L') (2002)",Comedy|Drama,0301414,22016.0,4340
6341,"Shape of Things, The (2003)",Drama,0308878,22958.0,4341
6342,"Trip, The (2002)",Comedy|Drama|Romance,0250067,15850.0,4342
6344,101 Reykjavik (101 Reykjavík) (2000),Comedy|Drama|Romance,0237993,10989.0,4343
6345,"Chorus Line, A (1985)",Comedy|Drama|Musical,0088915,1816.0,4344
6347,Beat Street (1984),Drama|Musical,0086946,17667.0,4345
6348,Breakin' 2: Electric Boogaloo (1984),Musical,0086999,17464.0,4346
6349,Breakin' (1984),Drama|Musical,0086998,15259.0,4347
6350,Laputa: Castle in the Sky (Tenkû no shiro Rapyuta) (1986),Action|Adventure|Animation|Children|Fantasy|Sci-Fi,0092067,10515.0,4348
6357,High Society (1956),Comedy|Musical|Romance,0049314,11424.0,4349
6358,Kiss Me Kate (1953),Comedy|Musical|Romance,0045963,34857.0,4350
6365,"Matrix Reloaded, The (2003)",Action|Adventure|Sci-Fi|Thriller|IMAX,0234215,604.0,4351
6367,Down with Love (2003),Comedy|Romance,0309530,10720.0,4352
6368,Cinemania (2002),Documentary,0281724,51230.0,4353
6370,"Spanish Apartment, The (L'auberge espagnole) (2002)",Comedy|Drama|Romance,0283900,1555.0,4354
6371,Pokémon Heroes (2003),Animation|Children,0347791,33875.0,4355
6373,Bruce Almighty (2003),Comedy|Drama|Fantasy|Romance,0315327,310.0,4356
6374,"In-Laws, The (2003)",Comedy,0314786,5146.0,4357
6375,Gigantic (A Tale of Two Johns) (2002),Documentary,0304081,30055.0,4358
6376,Respiro (2002),Comedy|Drama,0286516,12544.0,4359
6377,Finding Nemo (2003),Adventure|Animation|Children|Comedy,0266543,12.0,4360
6378,"Italian Job, The (2003)",Action|Crime,0317740,9654.0,4361
6379,Wrong Turn (2003),Horror|Thriller,0295700,9902.0,4362
6380,Capturing the Friedmans (2003),Documentary,0342172,2260.0,4363
6382,Together (Han ni Zai Yiki) (2002),Drama,0332639,18385.0,4364
6383,"2 Fast 2 Furious (Fast and the Furious 2, The) (2003)",Action|Crime|Thriller,0322259,584.0,4365
6385,Whale Rider (2002),Drama,0298228,1088.0,4366
6386,Nevada Smith (1966),Western,0060748,5921.0,4367
6387,Once a Thief (Zong heng si hai) (1991),Action|Comedy|Crime|Thriller,0101020,47423.0,4368
6390,Silk Stockings (1957),Musical,0050972,43239.0,4369
6395,"Crazies, The (a.k.a. Code Name: Trixie) (1973)",Action|Drama|Horror|Sci-Fi|Thriller,0069895,29425.0,4370
6400,Murder on a Sunday Morning (Un coupable idéal) (2001),Documentary,0307197,51391.0,4371
6402,Siam Sunset (1999),Comedy,0178022,50285.0,4372
6405,Treasure Island (1950),Adventure|Children,0043067,6646.0,4373
6407,"Walk, Don't Run (1966)",Comedy|Romance,0061170,38720.0,4374
6408,Animals are Beautiful People (1974),Comedy|Documentary,0071143,147729.0,4375
6410,Car Wash (1976),Comedy,0074281,15462.0,4376
6412,Destry Rides Again (1939),Comedy|Western,0031225,43828.0,4377
6415,Intervista (1987),Comedy|Drama,0093267,47715.0,4378
6417,Live Wire (1992),Action,0104743,12629.0,4379
6422,Shenandoah (1965),Drama|War|Western,0059711,21027.0,4380
6424,Oscar (1991),Comedy|Crime|Mystery|Romance,0102603,11890.0,4381
6425,"6th Man, The (Sixth Man, The) (1997)",Comedy,0120142,36807.0,4382
6427,"Railway Children, The (1970)",Children|Drama,0066279,37662.0,4383
6428,Two Mules for Sister Sara (1970),Comedy|War|Western,0065134,11916.0,4384
6429,Winchester '73 (1950),Western,0043137,14551.0,4385
6433,"Man with the Movie Camera, The (Chelovek s kino-apparatom) (1929)",Documentary,0019760,26317.0,4386
6434,"Objective, Burma! (1945)",War,0037954,43490.0,4387
6436,This Boy's Life (1993),Drama,0108330,8092.0,4388
6440,Barton Fink (1991),Drama|Thriller,0101410,290.0,4389
6442,Belle époque (1992),Comedy|Romance,0103791,2470.0,4390
6448,"Flight of the Phoenix, The (1965)",Action|Adventure|Drama,0059183,10243.0,4391
6449,From the Terrace (1960),Drama,0053841,42541.0,4392
6452,"Long, Hot Summer, The (1958)",Drama,0051878,40085.0,4393
6453,Man of Aran (1934),Documentary,0025456,47684.0,4394
6454,Music Box (1989),Drama,0100211,2263.0,4395
6460,"Trial, The (Procès, Le) (1962)",Drama,0057427,3009.0,4396
6461,"Unforgiven, The (1960)",Drama|Western,0054428,6643.0,4397
6464,Good Burger (1997),Children|Comedy,0119215,14817.0,4398
6465,Jubilee (1977),Drama,0076240,41426.0,4399
6466,Mississippi Masala (1991),Drama|Romance,0102456,41791.0,4400
6476,Shattered (1991),Mystery|Thriller,0102900,2071.0,4401
6477,"Song of Bernadette, The (1943)",Drama,0036377,43516.0,4402
6480,Thoroughly Modern Millie (1967),Comedy|Musical,0062362,32489.0,4403
6482,Dumb and Dumberer: When Harry Met Lloyd (2003),Comedy,0329028,10152.0,4404
6483,From Justin to Kelly (2003),Musical|Romance,0339034,31246.0,4405
6484,Hollywood Homicide (2003),Action|Crime|Drama,0329717,11375.0,4406
6493,Alex and Emma (2003),Comedy|Drama|Romance,0318283,17813.0,4407
6502,28 Days Later (2002),Action|Horror|Sci-Fi,0289043,170.0,4408
6503,Charlie's Angels: Full Throttle (2003),Action|Adventure|Comedy|Crime|Thriller,0305357,9471.0,4409
6506,Fulltime Killer (Chuen jik sat sau) (2001),Action|Thriller,0286635,9581.0,4410
6509,Ali: Fear Eats the Soul (Angst essen Seele auf) (1974),Drama|Romance,0071141,216.0,4411
6510,"Bodies, Rest & Motion (1993)",Drama|Romance,0106447,47676.0,4412
6514,Ring of Terror (1962),Horror,0056415,113739.0,4413
6515,You Only Live Once (1937),Crime|Film-Noir,0029808,52758.0,4414
6516,Anastasia (1956),Drama,0048947,38171.0,4415
6517,"Babe, The (1992)",Drama,0103747,61225.0,4416
6523,Mr. Baseball (1992),Comedy|Romance,0104926,18722.0,4417
6527,Scaramouche (1952),Adventure|Romance,0045125,33454.0,4418
6528,Start the Revolution Without Me (1970),Comedy,0066402,19753.0,4419
6530,"Tenant, The (Locataire, Le) (1976)",Drama|Horror|Mystery|Thriller,0074811,11482.0,4420
6533,"What's Up, Doc? (1972)",Comedy,0069495,6949.0,4421
6534,Hulk (2003),Action|Adventure|Sci-Fi,0286716,1927.0,4422
6535,"Legally Blonde 2: Red, White & Blonde (2003)",Comedy,0333780,10327.0,4423
6536,Sinbad: Legend of the Seven Seas (2003),Adventure|Animation|Children|Fantasy,0165982,14411.0,4424
6537,Terminator 3: Rise of the Machines (2003),Action|Adventure|Sci-Fi,0181852,296.0,4425
6538,Swimming Pool (2003),Drama|Mystery|Thriller,0324133,302.0,4426
6539,Pirates of the Caribbean: The Curse of the Black Pearl (2003),Action|Adventure|Comedy|Fantasy,0325980,22.0,4427
6541,"League of Extraordinary Gentlemen, The (a.k.a. LXG) (2003)",Action|Fantasy|Sci-Fi,0311429,8698.0,4428
6542,"Cuckoo, The (Kukushka) (2002)",Comedy|Drama|War,0308476,554.0,4429
6545,I Capture the Castle (2003),Drama|Romance,0300015,17920.0,4430
6547,Northfork (2003),Drama|Fantasy,0322659,32235.0,4431
6548,Bad Boys II (2003),Action|Comedy|Crime|Thriller,0172156,8961.0,4432
6549,How to Deal (2003),Comedy|Drama|Romance,0319524,17403.0,4433
6550,Johnny English (2003),Action|Comedy|Thriller,0274166,9486.0,4434
6551,"Anarchist Cookbook, The (2002)",Comedy|Romance,0284850,20439.0,4435
6552,Dirty Pretty Things (2002),Crime|Drama|Thriller,0301199,3472.0,4436
6553,"Embalmer, The (Imbalsamatore, L') (2002)",Drama,0322725,35265.0,4437
6554,Garage Days (2002),Comedy|Musical,0280696,25921.0,4438
6557,Born to Be Wild (1995),Adventure|Children|Comedy|Drama,0113533,68927.0,4439
6558,Curly Sue (1991),Comedy|Drama,0101635,11894.0,4440
6559,Little Giants (1994),Children|Comedy,0110364,20726.0,4441
6560,Loose Cannons (1990),Action|Comedy,0100053,24558.0,4442
6561,"Mouse That Roared, The (1959)",Comedy|War,0053084,12649.0,4443
6563,Masked & Anonymous (2003),Comedy|Drama,0319829,24356.0,4444
6564,Lara Croft Tomb Raider: The Cradle of Life (2003),Action|Adventure|Comedy|Romance|Thriller,0325703,1996.0,4445
6565,Seabiscuit (2003),Drama,0329575,4464.0,4446
6566,Spy Kids 3-D: Game Over (2003),Action|Adventure|Children,0338459,12279.0,4447
6567,Buffalo Soldiers (2001),Comedy|Crime|Drama|War,0252299,9104.0,4448
6568,Camp (2003),Comedy|Musical,0342167,33339.0,4449
6571,"Mondays in the Sun (Lunes al sol, Los) (2002)",Drama,0319769,54580.0,4450
6572,Scorched (2003),Comedy|Crime,0286947,4613.0,4451
6573,Avanti! (1972),Comedy|Drama,0068240,12530.0,4452
6574,Eve of Destruction (1991),Action|Sci-Fi|Thriller,0101831,45096.0,4453
6577,Kickboxer 2: The Road Back (1991),Action|Drama,0102202,24993.0,4454
6578,"Kiss Me, Stupid (1964)",Comedy,0058265,53021.0,4455
6579,"One, Two, Three (1961)",Comedy,0055256,430.0,4456
6581,"Private Life of Sherlock Holmes, The (1970)",Comedy|Drama|Mystery,0066249,5185.0,4457
6582,Remo Williams: The Adventure Begins (1985),Action|Comedy|Crime|Thriller,0089901,10553.0,4458
6583,"Blood of Heroes, The (Salute of the Jugger, The) (1989)",Action|Sci-Fi,0094764,21512.0,4459
6584,"What's Up, Tiger Lily? (1966)",Adventure|Comedy|Crime|Thriller,0061177,21449.0,4460
6586,American Wedding (American Pie 3) (2003),Comedy,0328828,8273.0,4461
6587,Gigli (2003),Comedy|Crime|Romance,0299930,8046.0,4462
6588,And Now... Ladies and Gentlemen... (2002),Romance|Thriller,0283883,50350.0,4463
6591,"Magdalene Sisters, The (2002)",Drama,0318411,8094.0,4464
6592,"Secret Lives of Dentists, The (2002)",Drama,0314630,26195.0,4465
6593,Freaky Friday (2003),Children|Comedy|Fantasy,0322330,10330.0,4466
6595,S.W.A.T. (2003),Action|Thriller,0257076,9257.0,4467
6596,"Divorce, Le (2003)",Comedy|Drama|Romance,0306734,9499.0,4468
6597,"Princess Blade, The (Shura Yukihime) (2001)",Action|Sci-Fi,0310149,17180.0,4469
6598,Step Into Liquid (2002),Documentary,0308508,15292.0,4470
6603,"Double Life, A (1947)",Crime|Drama|Film-Noir,0039335,41206.0,4471
6604,Hawks and Sparrows (Uccellacci e Uccellini) (1966),Comedy,0061132,33954.0,4472
6609,"Gospel According to St. Matthew, The (Vangelo secondo Matteo, Il) (1964)",Drama,0058715,24192.0,4473
6611,Umberto D. (1952),Drama,0045274,833.0,4474
6612,Brother's Keeper (1992),Documentary,0103888,26755.0,4475
6614,I Love You to Death (1990),Comedy|Crime,0099819,3101.0,4476
6615,Freddy vs. Jason (2003),Action|Horror|Thriller,0329101,6466.0,4477
6616,Grind (2003),Action|Comedy,0338077,20210.0,4478
6617,Open Range (2003),Western,0316356,2055.0,4479
6618,Shaolin Soccer (Siu lam juk kau) (2001),Action|Comedy,0286112,11770.0,4480
6619,Uptown Girls (2003),Comedy,0263757,14926.0,4481
6620,American Splendor (2003),Comedy|Drama,0305206,2771.0,4482
6624,Agent Cody Banks (2003),Action|Adventure|Children|Fantasy,0313911,10923.0,4483
6625,Camp Nowhere (1994),Adventure|Children|Comedy,0109369,17745.0,4484
6628,Hot Dog... The Movie (1984),Comedy,0087425,21989.0,4485
6629,House of Wax (1953),Crime|Horror|Mystery|Thriller,0045888,18573.0,4486
6631,Man's Best Friend (1993),Horror|Sci-Fi|Thriller,0107504,41759.0,4487
6636,"Sure Thing, The (1985)",Comedy|Romance,0090103,8992.0,4488
6638,Valley Girl (1983),Comedy|Romance,0086525,19053.0,4489
6639,Wait Until Dark (1967),Drama|Thriller,0062467,11206.0,4490
6643,Tokyo Story (Tôkyô monogatari) (1953),Drama,0046438,18148.0,4491
6644,"Green Ray, The (Rayon vert, Le) (1986)",Drama|Romance,0091830,54898.0,4492
6645,THX 1138 (1971),Action|Adventure|Drama|Sci-Fi,0066434,636.0,4493
6650,Kind Hearts and Coronets (1949),Comedy|Drama,0041546,11898.0,4494
6654,Atragon (Kaitei Gunkan) (1963),Adventure|Sci-Fi,0057215,35072.0,4495
6656,Attack of the Puppet People (1958),Horror|Sci-Fi,0051381,44585.0,4496
6658,10 (1979),Comedy|Romance,0078721,9051.0,4497
6659,Tremors (1990),Comedy|Horror|Sci-Fi,0100814,9362.0,4498
6660,"Red Shoes, The (1948)",Drama|Fantasy|Musical|Romance,0040725,19542.0,4499
6662,"Pink Panther, The (1963)",Comedy|Crime,0057413,936.0,4500
6663,"Pink Panther Strikes Again, The (1976)",Comedy|Crime,0075066,12268.0,4501
6664,Commando (1985),Action|Adventure,0088944,10999.0,4502
6665,Dracula (1979),Horror|Romance,0079073,33521.0,4503
6666,"Discreet Charm of the Bourgeoisie, The (Charme discret de la bourgeoisie, Le) (1972)",Comedy|Drama|Fantasy,0068361,4593.0,4504
6667,Waco: The Rules of Engagement (1997),Documentary,0120472,34044.0,4505
6668,"Road Home, The (Wo de fu qin mu qin) (1999)",Drama|Romance,0235060,12276.0,4506
6669,Ikiru (1952),Drama,0044741,3782.0,4507
6670,Comic Book Villains (2002),Comedy,0287969,36629.0,4508
6671,"Angel at My Table, An (1990)",Drama,0099040,2891.0,4509
6678,"Handmaid's Tale, The (1990)",Drama|Sci-Fi,0099731,20815.0,4510
6679,Revolution OS (2001),Documentary,0308808,19433.0,4511
6684,Death in Venice (Morte a Venezia) (1971),Drama|Romance,0067445,6619.0,4512
6686,"Medallion, The (2003)",Action|Comedy|Crime|Fantasy,0288045,10610.0,4513
6687,My Boss's Daughter (2003),Comedy|Romance,0270980,2830.0,4514
6688,Autumn Spring (Babí léto) (2001),Comedy|Drama,0286476,15920.0,4515
6689,"Battle of Shaker Heights, The (2003)",Comedy|Drama|Romance,0357470,21413.0,4516
6691,Dust (2001),Drama|Western,0243232,16405.0,4517
6692,Stoked: The Rise and Fall of Gator (2002),Documentary,0271211,33255.0,4518
6695,Jeepers Creepers 2 (2003),Horror|Thriller,0301470,11351.0,4519
6696,Bollywood/Hollywood (2002),Comedy|Drama|Musical|Romance,0303785,333.0,4520
6699,Once Upon a Time in the Midlands (2002),Drama,0301684,22200.0,4521
6702,Dickie Roberts: Former Child Star (2003),Comedy,0325258,13778.0,4522
6705,Party Monster (2003),Comedy|Crime|Drama|Thriller,0320244,1415.0,4523
6706,Taking Sides (2001),Drama,0260414,31094.0,4524
6707,Cabin Fever (2002),Horror|Thriller,0303816,11547.0,4525
6708,Matchstick Men (2003),Comedy|Crime|Drama,0325805,7270.0,4526
6709,Once Upon a Time in Mexico (2003),Action|Adventure|Crime|Thriller,0285823,1428.0,4527
6710,Dummy (2002),Comedy|Drama|Romance,0246592,17906.0,4528
6711,Lost in Translation (2003),Comedy|Drama|Romance,0335266,153.0,4529
6713,Millennium Actress (Sennen joyû) (2001),Animation|Drama|Romance,0291350,33320.0,4530
6715,Children of the Night (1991),Horror,0103957,61054.0,4531
6718,Gotcha! (1985),Comedy,0089222,27590.0,4532
6720,Kuffs (1992),Action|Comedy|Crime,0104647,14603.0,4533
6721,Once Upon a Time in China (Wong Fei Hung) (1991),Action|Adventure|Drama,0103285,10617.0,4534
6722,Once Upon a Time in China II (Wong Fei-hung Ji Yi: Naam yi dong ji keung) (1992),Action|Romance,0105839,10618.0,4535
6723,Once Upon a Time in China III (Wong Fei-hung tsi sam: Siwong tsangba) (1993),Action,0108592,10619.0,4536
6724,Paper Moon (1973),Comedy|Crime|Drama,0070510,11293.0,4537
6731,Day of the Dead (1985),Horror|Sci-Fi|Thriller,0088993,8408.0,4538
6732,"Hello, Dolly! (1969)",Comedy|Musical|Romance,0064418,14030.0,4539
6734,Memoirs of an Invisible Man (1992),Comedy|Romance|Sci-Fi|Thriller,0104850,2687.0,4540
6744,Once Bitten (1985),Comedy|Horror,0089730,19064.0,4541
6746,Squirm (1976),Horror|Romance,0075261,25241.0,4542
6748,"Brood, The (1979)",Horror,0078908,28942.0,4543
6750,Anything Else (2003),Comedy|Drama|Romance,0313792,10739.0,4544
6751,Cold Creek Manor (2003),Drama|Thriller,0331468,12767.0,4545
6752,"Fighting Temptations, The (2003)",Drama,0191133,22309.0,4546
6753,Secondhand Lions (2003),Children|Comedy|Drama,0327137,13156.0,4547
6754,Underworld (2003),Action|Fantasy|Horror,0320691,277.0,4548
6755,Bubba Ho-tep (2002),Comedy|Horror,0281686,9707.0,4549
6760,In This World (2002),Adventure|Drama,0310154,36791.0,4550
6763,Duplex (2003),Comedy|Crime,0266489,7288.0,4551
6764,"Rundown, The (2003)",Action|Adventure|Comedy,0327850,10159.0,4552
6765,Under the Tuscan Sun (2003),Comedy|Drama|Romance,0328589,10934.0,4553
6768,Luther (2003),Drama,0309820,5653.0,4554
6769,Mambo Italiano (2003),Comedy,0330602,321.0,4555
6770,My Life Without Me (2003),Drama|Romance,0314412,20.0,4556
6772,To Be and to Have (Être et avoir) (2002),Documentary,0318202,5168.0,4557
6773,"Triplets of Belleville, The (Les triplettes de Belleville) (2003)",Animation|Comedy|Fantasy,0286244,9662.0,4558
6774,Videodrome (1983),Fantasy|Horror|Sci-Fi|Thriller,0086541,837.0,4559
6775,Life and Debt (2001),Documentary,0284262,20303.0,4560
6776,Lagaan: Once Upon a Time in India (2001),Comedy|Drama|Musical|Romance,0282674,19666.0,4561
6777,Judgment at Nuremberg (1961),Drama,0055031,821.0,4562
6780,"Brief History of Time, A (1991)",Documentary,0103882,1358.0,4563
6782,Leningrad Cowboys Go America (1989),Comedy|Musical,0097728,11475.0,4564
6783,"Rules of the Game, The (La règle du jeu) (1939)",Comedy|Drama,0031885,776.0,4565
6785,Seven Brides for Seven Brothers (1954),Comedy|Musical|Romance|Western,0047472,16563.0,4566
6786,Kiss of the Spider Woman (1985),Drama,0089424,11703.0,4567
6787,All the President's Men (1976),Drama|Thriller,0074119,891.0,4568
6788,Angie (1994),Comedy|Drama|Romance,0109129,83714.0,4569
6789,"Apartment, The (Appartement, L') (1996)",Drama|Mystery|Romance,0115561,12531.0,4570
6790,Avalon (2001),Drama|Fantasy|Sci-Fi,0267287,10881.0,4571
6791,Babette's Feast (Babettes gæstebud) (1987),Drama,0092603,11832.0,4572
6793,Beethoven (1992),Children|Comedy|Drama,0103786,11806.0,4573
6794,Beethoven's 2nd (1993),Children|Comedy,0106375,10438.0,4574
6796,Boyz N the Hood (1991),Crime|Drama,0101507,650.0,4575
6797,Bugsy (1991),Crime|Drama,0101516,10337.0,4576
6798,Bugsy Malone (1976),Children|Comedy|Crime|Musical,0074256,8446.0,4577
6800,Cobra (1986),Action|Crime,0090859,9874.0,4578
6803,Phenomena (a.k.a. Creepers) (1985),Horror|Mystery|Thriller,0087909,29161.0,4579
6804,Crimewave (1985),Comedy|Crime,0088967,21627.0,4580
6807,Monty Python's The Meaning of Life (1983),Comedy,0085959,4543.0,4581
6808,Where Eagles Dare (1968),Action|Adventure|War,0065207,11046.0,4582
6809,Tightrope (1984),Thriller,0088272,11707.0,4583
6810,Sleeping with the Enemy (1991),Drama|Thriller,0102945,7442.0,4584
6811,PCU (1994),Comedy,0110759,14425.0,4585
6812,"Rookie, The (1990)",Action|Comedy|Thriller,0100514,6723.0,4586
6814,City Heat (1984),Action|Comedy,0087062,16969.0,4587
6816,Three O'Clock High (1987),Comedy,0094138,13339.0,4588
6817,"White Hunter, Black Heart (1990)",Adventure|Drama,0100928,28761.0,4589
6818,Come and See (Idi i smotri) (1985),Drama|War,0091251,25237.0,4590
6820,Ginger Snaps (2000),Drama|Horror|Thriller,0210070,9871.0,4591
6821,More American Graffiti (1979),Comedy,0079576,33258.0,4592
6827,It's Pat (1994),Comedy,0110169,33783.0,4593
6832,Regarding Henry (1991),Drama,0102768,11364.0,4594
6835,Alien Contamination (1980),Action|Horror|Sci-Fi,0082000,39916.0,4595
6836,"Amazing Transparent Man, The (1960)",Sci-Fi,0053593,31634.0,4596
6837,Love Affair (1939),Comedy|Drama|Romance,0031593,43739.0,4597
6849,Scrooge (1970),Drama|Fantasy|Musical,0066344,13765.0,4598
6850,Leap of Faith (1992),Comedy|Drama,0104695,12772.0,4599
6851,"Gas, Food, Lodging (1992)",Drama|Romance,0104321,47866.0,4600
6852,In Cold Blood (1967),Crime|Drama,0061809,18900.0,4601
6853,Campus Man (1987),Comedy,0092717,73265.0,4602
6856,Yankee Doodle Dandy (1942),Drama|Musical,0035575,3087.0,4603
6857,Ninja Scroll (Jûbei ninpûchô) (1995),Action|Adventure|Animation|Fantasy,0107692,14282.0,4604
6858,Knife in the Water (Nóz w wodzie) (1962),Drama,0056291,11502.0,4605
6860,Mobsters (1991),Crime|Drama,0102460,21219.0,4606
6862,Out of Time (2003),Crime|Drama|Thriller,0313443,2116.0,4607
6863,School of Rock (2003),Comedy|Musical,0332379,1584.0,4608
6867,"Station Agent, The (2003)",Comedy|Drama,0340377,2056.0,4609
6868,Wonderland (2003),Crime|Drama|Mystery|Thriller,0335563,4997.0,4610
6869,Bus 174 (Ônibus 174) (2002),Crime|Documentary,0340468,8439.0,4611
6870,Mystic River (2003),Crime|Drama|Mystery,0327056,322.0,4612
6872,"House of the Dead, The (2003)",Action|Horror,0317676,11059.0,4613
6873,Intolerable Cruelty (2003),Comedy|Romance,0138524,11775.0,4614
6874,Kill Bill: Vol. 1 (2003),Action|Crime|Thriller,0266697,24.0,4615
6879,Runaway Jury (2003),Drama|Thriller,0313542,11329.0,4616
6880,"Texas Chainsaw Massacre, The (2003)",Horror,0324216,9373.0,4617
6881,Pieces of April (2003),Comedy|Drama,0311648,1550.0,4618
6882,Returner (Ritaanaa) (2002),Action|Adventure|Sci-Fi,0339579,5493.0,4619
6883,Sylvia (2003),Drama|Romance,0325055,28200.0,4620
6884,Veronica Guerin (2003),Crime|Drama|Thriller,0312549,10629.0,4621
6885,In the Cut (2003),Crime|Drama|Mystery|Romance|Thriller,0199626,10944.0,4622
6886,Beyond Borders (2003),Drama|Romance|War,0294357,9839.0,4623
6887,Radio (2003),Drama,0316465,13920.0,4624
6888,Scary Movie 3 (2003),Comedy|Horror,0306047,4256.0,4625
6889,Brother Bear (2003),Adventure|Animation|Children,0328880,10009.0,4626
6890,Elephant (2003),Drama,0363589,1807.0,4627
6893,"Italian Job, The (1969)",Action|Comedy|Crime,0064505,10536.0,4628
6898,Sweet Sixteen (2002),Drama,0313670,1376.0,4629
6899,Alien from L.A. (1988),Sci-Fi,0092532,31397.0,4630
6902,Interstate 60 (2002),Adventure|Comedy|Drama|Fantasy|Mystery|Sci-Fi|Thriller,0165832,20312.0,4631
6909,"Eye, The (Gin gwai) (Jian gui) (2002)",Thriller,0325655,10389.0,4632
6911,"Jolson Story, The (1946)",Musical,0038661,31206.0,4633
6912,You'll Never Get Rich (1941),Comedy|Musical|Romance,0034409,28658.0,4634
6918,"Unvanquished, The (Aparajito) (1957)",Drama,0048956,897.0,4635
6920,"Cercle Rouge, Le (Red Circle, The) (1970)",Crime|Thriller,0065531,11657.0,4636
6927,"Human Stain, The (2003)",Drama|Romance|Thriller,0308383,10922.0,4637
6932,Shattered Glass (2003),Crime|Drama,0323944,13537.0,4638
6934,"Matrix Revolutions, The (2003)",Action|Adventure|Sci-Fi|Thriller|IMAX,0242653,605.0,4639
6935,"Revolution Will Not Be Televised, The (a.k.a. Chavez: Inside the Coup) (2003)",Documentary,0363510,33222.0,4640
6936,Elf (2003),Children|Comedy|Fantasy,0319343,10719.0,4641
6938,Billabong Odyssey (2003),Documentary,0379713,23995.0,4642
6939,Gloomy Sunday (Ein Lied von Liebe und Tod) (1999),Drama|Romance,0155722,1277.0,4643
6942,Love Actually (2003),Comedy|Drama|Romance,0314331,508.0,4644
6944,Father of the Bride (1991),Comedy,0101862,11846.0,4645
6945,My Architect: A Son's Journey (2003),Documentary,0373175,50314.0,4646
6946,Looney Tunes: Back in Action (2003),Action|Animation|Children|Fantasy,0318155,10715.0,4647
6947,Master and Commander: The Far Side of the World (2003),Adventure|Drama|War,0311113,8619.0,4648
6948,Tupac: Resurrection (2003),Documentary,0343121,21525.0,4649
6949,"Big Empty, The (2003)",Comedy|Mystery|Sci-Fi,0321442,14892.0,4650
6950,"Missing, The (2003)",Adventure|Thriller|Western,0338188,12146.0,4651
6951,"Cat in the Hat, The (2003)",Children|Comedy,0312528,10588.0,4652
6952,Gothika (2003),Horror|Thriller,0348836,4970.0,4653
6953,21 Grams (2003),Crime|Drama|Mystery|Romance|Thriller,0315733,470.0,4654
6954,"Barbarian Invasions, The (Les invasions barbares) (2003)",Comedy|Crime|Drama|Mystery|Romance,0338135,11042.0,4655
6957,Bad Santa (2003),Comedy|Crime,0307987,10147.0,4656
6958,"Haunted Mansion, The (2003)",Children|Comedy|Fantasy|Horror,0338094,10756.0,4657
6959,Timeline (2003),Action|Adventure|Sci-Fi,0300556,9562.0,4658
6961,Damage (Fatale) (1992),Drama,0104237,11012.0,4659
6962,OT: Our Town (2002),Documentary,0334029,279714.0,4660
6963,Devil's Playground (2002),Documentary,0293088,30068.0,4661
6965,Journeys with George (2002),Documentary,0312848,158413.0,4662
6966,Darkman (1990),Action|Crime|Fantasy|Sci-Fi|Thriller,0099365,9556.0,4663
6967,Dead of Night (1945),Horror|Mystery,0037635,13581.0,4664
6969,"Dernier Combat, Le (Last Battle, The) (1983)",Drama|Sci-Fi,0085426,19184.0,4665
6970,Desk Set (1957),Comedy|Romance,0050307,24203.0,4666
6971,Europa (Zentropa) (1991),Drama|Thriller,0101829,9065.0,4667
6973,Final Analysis (1992),Drama|Romance|Thriller,0104265,4823.0,4668
6974,"Freshman, The (1990)",Comedy|Crime,0099615,10168.0,4669
6975,Funny Games (1997),Drama|Horror|Thriller,0119167,10234.0,4670
6978,Slacker (1991),Comedy|Drama,0102943,14022.0,4671
6979,WarGames (1983),Drama|Sci-Fi|Thriller,0086567,860.0,4672
6981,"Ordet (Word, The) (1955)",Drama,0048452,48035.0,4673
6982,Forbidden Games (Jeux interdits) (1952),Drama|War,0043686,5000.0,4674
6983,Jane Eyre (1944),Drama|Romance,0036969,22744.0,4675
6984,"Tale of Two Cities, A (1935)",Drama,0027075,17831.0,4676
6985,"Passion of Joan of Arc, The (Passion de Jeanne d'Arc, La) (1928)",Drama,0019254,780.0,4677
6986,Ben-Hur: A Tale of the Christ (1925),Adventure|Drama|Romance,0016641,31510.0,4678
6987,"Cabinet of Dr. Caligari, The (Cabinet des Dr. Caligari., Das) (1920)",Crime|Fantasy|Horror,0010323,234.0,4679
6989,Gorky Park (1983),Crime|Drama|Thriller,0085615,8289.0,4680
6990,The Great Train Robbery (1978),Action|Adventure|Comedy|Crime|Drama,0079240,11583.0,4681
6992,Guarding Tess (1994),Comedy|Drama,0109951,6472.0,4682
6993,Hannah and Her Sisters (1986),Comedy|Drama|Romance,0091167,5143.0,4683
6994,"Hard Way, The (1991)",Action|Comedy,0102004,11384.0,4684
6996,Highlander II: The Quickening (1991),Action|Sci-Fi,0102034,8010.0,4685
6997,Hoffa (1992),Crime|Drama,0104427,10410.0,4686
6998,House of Cards (1993),Drama,0107148,47095.0,4687
6999,Housesitter (1992),Comedy|Romance,0104452,10407.0,4688
7000,Hudson Hawk (1991),Action|Adventure|Comedy,0102070,9292.0,4689
7001,Invasion of the Body Snatchers (1978),Horror|Mystery|Sci-Fi|Thriller,0077745,11850.0,4690
7004,Kindergarten Cop (1990),Action|Comedy|Crime|Thriller,0099938,951.0,4691
7005,King Ralph (1991),Comedy,0102216,10804.0,4692
7007,"Last Boy Scout, The (1991)",Action|Comedy|Crime|Drama|Thriller,0102266,9319.0,4693
7008,Last Tango in Paris (Ultimo tango a Parigi) (1972),Drama|Romance,0070849,1643.0,4694
7009,Lorenzo's Oil (1992),Drama,0104756,2007.0,4695
7010,"Lover, The (Amant, L') (1992)",Drama|Romance,0101316,10995.0,4696
7012,Mr. Destiny (1990),Comedy|Fantasy,0100201,2612.0,4697
7013,"Night of the Hunter, The (1955)",Drama|Film-Noir|Thriller,0048424,3112.0,4698
7015,Only the Lonely (1991),Comedy|Romance,0102598,2611.0,4699
7016,Over the Top (1987),Action|Drama,0093692,1825.0,4700
7017,Passenger 57 (1992),Action|Thriller,0105104,10538.0,4701
7018,Presumed Innocent (1990),Crime|Drama|Thriller,0100404,11092.0,4702
7019,Project X (1987),Comedy|Drama,0093793,18410.0,4703
7020,Proof (1991),Comedy|Drama|Romance,0102721,14904.0,4704
7022,Battle Royale (Batoru rowaiaru) (2000),Action|Drama|Horror|Thriller,0266308,3176.0,4705
7023,"Wedding Banquet, The (Xi yan) (1993)",Comedy|Drama|Romance,0107156,9261.0,4706
7024,"Salo, or The 120 Days of Sodom (Salò o le 120 giornate di Sodoma) (1976)",Drama,0073650,5336.0,4707
7025,"Midnight Clear, A (1992)",Drama|War,0102443,23908.0,4708
7026,Summer School (1987),Comedy,0094072,14671.0,4709
7027,Silverado (1985),Action|Western,0090022,11509.0,4710
7028,Quick Change (1990),Comedy|Crime,0100449,10729.0,4711
7030,Radio Flyer (1992),Drama,0105211,20763.0,4712
7031,"Real McCoy, The (1993)",Action|Crime|Drama|Thriller,0107927,2047.0,4713
7032,Revenge (1990),Drama|Romance|Thriller,0100485,14249.0,4714
7033,"Secret of My Succe$s, The (a.k.a. The Secret of My Success) (1987)",Comedy|Romance,0093936,10021.0,4715
7034,Show Me Love (Fucking Åmål) (1998),Drama|Romance,0150662,11634.0,4716
7036,Teen Wolf (1985),Comedy|Fantasy,0090142,11824.0,4717
7037,High Heels (Tacones lejanos) (1991),Comedy|Drama,0103030,8222.0,4718
7038,Things You Can Tell Just by Looking at Her (2000),Drama|Romance,0210358,20067.0,4719
7040,To Live and Die in L.A. (1985),Action|Crime|Drama|Thriller,0090180,9846.0,4720
7041,Trapped in Paradise (1994),Comedy|Crime,0111477,23719.0,4721
7044,Wild at Heart (1990),Crime|Drama|Mystery|Romance|Thriller,0100935,483.0,4722
7045,"Witches, The (1990)",Children|Fantasy,0100944,10166.0,4723
7046,"Witches of Eastwick, The (1987)",Comedy|Fantasy|Horror|Thriller,0094332,6069.0,4724
7047,Year of the Dragon (1985),Action|Crime|Drama,0090350,11018.0,4725
7048,Nothing to Lose (1997),Action|Adventure|Comedy|Crime,0119807,11676.0,4726
7049,Flying Down to Rio (1933),Comedy|Musical|Romance,0024025,28293.0,4727
7050,Follow the Fleet (1936),Comedy|Musical|Romance,0027630,28292.0,4728
7051,"What's New, Pussycat (1965)",Comedy,0059903,3681.0,4729
7052,Mary of Scotland (1936),Drama,0027948,43875.0,4730
7053,Roberta (1935),Comedy|Musical|Romance,0026942,31798.0,4731
7054,Little Women (1949),Drama,0041594,43436.0,4732
7055,Swing Time (1936),Comedy|Musical|Romance,0028333,20325.0,4733
7056,"Public Enemy, The (1931)",Action|Crime|Drama,0022286,17687.0,4734
7057,"Midsummer Night's Dream, A (1935)",Comedy|Fantasy|Romance,0026714,19075.0,4735
7058,Life with Father (1947),Comedy,0039566,41465.0,4736
7059,National Velvet (1944),Children|Drama,0037120,17641.0,4737
7060,Jesus Christ Superstar (1973),Drama|Musical,0070239,12545.0,4738
7061,Dark Victory (1939),Drama|Romance,0031210,27972.0,4739
7062,Birdman of Alcatraz (1962),Drama,0055798,898.0,4740
7063,"Aguirre: The Wrath of God (Aguirre, der Zorn Gottes) (1972)",Adventure|Drama,0068182,2000.0,4741
7064,Beauty and the Beast (La belle et la bête) (1946),Drama|Fantasy,0038348,648.0,4742
7065,"Birth of a Nation, The (1915)",Drama|War,0004972,618.0,4743
7067,Juliet of the Spirits (Giulietta degli spiriti) (1965),Comedy|Drama|Fantasy|Romance,0059229,19120.0,4744
7069,"Macbeth (a.k.a. Tragedy of Macbeth, The) (1971)",Drama,0067372,11316.0,4745
7070,Red River (1948),Action|Adventure|Western,0040724,3089.0,4746
7071,"Woman Under the Influence, A (1974)",Drama,0072417,29845.0,4747
7072,Stagecoach (1939),Action|Drama|Romance|Western,0031971,995.0,4748
7073,"Shot in the Dark, A (1964)",Comedy|Crime|Mystery,0058586,1594.0,4749
7074,"Navigator, The (1924)",Comedy,0015163,32318.0,4750
7075,"Court Jester, The (1956)",Adventure|Comedy|Musical,0049096,11839.0,4751
7076,Bullitt (1968),Action|Crime|Drama|Thriller,0062765,916.0,4752
7078,Jezebel (1938),Drama,0030287,1976.0,4753
7079,"Hunchback of Notre Dame, The (1939)",Drama,0031455,31685.0,4754
7080,42nd Street (1933),Drama|Musical|Romance,0024034,3062.0,4755
7082,That Touch of Mink (1962),Comedy|Romance,0056575,12708.0,4756
7083,Sweet Dreams (1985),Drama,0090110,42045.0,4757
7084,"Play It Again, Sam (1972)",Comedy|Romance,0069097,11610.0,4758
7085,Send Me No Flowers (1964),Comedy|Romance,0058571,4939.0,4759
7086,Pygmalion (1938),Comedy|Drama,0030637,25016.0,4760
7087,"Passage to India, A (1984)",Adventure|Drama,0087892,15927.0,4761
7088,Black Orpheus (Orfeu Negro) (1959),Drama|Romance,0053146,40423.0,4762
7089,Amarcord (1973),Comedy|Drama,0071129,7857.0,4763
7090,Hero (Ying xiong) (2002),Action|Adventure|Drama,0299977,79.0,4764
7091,Horse Feathers (1932),Comedy,0023027,13912.0,4765
7092,Anna Karenina (1935),Drama|Romance,0026071,70881.0,4766
7093,"Front Page, The (1974)",Comedy,0071524,987.0,4767
7096,Rivers and Tides (2001),Documentary,0307385,30140.0,4768
7099,Nausicaä of the Valley of the Wind (Kaze no tani no Naushika) (1984),Adventure|Animation|Drama|Fantasy|Sci-Fi,0087544,81.0,4769
7101,Doc Hollywood (1991),Comedy|Romance,0101745,11821.0,4770
7102,Dragnet (1987),Comedy|Crime|Drama,0092925,10023.0,4771
7103,Madhouse (1990),Comedy,0100087,51036.0,4772
7104,1941 (1979),Comedy|War,0078723,11519.0,4773
7107,Foul Play (1978),Comedy|Thriller,0077578,15659.0,4774
7108,Crime Story (Zhong an zu) (1993),Action|Crime|Drama,0108656,18857.0,4775
7109,Beyond the Clouds (Al di là delle nuvole) (1996),Drama|Romance,0114086,33517.0,4776
7114,"Collector, The (1965)",Drama|Horror|Thriller,0059043,42740.0,4777
7115,Deep Red (Profondo rosso) (1975),Horror|Mystery|Thriller,0073582,20126.0,4778
7116,Diabolique (Les diaboliques) (1955),Horror|Mystery|Thriller,0046911,827.0,4779
7117,Leprechaun (1993),Comedy|Horror,0107387,11811.0,4780
7118,Wings of Honneamise (Ôritsu uchûgun Oneamisu no tsubasa) (1987),Animation|Drama|Sci-Fi|War,0093207,20043.0,4781
7121,Adam's Rib (1949),Comedy|Romance,0041090,25431.0,4782
7122,King of Hearts (1966),Comedy|Drama|War,0060908,17685.0,4783
7123,Naked Lunch (1991),Drama|Fantasy|Mystery|Sci-Fi,0102511,2742.0,4784
7124,Grass (1999),Documentary,0214730,22010.0,4785
7125,Spring Forward (1999),Drama,0156096,51145.0,4786
7127,Run (1991),Action|Drama|Thriller,0102818,48129.0,4787
7131,"Summer Place, A (1959)",Drama,0053320,18904.0,4788
7132,"Night at the Opera, A (1935)",Comedy|Musical|Romance,0026778,37719.0,4789
7134,"Element of Crime, The (Forbrydelsens Element) (1984)",Drama|Thriller,0087280,9063.0,4790
7137,"Cooler, The (2003)",Comedy|Drama|Romance,0318374,10744.0,4791
7139,In America (2002),Drama|Romance,0298845,10511.0,4792
7141,My Flesh and Blood (2003),Documentary,0342804,22289.0,4793
7142,Honey (2003),Drama|Romance,0322589,10028.0,4794
7143,"Last Samurai, The (2003)",Action|Adventure|Drama|War,0325710,616.0,4795
7147,Big Fish (2003),Drama|Fantasy|Romance,0319061,587.0,4796
7149,Something's Gotta Give (2003),Comedy|Drama|Romance,0337741,6964.0,4797
7150,Stuck on You (2003),Comedy,0338466,1792.0,4798
7151,Girl with a Pearl Earring (2003),Drama|Romance,0335119,3635.0,4799
7153,"Lord of the Rings: The Return of the King, The (2003)",Action|Adventure|Drama|Fantasy,0167260,122.0,4800
7154,Mona Lisa Smile (2003),Drama|Romance,0304415,11820.0,4801
7155,Calendar Girls (2003),Comedy,0337909,8696.0,4802
7156,"Fog of War: Eleven Lessons from the Life of Robert S. McNamara, The (2003)",Documentary|War,0317910,12698.0,4803
7158,House of Sand and Fog (2003),Drama,0315983,11093.0,4804
7160,Monster (2003),Crime|Drama,0340855,504.0,4805
7161,Cheaper by the Dozen (2003),Children|Comedy,0349205,11007.0,4806
7162,Cold Mountain (2003),Drama|Romance|War,0159365,2289.0,4807
7163,Paycheck (2003),Action|Sci-Fi|Thriller,0338337,9620.0,4808
7164,Peter Pan (2003),Action|Adventure|Children|Fantasy,0316396,10601.0,4809
7165,"Company, The (2003)",Drama|Musical,0335013,52036.0,4810
7167,Japanese Story (2003),Drama,0304229,13433.0,4811
7169,Chasing Liberty (2004),Comedy|Romance,0360139,14844.0,4812
7171,Aileen: Life and Death of a Serial Killer (2003),Documentary,0364930,37088.0,4813
7173,Along Came Polly (2004),Comedy|Romance,0343135,5966.0,4814
7175,Torque (2004),Action|Crime,0329691,10718.0,4815
7176,Crimson Gold (Talaye sorgh) (2003),Drama,0371280,40427.0,4816
7177,Osama (2003),Drama,0368913,14757.0,4817
7178,"Great Gatsby, The (1974)",Drama,0071577,11034.0,4818
7179,Wuthering Heights (1992),Drama|Romance,0104181,25095.0,4819
7181,Ship of Fools (1965),Drama,0059712,30080.0,4820
7184,This Property is Condemned (1966),Drama|Romance,0061089,65012.0,4821
7190,Jane Eyre (1970),Drama,0065911,131313.0,4822
7191,Blame It on the Bellboy (1992),Comedy,0103827,34151.0,4823
7192,Only the Strong (1993),Action,0107750,15797.0,4824
7193,"Adventures of Ford Fairlane, The (1990)",Action|Comedy,0098987,9548.0,4825
7202,Beyond Re-Animator (2003),Horror,0222812,11429.0,4826
7205,"Wind and the Lion, The (1975)",Adventure,0073906,14815.0,4827
7206,Mon Oncle (My Uncle) (1958),Comedy,0050706,427.0,4828
7208,Dr. Jekyll and Mr. Hyde (1941),Drama|Horror,0033553,3022.0,4829
7209,"M. Hulot’s Holiday (Mr. Hulot's Holiday) (Vacances de Monsieur Hulot, Les) (1953)",Comedy,0046487,778.0,4830
7211,People Will Talk (1951),Comedy|Romance,0043915,23152.0,4831
7212,I Was a Male War Bride (1949),Comedy|Romance,0041498,23567.0,4832
7215,To Have and Have Not (1944),Adventure|Drama|Romance|Thriller|War,0037382,22584.0,4833
7216,High Sierra (1941),Crime|Drama|Film-Noir|Thriller,0033717,27725.0,4834
7217,Dark Passage (1947),Crime|Drama|Film-Noir|Romance|Thriller,0039302,16227.0,4835
7218,"Ox-Bow Incident, The (1943)",Drama|Western,0036244,980.0,4836
7219,They Drive by Night (1940),Drama,0033149,16933.0,4837
7222,Reefer Madness (a.k.a. Tell Your Children) (1938),Comedy|Drama,0028346,37833.0,4838
7223,D.O.A. (1950),Drama|Film-Noir|Mystery,0042369,18995.0,4839
7225,Pumping Iron (1977),Documentary,0076578,5205.0,4840
7228,Cool World (1992),Animation|Comedy|Fantasy,0104009,14239.0,4841
7234,"Strada, La (1954)",Drama,0047528,405.0,4842
7235,Ichi the Killer (Koroshiya 1) (2001),Action|Comedy|Crime|Drama|Horror|Thriller,0296042,9696.0,4843
7236,"Boy and His Dog, A (1975)",Sci-Fi,0072730,4917.0,4844
7238,Ashes and Diamonds (Popiól i diament) (1958),Drama|War,0052080,5055.0,4845
7243,Intolerance: Love's Struggle Throughout the Ages (1916),Drama,0006864,3059.0,4846
7245,Tormented (1960),Horror|Thriller,0054393,28586.0,4847
7247,Chitty Chitty Bang Bang (1968),Adventure|Children|Comedy|Fantasy|Musical,0062803,11708.0,4848
7248,"Suriyothai (a.k.a. Legend of Suriyothai, The) (2001)",Action|Adventure|Drama|War,0290879,27329.0,4849
7251,Where the Day Takes You (1992),Drama,0105810,17736.0,4850
7254,The Butterfly Effect (2004),Drama|Sci-Fi|Thriller,0289879,1954.0,4851
7255,Win a Date with Tad Hamilton! (2004),Comedy|Romance,0335559,13476.0,4852
7256,Touching the Void (2003),Adventure|Documentary,0379557,11194.0,4853
7257,"Big Bounce, The (2004)",Comedy|Crime|Thriller,0315824,12634.0,4854
7258,"Perfect Score, The (2004)",Comedy|Crime,0314498,13505.0,4855
7259,You Got Served (2004),Drama|Musical,0365957,14114.0,4856
7260,Latter Days (2003),Comedy|Drama|Romance,0345551,15708.0,4857
7261,Barbershop 2: Back in Business (2004),Comedy,0337579,21301.0,4858
7262,Catch That Kid (2004),Action|Adventure|Children|Comedy|Crime,0337917,20483.0,4859
7263,Miracle (2004),Drama,0349825,14292.0,4860
7264,An Amazing Couple (2002),Comedy|Romance,0234940,44539.0,4861
7265,"Dreamers, The (2003)",Drama,0309987,1278.0,4862
7266,"Lost Skeleton of Cadavra, The (2002)",Comedy|Horror|Sci-Fi,0307109,18841.0,4863
7282,"Hip Hop Witch, Da (2000)",Comedy|Horror|Thriller,0245943,76176.0,4864
7285,Thirteen (2003),Drama,0328538,11023.0,4865
7292,Best Defense (1984),Comedy|War,0086955,11221.0,4866
7293,50 First Dates (2004),Comedy|Romance,0343660,1824.0,4867
7294,Welcome to Mooseport (2004),Comedy,0361925,16784.0,4868
7297,Kitchen Stories (Salmer fra kjøkkenet) (2003),Comedy|Drama,0323872,11083.0,4869
7299,Monsieur Ibrahim (Monsieur Ibrahim et les fleurs du Coran) (2003),Drama,0329388,337.0,4870
7301,Diary of a Country Priest (Journal d'un curé de campagne) (1951),Drama,0042619,43376.0,4871
7302,"Thief of Bagdad, The (1924)",Action|Adventure|Fantasy,0015400,28963.0,4872
7303,The Diary of Anne Frank (1959),Drama|War,0052738,2576.0,4873
7304,Allegro non troppo (1977),Animation|Comedy|Fantasy|Musical,0074121,22561.0,4874
7305,Black Widow (1987),Crime|Drama|Mystery|Thriller,0090738,19345.0,4875
7306,"Herod's Law (Ley de Herodes, La) (2000)",Comedy|Crime|Mystery,0221344,14430.0,4876
7307,Flesh & Blood (1985),Action|Adventure|Drama|War,0089153,12775.0,4877
7308,King Solomon's Mines (1985),Adventure|Comedy,0089421,9838.0,4878
7310,Raw Deal (1986),Action,0091828,2099.0,4879
7311,"Goodbye, Mr. Chips (1939)",Drama|Romance,0031385,42852.0,4880
7312,"Follow Me, Boys! (1966)",Comedy|Drama,0060420,40454.0,4881
7315,Against the Ropes (2004),Comedy|Drama,0312329,8842.0,4882
7316,Confessions of a Teenage Drama Queen (2004),Comedy,0361467,11132.0,4883
7317,EuroTrip (2004),Adventure|Comedy,0356150,9352.0,4884
7318,"Passion of the Christ, The (2004)",Drama,0335345,615.0,4885
7319,Club Dread (2004),Comedy|Horror,0331953,11217.0,4886
7320,Dirty Dancing: Havana Nights (2004),Romance,0338096,10677.0,4887
7321,Twisted (2004),Thriller,0315297,13572.0,4888
7323,"Good bye, Lenin! (2003)",Comedy|Drama,0301357,338.0,4889
7324,Hidalgo (2004),Adventure|Drama,0317648,2023.0,4890
7325,Starsky & Hutch (2004),Action|Comedy|Crime|Thriller,0335438,9384.0,4891
7326,"Reckoning, The (2004)",Crime|Drama,0258816,25935.0,4892
7327,Persona (1966),Drama,0060827,797.0,4893
7328,"Passion of Anna, The (Passion, En) (1969)",Drama,0064793,42602.0,4894
7333,"Corbeau, Le (Raven, The) (1943)",Crime|Drama|Thriller,0035753,29084.0,4895
7335,Pickup on South Street (1953),Film-Noir,0046187,25955.0,4896
7336,"Damned, The (La Caduta degli dei) (1969)",Drama|War,0064118,41876.0,4897
7340,Just One of the Guys (1985),Comedy,0089393,24548.0,4898
7344,"Wrong Arm of the Law, The (1963)",Comedy|Crime,0056704,42989.0,4899
7345,Agent Cody Banks 2: Destination London (2004),Action|Adventure|Children|Comedy,0358349,17047.0,4900
7346,"Girl Next Door, The (2004)",Comedy|Romance,0265208,10591.0,4901
7347,Secret Window (2004),Mystery|Thriller,0363988,1586.0,4902
7348,Spartan (2004),Thriller,0360009,11169.0,4903
7349,Broken Wings (Knafayim Shvurot) (2002),Drama,0317842,49689.0,4904
7352,Wilbur Wants to Kill Himself (2002),Comedy|Drama|Romance,0329767,156.0,4905
7354,Mad Dog and Glory (1993),Comedy|Drama|Romance,0107473,10433.0,4906
7357,Peyton Place (1957),Drama|Romance,0050839,43236.0,4907
7360,Dawn of the Dead (2004),Action|Drama|Horror|Thriller,0363547,924.0,4908
7361,Eternal Sunshine of the Spotless Mind (2004),Drama|Romance|Sci-Fi,0338013,38.0,4909
7362,Taking Lives (2004),Crime|Drama|Thriller,0364045,11081.0,4910
7364,Intermission (2003),Comedy|Crime|Drama,0332658,16941.0,4911
7366,Jersey Girl (2004),Comedy|Drama|Romance,0300051,9541.0,4912
7367,"Ladykillers, The (2004)",Comedy|Crime,0335245,5516.0,4913
7368,Never Die Alone (2004),Crime|Drama|Thriller,0354766,20304.0,4914
7369,Scooby-Doo 2: Monsters Unleashed (2004),Action|Adventure|Children|Comedy|Mystery,0331632,11024.0,4915
7371,Dogville (2003),Drama|Mystery|Thriller,0276919,553.0,4916
7372,Ned Kelly (2003),Drama,0277941,10544.0,4917
7373,Hellboy (2004),Action|Adventure|Fantasy|Horror,0167190,1487.0,4918
7375,"Prince & Me, The (2004)",Comedy|Romance,0337697,11137.0,4919
7376,Walking Tall (2004),Action,0351977,11358.0,4920
7377,"United States of Leland, The (2003)",Crime|Drama,0301976,13573.0,4921
7379,The Alamo (2004),Drama|War|Western,0318974,10733.0,4922
7380,Ella Enchanted (2004),Comedy|Fantasy|Romance,0327679,14442.0,4923
7381,"Whole Ten Yards, The (2004)",Action|Comedy|Crime,0327247,2122.0,4924
7382,I'm Not Scared (Io non ho paura) (2003),Drama|Mystery|Thriller,0326977,25300.0,4925
7386,"Ten Commandments, The (1956)",Adventure|Drama,0049833,6844.0,4926
7387,Dawn of the Dead (1978),Action|Drama|Horror,0077402,923.0,4927
7390,Prey for Rock & Roll (2003),Drama|Musical,0307351,28026.0,4928
7394,Those Magnificent Men in Their Flying Machines (1965),Action|Adventure|Comedy,0059797,10338.0,4929
7395,Cheaper by the Dozen (1950),Comedy|Drama,0042327,33839.0,4930
7396,Scenes From a Marriage (Scener ur ett äktenskap) (1973),Drama,0070644,133919.0,4931
7411,Munchies (1987),Comedy|Horror,0093582,4365.0,4932
7414,Going in Style (1979),Comedy|Drama,0079219,65066.0,4933
7419,After Hours (1985),Comedy|Thriller,0088680,10843.0,4934
7438,Kill Bill: Vol. 2 (2004),Action|Drama|Thriller,0378194,393.0,4935
7439,"Punisher, The (2004)",Action|Crime|Thriller,0330793,7220.0,4936
7440,Paper Clips (2004),Documentary,0380615,33823.0,4937
7443,This So-Called Disaster (2003),Documentary,0308488,126117.0,4938
7444,13 Going on 30 (2004),Comedy|Fantasy|Romance,0337563,10096.0,4939
7445,Man on Fire (2004),Action|Crime|Drama|Mystery|Thriller,0328107,9509.0,4940
7448,Envy (2004),Comedy,0326856,10710.0,4941
7449,Godsend (2004),Drama|Horror|Thriller,0335121,11058.0,4942
7450,Laws of Attraction (2004),Comedy|Romance,0323033,11141.0,4943
7451,Mean Girls (2004),Comedy,0377092,10625.0,4944
7454,Van Helsing (2004),Action|Adventure|Fantasy|Horror,0338526,7131.0,4945
7455,"Mudge Boy, The (2003)",Drama,0339419,26899.0,4946
7457,Breakin' All the Rules (2004),Comedy|Romance,0349169,16428.0,4947
7458,Troy (2004),Action|Adventure|Drama|War,0332452,652.0,4948
7459,Carandiru (2003),Crime|Drama,0293007,8440.0,4949
7460,Coffee and Cigarettes (2003),Comedy|Drama,0379217,883.0,4950
7477,Eye See You (D-Tox) (2002),Horror|Thriller,0160184,10375.0,4951
7479,Watch on the Rhine (1943),Drama,0036515,68440.0,4952
7481,Enemy Mine (1985),Adventure|Drama|Sci-Fi,0089092,11864.0,4953
7482,Enter the Dragon (1973),Action|Crime,0070034,9461.0,4954
7486,Happy Together (a.k.a. Buenos Aires Affair) (Chun gwong cha sit) (1997),Drama|Romance,0118845,18329.0,4955
7487,Henry & June (1990),Drama,0099762,17993.0,4956
7492,Martin (1977),Drama|Horror,0077914,26517.0,4957
7493,"Three Faces of Eve, The (1957)",Drama,0051077,28285.0,4958
7541,100 Girls (2000),Comedy|Romance,0214388,10035.0,4959
7560,Fail-Safe (1964),Drama|Thriller|War,0058083,502.0,4960
7561,Paperhouse (1988),Fantasy|Horror|Thriller,0098061,41965.0,4961
7562,Dobermann (1997),Action|Crime,0118996,10347.0,4962
7564,Kwaidan (Kaidan) (1964),Horror,0058279,30959.0,4963
7566,28 Up (1985),Documentary,0088650,20561.0,4964
7569,You Only Live Twice (1967),Action|Adventure|Sci-Fi|Thriller,0062512,667.0,4965
7570,Octopussy (1983),Action|Adventure|Thriller,0086034,700.0,4966
7572,Wit (2001),Drama,0243664,26976.0,4967
7573,Never Say Never Again (1983),Action|Adventure|Thriller,0086006,36670.0,4968
7579,Pride and Prejudice (1940),Comedy|Drama|Romance,0032943,43818.0,4969
7581,"Fountainhead, The (1949)",Drama,0041386,24650.0,4970
7584,Woman of the Year (1942),Comedy|Romance,0035567,20640.0,4971
7587,"Samouraï, Le (Godson, The) (1967)",Crime|Drama|Thriller,0062229,5511.0,4972
7614,Oklahoma! (1955),Musical|Romance|Western,0048445,13936.0,4973
7615,Desert Hearts (1985),Drama,0089015,294.0,4974
7616,Body Double (1984),Mystery|Thriller,0086984,11507.0,4975
7618,Chaplin (1992),Drama,0103939,10435.0,4976
7619,"Miracle Worker, The (1962)",Drama,0056241,1162.0,4977
7620,Monster in a Box (1992),Comedy|Drama,0102467,34328.0,4978
7624,School Ties (1992),Drama,0105327,14684.0,4979
7636,Raising Cain (1992),Horror|Thriller,0105217,13937.0,4980
7646,Rose Red (2002),Horror|Mystery|Thriller,0259153,14980.0,4981
7647,Noises Off... (1992),Comedy,0105017,26670.0,4982
7649,Babylon 5: In the Beginning (1998),Adventure|Sci-Fi,0120711,10940.0,4983
7650,"Witchfinder General (Conquerer Worm, The) (1968)",Horror,0063285,31965.0,4984
7657,Versus (2000),Action|Comedy|Fantasy|Horror,0275773,5842.0,4985
7669,Pride and Prejudice (1995),Drama|Romance,0112130,164721.0,4986
7698,"China Syndrome, The (1979)",Drama|Thriller,0078966,988.0,4987
7700,"Wages of Fear, The (Salaire de la peur, Le) (1953)",Action|Adventure|Drama|Thriller,0046268,204.0,4988
7701,Look Who's Talking Too (1990),Comedy|Romance,0100050,9356.0,4989
7702,"Bells of St. Mary's, The (1945)",Drama,0037536,32430.0,4990
7704,"Delta Force, The (1986)",Action,0090927,16113.0,4991
7705,Pat and Mike (1952),Comedy|Romance,0045012,33575.0,4992
7706,Animal Crackers (1930),Comedy|Musical,0020640,13913.0,4993
7707,"He Said, She Said (1991)",Comedy|Drama|Romance,0102011,17956.0,4994
7708,Bedazzled (1967),Comedy|Fantasy,0061391,18209.0,4995
7713,Cat People (1942),Drama|Horror|Romance|Thriller,0034587,25508.0,4996
7714,Camelot (1967),Drama|Musical|Romance,0061439,18978.0,4997
7716,"Lonely Guy, The (1984)",Comedy,0087635,27171.0,4998
7720,"Four Musketeers, The (1974)",Action|Adventure|Comedy|Romance,0073012,12310.0,4999
7727,Protocol (1984),Comedy,0087951,37296.0,5000
7728,"Postman Always Rings Twice, The (1946)",Crime|Drama|Film-Noir|Thriller,0038854,25736.0,5001
7730,Matinee (1993),Comedy|Drama,0107529,25389.0,5002
7742,Baxter (1989),Drama|Horror,0094713,52794.0,5003
7743,Explorers (1985),Adventure|Children|Sci-Fi,0089114,9872.0,5004
7745,"Scent of Green Papaya, The (Mùi du du xhan - L'odeur de la papaye verte) (1993)",Drama,0107617,19552.0,5005
7748,Pierrot le fou (1965),Crime|Drama,0059592,2786.0,5006
7749,Weekend (a.k.a. Le Week-end) (Week End) (1967),Drama,0062480,8075.0,5007
7753,Tuesdays with Morrie (1999),Drama,0207805,26133.0,5008
7756,Alexander Nevsky (Aleksandr Nevskiy) (1938),Action|Drama|War,0029850,10235.0,5009
7757,Jason and the Argonauts (1963),Action|Adventure|Fantasy,0057197,11533.0,5010
7762,"Tinker, Tailor, Soldier, Spy (1979)",Drama|Thriller,0080297,140207.0,5011
7766,Throne of Blood (Kumonosu jô) (1957),Action|Drama|Thriller|War,0050613,3777.0,5012
7767,"Best of Youth, The (La meglio gioventù) (2003)",Drama,0346336,11659.0,5013
7772,Undercurrent (1946),Film-Noir|Thriller,0039066,44098.0,5014
7773,"Bang, Bang, You're Dead (2002)",Drama,0288439,16876.0,5015
7781,Twister (1990),Comedy,0096321,77780.0,5016
7782,Sniper (1993),Action|Drama,0108171,9545.0,5017
7786,Genghis Blues (1999),Documentary,0187859,28030.0,5018
7789,"11'09""01 - September 11 (2002)",Drama,0328802,1926.0,5019
7792,"Parallax View, The (1974)",Thriller,0071970,17365.0,5020
7802,"Warriors, The (1979)",Action|Adventure|Crime|Thriller,0080120,11474.0,5021
7810,Babylon 5: A Call to Arms (1999),Adventure|Sci-Fi,0146455,10916.0,5022
7811,Babylon 5: The River of Souls (1998),Drama|Sci-Fi,0146247,10921.0,5023
7812,Babylon 5: Thirdspace (1998),Drama|Sci-Fi,0121804,10941.0,5024
7815,True Stories (1986),Comedy|Musical,0092117,24798.0,5025
7820,"Virgin Spring, The (Jungfrukällan) (1960)",Crime|Drama,0053976,11656.0,5026
7822,Mogambo (1953),Adventure|Drama|Romance,0046085,25009.0,5027
7826,"Secret Life of Walter Mitty, The (1947)",Comedy|Romance|Thriller,0039808,40092.0,5028
7831,Another Thin Man (1939),Comedy|Crime|Drama|Mystery|Romance,0031047,14589.0,5029
7832,"Thin Man Goes Home, The (1945)",Comedy|Crime|Mystery,0037365,14594.0,5030
7833,Shadow of the Thin Man (1941),Comedy|Crime|Mystery,0034172,14590.0,5031
7834,After the Thin Man (1936),Comedy|Crime|Mystery|Romance,0027260,14588.0,5032
7835,Song of the Thin Man (1947),Comedy|Crime|Drama|Musical|Mystery|Romance,0039853,14595.0,5033
7839,Love Crazy (1941),Comedy,0033852,20644.0,5034
7840,Gunga Din (1939),Adventure|Comedy|War,0031398,24965.0,5035
7841,Children of Dune (2003),Fantasy|Sci-Fi,0287839,192936.0,5036
7842,Dune (2000),Drama|Fantasy|Sci-Fi,0142032,876.0,5037
7843,Lammbock (2001),Comedy,0258760,1583.0,5038
7844,"Legend, The (Legend of Fong Sai-Yuk, The) (Fong Sai Yuk) (1993)",Action|Comedy,0106936,17653.0,5039
7845,Tremors II: Aftershocks (1996),Comedy|Horror|Sci-Fi,0114720,11069.0,5040
7846,Tremors 3: Back to Perfection (2001),Comedy|Horror|Sci-Fi,0259685,10829.0,5041
7879,Notorious C.H.O. (2002),Comedy,0300274,57946.0,5042
7882,The Plague of the Zombies (1966),Horror,0060841,29049.0,5043
7883,I Walked with a Zombie (1943),Drama|Horror,0036027,27130.0,5044
7884,Highway 61 (1991),Comedy,0102035,8468.0,5045
7888,How to Succeed in Business Without Really Trying (1967),Comedy|Musical,0061791,22682.0,5046
7889,Pat Garrett and Billy the Kid (1973),Western,0070518,11577.0,5047
7891,"Last Man on Earth, The (Ultimo uomo della Terra, L') (1964)",Drama|Horror|Sci-Fi,0058700,21159.0,5048
7894,"Duck, You Sucker (1971)",Action|Western,0067140,336.0,5049
7895,Bring Me the Head of Alfredo Garcia (1974),Crime|Drama|Thriller,0071249,11942.0,5050
7896,Ride the High Country (1962),Adventure|Drama|Western,0056412,36206.0,5051
7899,Master of the Flying Guillotine (Du bi quan wang da po xue di zi) (1975),Action,0072913,49636.0,5052
7900,Frankenstein Must Be Destroyed (1969),Drama|Horror|Sci-Fi,0065738,3075.0,5053
7916,Gidget (1959),Comedy,0052847,43096.0,5054
7920,Desperate Living (1977),Comedy|Crime,0075936,14262.0,5055
7924,Stray Dog (Nora inu) (1949),Drama|Film-Noir|Thriller,0041699,30368.0,5056
7925,"Hidden Fortress, The (Kakushi-toride no san-akunin) (1958)",Action|Adventure,0051808,1059.0,5057
7926,High and Low (Tengoku to jigoku) (1963),Crime|Drama|Film-Noir|Thriller,0057565,12493.0,5058
7930,"People Under the Stairs, The (1991)",Horror|Mystery|Thriller,0105121,13122.0,5059
7932,Dark Days (2000),Documentary,0235327,14273.0,5060
7934,Zelig (1983),Comedy,0086637,11030.0,5061
7936,Shame (Skammen) (1968),Drama|War,0063611,26372.0,5062
7937,"Silence, The (Tystnaden) (1963)",Drama,0057611,11506.0,5063
7938,Winter Light (Nattvardsgästerna) (1963),Drama,0057358,29455.0,5064
7939,Through a Glass Darkly (Såsom i en spegel) (1961),Drama,0055499,11602.0,5065
7940,The Magician (1958),Drama,0051365,29453.0,5066
7943,"Killers, The (1946)",Crime|Film-Noir,0038669,14638.0,5067
7944,"Night of the Iguana, The (1964)",Drama|Thriller,0058404,14703.0,5068
7951,Nightbreed (1990),Fantasy|Horror,0100260,20481.0,5069
7976,Ken Park (2002),Drama,0209077,7090.0,5070
7979,Monterey Pop (1968),Documentary|Musical,0064689,42632.0,5071
7980,"Bridge Too Far, A (1977)",Action|Drama|War,0075784,5902.0,5072
7981,Infernal Affairs (Mou gaan dou) (2002),Crime|Drama|Thriller,0338564,10775.0,5073
7982,"Tale of Two Sisters, A (Janghwa, Hongryeon) (2003)",Drama|Horror|Mystery|Thriller,0365376,4552.0,5074
7983,Broadway Danny Rose (1984),Comedy,0087003,12762.0,5075
7984,From Beyond (1986),Horror|Sci-Fi,0091083,14510.0,5076
7986,Robot Jox (1990),Sci-Fi,0102800,15618.0,5077
7987,Dolls (1987),Horror,0092906,24341.0,5078
7988,Space Truckers (1996),Comedy|Sci-Fi,0120199,10690.0,5079
7991,Death Race 2000 (1975),Action|Sci-Fi,0072856,13282.0,5080
7993,"Bucket Of Blood, A (1959)",Comedy|Horror,0052655,22642.0,5081
8008,Brigadoon (1954),Fantasy|Musical|Romance,0046807,18283.0,5082
8010,"Power of One, The (1992)",Drama,0105159,13823.0,5083
8011,"Weather Underground, The (2002)",Documentary,0343168,14108.0,5084
8012,Kikujiro (Kikujirô no natsu) (1999),Comedy|Drama,0199683,4291.0,5085
8014,"Spring, Summer, Fall, Winter... and Spring (Bom yeoreum gaeul gyeoul geurigo bom) (2003)",Drama,0374546,113.0,5086
8015,"Phantom Tollbooth, The (1970)",Adventure|Animation|Children|Fantasy,0064806,28476.0,5087
8016,"Getaway, The (1972)",Action|Crime|Drama|Thriller,0068638,5916.0,5088
8019,Dark Water (Honogurai mizu no soko kara) (2002),Drama|Horror|Mystery|Thriller,0308379,12205.0,5089
8024,"Thing Called Love, The (1993)",Comedy|Drama|Romance,0108327,27804.0,5090
8025,The Thief (1997),Drama,0124207,46187.0,5091
8033,How to Steal a Million (1966),Comedy|Crime|Romance,0060522,3001.0,5092
8035,"Stendhal Syndrome, The (Sindrome di Stendhal, La) (1996)",Crime|Horror|Thriller,0117658,39434.0,5093
8042,Mean Streets (1973),Crime|Drama,0070379,203.0,5094
8043,Jack the Bear (1993),Comedy|Drama,0107247,38749.0,5095
8044,I Am a Fugitive from a Chain Gang (1932),Crime|Drama|Film-Noir,0023042,29740.0,5096
8045,Hamburger Hill (1987),Action|Drama|War,0093137,10652.0,5097
8057,Sweet Bird of Youth (1962),Drama,0056541,33632.0,5098
8092,Frankenstein Unbound (1990),Drama|Horror|Sci-Fi,0099612,3072.0,5099
8093,Shiri (Swiri) (1999),Action|Drama|Romance|Thriller,0192657,10355.0,5100
8094,Bad Day at Black Rock (1955),Drama|Thriller|Western,0047849,14554.0,5101
8117,In China They Eat Dogs (I Kina spiser de hunde) (1999),Action|Comedy,0180748,250.0,5102
8118,Delta Force 2 (Delta Force 2: The Colombian Connection) (1990),Action|Adventure|Thriller|War,0099399,19086.0,5103
8119,Crossroads (1986),Drama,0090888,15392.0,5104
8121,"Seducing Doctor Lewis (Grande séduction, La) (2003)",Comedy,0366532,41277.0,5105
8125,Sunrise: A Song of Two Humans (1927),Drama|Romance,0018455,631.0,5106
8126,Shock Corridor (1963),Drama,0057495,25504.0,5107
8128,Au revoir les enfants (1987),Drama,0092593,1786.0,5108
8131,Pursuit of Happiness (2001),Comedy|Romance,0243508,210937.0,5109
8132,Gladiator (1992),Action|Drama,0104346,16219.0,5110
8136,Indestructible Man (1956),Crime|Horror|Sci-Fi,0049363,48385.0,5111
8137,"Wasp Woman, The (1959)",Horror|Sci-Fi,0054462,27545.0,5112
8138,Attack of the Giant Leeches (1959),Horror|Sci-Fi,0053611,22718.0,5113
8142,Dead or Alive: Hanzaisha (1999),Action|Crime,0221111,11315.0,5114
8143,Lola Montès (1955),Drama,0048308,35987.0,5115
8147,Charly (1968),Drama|Sci-Fi,0062794,29146.0,5116
8153,Lust for Life (1956),Drama,0049456,29592.0,5117
8154,"Dolce Vita, La (1960)",Drama,0053779,439.0,5118
8157,Jin Roh: The Wolf Brigade (Jin-Rô) (1998),Animation|Fantasy|Thriller,0193253,823.0,5119
8158,Rush (1991),Crime|Drama,0102820,20289.0,5120
8167,Captain Blood (1935),Action|Adventure|Romance,0026174,16905.0,5121
8169,*batteries not included (1987),Children|Comedy|Fantasy|Sci-Fi,0092494,11548.0,5122
8183,Educating Rita (1983),Comedy|Drama,0085478,38291.0,5123
8188,Sansho the Bailiff (Sanshô dayû) (1954),Drama,0047445,20532.0,5124
8189,Zazie dans le métro (1960),Comedy,0054494,2546.0,5125
8190,"Americanization of Emily, The (1964)",Comedy|Drama|War,0057840,42791.0,5126
8191,Anne of the Thousand Days (1969),Drama,0064030,22522.0,5127
8195,"Avventura, L' (Adventure, The) (1960)",Drama|Mystery|Romance,0053619,5165.0,5128
8196,Beyond the Valley of the Dolls (1970),Comedy|Horror,0065466,5722.0,5129
8197,Hiroshima Mon Amour (1959),Drama|Romance|War,0052893,5544.0,5130
8199,Ugetsu (Ugetsu monogatari) (1953),Drama|Thriller,0046478,14696.0,5131
8207,"Day of the Jackal, The (1973)",Crime|Thriller,0069947,4909.0,5132
8225,Night of the Living Dead (1990),Horror,0100258,19185.0,5133
8228,"Maltese Falcon, The (a.k.a. Dangerous Female) (1931)",Mystery,0022111,28257.0,5134
8232,I Love You Again (1940),Comedy|Drama,0032617,20643.0,5135
8235,Safety Last! (1923),Action|Comedy|Romance,0014429,22596.0,5136
8236,While the City Sleeps (1956),Drama|Film-Noir,0049949,36786.0,5137
8238,Little Murders (1971),Comedy|Crime,0067350,27459.0,5138
8239,Viridiana (1961),Comedy|Drama,0055601,4497.0,5139
8241,Masterminds (1997),Action|Comedy|Thriller,0119630,25224.0,5140
8253,Lupin III: The Castle Of Cagliostro (Rupan sansei: Kariosutoro no shiro) (1979),Action|Adventure|Animation|Comedy|Crime|Mystery,0079833,15371.0,5141
8254,Arizona Dream (1993),Comedy|Drama|Fantasy|Romance,0106307,11044.0,5142
8261,3 Women (Three Women) (1977),Drama,0075612,41662.0,5143
8264,Grey Gardens (1975),Documentary,0073076,17346.0,5144
8266,Purple Rain (1984),Drama|Musical,0087957,13763.0,5145
8268,Point of No Return (1993),Action|Thriller,0107843,10498.0,5146
8270,"Hairdresser's Husband, The (Le mari de la coiffeuse) (1990)",Comedy|Drama|Romance,0100112,11796.0,5147
8275,College (1927),Comedy,0017765,34847.0,5148
8290,Mitchell (1975),Action|Crime,0073396,32303.0,5149
8293,Used People (1992),Comedy|Drama,0105706,41779.0,5150
8302,"Front Page, The (1931)",Comedy|Drama|Romance,0021890,42814.0,5151
8327,Dolls (2002),Drama|Romance,0330229,870.0,5152
8331,"Man Who Came to Dinner, The (1942)",Comedy,0033874,26319.0,5153
8335,Make Way for Tomorrow (1937),Drama,0029192,41059.0,5154
8336,"Major and the Minor, The (1942)",Comedy|Romance,0035019,39871.0,5155
8337,"Caine Mutiny, The (1954)",Drama|War,0046816,10178.0,5156
8338,Black Narcissus (1947),Drama,0039192,16391.0,5157
8340,Escape from Alcatraz (1979),Drama|Thriller,0079116,10734.0,5158
8341,Oliver Twist (1948),Adventure|Crime|Drama,0040662,10949.0,5159
8360,Shrek 2 (2004),Adventure|Animation|Children|Comedy|Musical|Romance,0298148,809.0,5160
8361,"Day After Tomorrow, The (2004)",Action|Adventure|Drama|Sci-Fi|Thriller,0319262,435.0,5161
8362,Raising Helen (2004),Comedy|Drama|Romance,0350028,4599.0,5162
8363,Soul Plane (2004),Comedy,0367085,12657.0,5163
8364,Baadasssss! (How to Get the Man's Foot Outta Your Ass) (2003),Drama,0367790,28219.0,5164
8366,Saved! (2004),Comedy|Drama,0332375,13193.0,5165
8368,Harry Potter and the Prisoner of Azkaban (2004),Adventure|Fantasy|IMAX,0304141,673.0,5166
8369,Mindhunters (2004),Action|Crime|Horror|Mystery|Thriller,0297284,16617.0,5167
8370,"Blind Swordsman: Zatoichi, The (Zatôichi) (2003)",Action|Comedy|Crime|Drama,0363226,246.0,5168
8371,"Chronicles of Riddick, The (2004)",Action|Sci-Fi|Thriller,0296572,2789.0,5169
8372,Garfield: The Movie (2004),Animation|Children|Comedy,0356634,8920.0,5170
8373,"Stepford Wives, The (2004)",Comedy|Fantasy|Thriller,0327162,9890.0,5171
8375,"Hunting of the President, The (2004)",Documentary,0391225,26254.0,5172
8376,Napoleon Dynamite (2004),Comedy,0374900,8193.0,5173
8378,"Doctor, The (1991)",Drama,0101746,26142.0,5174
8379,"Dresser, The (1983)",Drama,0085461,42122.0,5175
8380,Father Hood (1993),Comedy,0106877,65137.0,5176
8382,Hello Again (1987),Comedy,0093175,35151.0,5177
8383,Hope Springs (2003),Comedy|Romance,0314431,21544.0,5178
8385,Lover Come Back (1961),Comedy|Romance,0055100,40894.0,5179
8387,Police Academy: Mission to Moscow (1994),Comedy|Crime,0110857,11546.0,5180
8391,Big Wednesday (1978),Comedy|Drama,0077235,18387.0,5181
8402,Book of Love (1990),Comedy|Romance,0099166,52560.0,5182
8405,Hour of the Wolf (Vargtimmen) (1968),Drama|Horror,0063759,18333.0,5183
8410,Suddenly (1954),Crime|Drama|Film-Noir,0047542,18398.0,5184
8424,"Divorcee, The (1930)",Drama|Romance,0020827,80708.0,5185
8425,Meet the Applegates (1991),Comedy,0100129,76516.0,5186
8426,Robot Carnival (Roboto kânibauru) (1987),Animation|Comedy|Drama|Fantasy|Sci-Fi,0093871,33441.0,5187
8427,Americathon (1979),Comedy|Sci-Fi,0078766,47819.0,5188
8446,Sands of Iwo Jima (1949),Action|Drama|Romance|War,0041841,18712.0,5189
8447,This Island Earth (1955),Sci-Fi,0047577,831.0,5190
8450,Anthony Adverse (1936),Adventure|Romance,0027300,37658.0,5191
8451,Blackboard Jungle (1955),Drama,0047885,26516.0,5192
8454,Luna Papa (1999),Comedy|Drama|Fantasy,0170259,10573.0,5193
8456,Investigation of a Citizen Above Suspicion (Indagine su un cittadino al di sopra di ogni sospetto) (1970),Crime|Drama|Thriller,0065889,26451.0,5194
8458,To Each His Own (1946),Drama,0039040,54568.0,5195
8459,"Heiress, The (1949)",Drama|Romance,0041452,28571.0,5196
8461,Dragon Seed (1944),Drama|War,0036777,123665.0,5197
8462,Executive Suite (1954),Drama,0046963,43336.0,5198
8463,Johnny Belinda (1948),Drama,0040495,62000.0,5199
8464,Super Size Me (2004),Comedy|Documentary|Drama,0390521,9372.0,5200
8465,Johnny Eager (1942),Crime|Drama|Film-Noir|Romance,0033774,41495.0,5201
8477,"Jetée, La (1962)",Romance|Sci-Fi,0056119,662.0,5202
8481,Northwest Passage (1940),Action|Adventure|Drama|Romance|Thriller|Western,0032851,43805.0,5203
8482,"Picture of Dorian Gray, The (1945)",Drama|Fantasy|Horror,0037988,16559.0,5204
8484,"Human Condition I, The (Ningen no joken I) (1959)",Drama|War,0053114,31217.0,5205
8487,Please Don't Eat the Daisies (1960),Children|Comedy|Musical,0054188,19414.0,5206
8491,White Heat (1949),Crime|Drama|Film-Noir,0042041,15794.0,5207
8492,"Christmas Carol, A (Scrooge) (1951)",Drama|Fantasy,0044008,13188.0,5208
8493,Memphis Belle (1990),Action|Drama|War,0100133,12651.0,5209
8494,"Cincinnati Kid, The (1965)",Drama,0059037,886.0,5210
8495,Animal Factory (2000),Crime|Drama,0204137,9791.0,5211
8500,Godzilla vs. Mechagodzilla (Gojira tai Mekagojira) (1974),Action|Horror|Sci-Fi,0071565,38582.0,5212
8501,"Hitcher, The (1986)",Action|Thriller,0091209,9542.0,5213
8502,Show Boat (1951),Drama|Musical|Romance,0044030,17820.0,5214
8506,Fear X (2003),Mystery|Thriller,0289944,37696.0,5215
8507,Freaks (1932),Crime|Drama|Horror,0022913,136.0,5216
8511,"Immigrant, The (1917)",Comedy,0008133,47653.0,5217
8512,Silent Movie (1976),Comedy,0075222,10970.0,5218
8518,Anna Christie (1930),Drama,0020641,42812.0,5219
8521,Dr. Jekyll and Mr. Hyde (1931),Drama|Horror,0022835,3019.0,5220
8526,Around the World in 80 Days (2004),Adventure|Children|Comedy,0327437,10204.0,5221
8528,Dodgeball: A True Underdog Story (2004),Comedy,0364725,9472.0,5222
8529,"Terminal, The (2004)",Comedy|Drama|Romance,0362227,594.0,5223
8530,Dear Frankie (2004),Drama|Romance,0377752,8981.0,5224
8531,White Chicks (2004),Action|Comedy|Crime,0381707,12153.0,5225
8532,"Door in the Floor, The (2004)",Drama,0348593,1944.0,5226
8533,"Notebook, The (2004)",Drama|Romance,0332280,11036.0,5227
8534,Two Brothers (Deux frères) (2004),Adventure|Children|Drama,0338512,1997.0,5228
8535,De-Lovely (2004),Drama|Musical,0352277,15237.0,5229
8542,"Day at the Races, A (1937)",Comedy|Musical,0028772,11939.0,5230
8571,Bob & Carol & Ted & Alice (1969),Comedy|Drama,0064100,26520.0,5231
8574,"Claymation Christmas Celebration, A (1987)",Animation|Children|Comedy|Musical,0272045,21386.0,5232
8575,"Happenstance (Battement d'ailes du papillon, Le) (2001)",Comedy|Drama,0243135,24908.0,5233
8577,Comandante (2003),Documentary,0342213,25783.0,5234
8578,Undead (2003),Action|Comedy|Horror|Sci-Fi,0339840,8991.0,5235
8580,Into the Woods (1991),Adventure|Comedy|Fantasy|Musical,0099851,23378.0,5236
8581,Pirates of Silicon Valley (1999),Documentary|Drama,0168122,3293.0,5237
8582,Manufacturing Consent: Noam Chomsky and the Media (1992),Documentary|War,0104810,36947.0,5238
8587,Mayor of the Sunset Strip (2003),Documentary,0230512,61487.0,5239
8588,Killing Me Softly (2002),Drama|Mystery|Romance|Thriller,0250468,14365.0,5240
8591,"Philadelphia Experiment, The (1984)",Adventure|Drama|Sci-Fi,0087910,10606.0,5241
8593,Juice (1992),Action|Crime|Drama|Thriller,0104573,16136.0,5242
8596,Revenge of the Pink Panther (1978),Comedy|Crime,0078163,6081.0,5243
8600,Angels with Dirty Faces (1938),Crime|Drama|Film-Noir|Thriller,0029870,13696.0,5244
8601,Zero de conduite (Zero for Conduct) (Zéro de conduite: Jeunes diables au collège) (1933),Comedy|Drama,0024803,44494.0,5245
8604,Taxi (1998),Action|Comedy,0152930,2330.0,5246
8605,Taxi 3 (2003),Action|Comedy,0295721,2334.0,5247
8607,Tokyo Godfathers (2003),Adventure|Animation|Drama,0388473,13398.0,5248
8609,Our Hospitality (1923),Comedy,0014341,701.0,5249
8610,All of Me (1984),Comedy|Fantasy,0086873,10631.0,5250
8611,"Farmer's Daughter, The (1947)",Comedy,0039370,43466.0,5251
8614,Overboard (1987),Comedy|Romance,0093693,10780.0,5252
8617,Butterfield 8 (1960),Drama,0053622,23724.0,5253
8620,"Exterminating Angel, The (Ángel exterminador, El) (1962)",Comedy|Drama|Fantasy|Mystery,0056732,29264.0,5254
8622,Fahrenheit 9/11 (2004),Documentary,0361596,1777.0,5255
8623,Roxanne (1987),Comedy|Romance,0093886,11584.0,5256
8626,Dr. Terror's House of Horrors (1965),Horror|Sci-Fi,0059125,26811.0,5257
8632,Secret Society (2002),Comedy,0217788,161080.0,5258
8633,"Last Starfighter, The (1984)",Action|Adventure|Comedy|Sci-Fi,0087597,11884.0,5259
8636,Spider-Man 2 (2004),Action|Adventure|Sci-Fi|IMAX,0316654,558.0,5260
8638,Before Sunset (2004),Drama|Romance,0381681,80.0,5261
8640,King Arthur (2004),Action|Adventure|Drama|War,0349683,9477.0,5262
8641,Anchorman: The Legend of Ron Burgundy (2004),Comedy,0357413,8699.0,5263
8643,"Cinderella Story, A (2004)",Comedy|Romance,0356470,11247.0,5264
8644,"I, Robot (2004)",Action|Adventure|Sci-Fi|Thriller,0343818,2048.0,5265
8645,"Maria Full of Grace (Maria, Llena eres de gracia) (2004)",Crime|Drama,0390221,436.0,5266
8650,Long Day's Journey Into Night (1962),Drama,0056196,43004.0,5267
8656,"Short Film About Killing, A (Krótki film o zabijaniu) (1988)",Crime|Drama,0095468,10754.0,5268
8665,"Bourne Supremacy, The (2004)",Action|Crime|Thriller,0372183,2502.0,5269
8666,Catwoman (2004),Action|Crime|Fantasy,0327554,314.0,5270
8667,A Home at the End of the World (2004),Drama|Romance,0359423,18923.0,5271
8670,"Testament of Dr. Mabuse, The (Das Testament des Dr. Mabuse) (1933)",Crime|Horror|Mystery|Thriller,0023563,12206.0,5272
8677,Flash Gordon Conquers the Universe (1940),Action|Sci-Fi,0032475,68064.0,5273
8684,"Man Escaped, A (Un  condamné à mort s'est échappé ou Le vent souffle où il veut) (1956)",Adventure|Drama,0049902,15244.0,5274
8685,"Miracle of Marcelino, The (Marcelino pan y vino) (1955)",Comedy|Drama,0047216,62395.0,5275
8690,Slaughterhouse-Five (1972),Comedy|Drama|Sci-Fi|War,0069280,24559.0,5276
8695,"Bachelor and the Bobby-Soxer, The (1947)",Comedy,0039169,27437.0,5277
8711,Mr. Blandings Builds His Dream House (1948),Comedy,0040613,32294.0,5278
8712,My Favorite Wife (1940),Comedy|Romance,0029284,41463.0,5279
8713,"New Adventures of Pippi Longstocking, The (1988)",Adventure|Children|Fantasy|Musical,0093744,19051.0,5280
8714,Night and Day (1946),Drama|Musical,0038776,43485.0,5281
8718,"Snake Pit, The (1948)",Drama,0040806,62694.0,5282
8720,"Super, The (1991)",Comedy,0103007,53287.0,5283
8724,"Leopard, The (Gattopardo, Il) (1963)",Drama|War,0057091,1040.0,5284
8727,"Day of the Locust, The (1975)",Drama,0072848,5122.0,5285
8730,To End All Wars (2001),Action|Drama|War,0243609,1783.0,5286
8738,"Woman Is a Woman, A (femme est une femme, Une) (1961)",Comedy|Drama|Musical|Romance,0055572,31522.0,5287
8743,Biggles (1986),Adventure|Fantasy|Sci-Fi,0090729,22976.0,5288
8748,"Yesterday, Today and Tomorrow (Ieri, oggi, domani) (1963)",Comedy,0057171,42801.0,5289
8753,Unprecedented: The 2000 Presidential Election (2002),Documentary,0346091,41316.0,5290
8754,"Prime of Miss Jean Brodie, The (1969)",Drama,0064840,5179.0,5291
8755,My Voyage to Italy (Il mio viaggio in Italia) (1999),Documentary,0173772,53198.0,5292
8765,This Gun for Hire (1942),Crime|Film-Noir|Thriller,0035432,16703.0,5293
8771,Sherlock Holmes: Terror by Night (1946),Crime|Mystery|Thriller,0039017,20408.0,5294
8772,"Spy Who Came in from the Cold, The (1965)",Drama|Thriller,0059749,13580.0,5295
8773,Sherlock Holmes and the Secret Weapon (1942),Crime|Mystery|Thriller,0035317,18706.0,5296
8774,Sherlock Holmes: The Woman in Green (1945),Mystery,0038259,34327.0,5297
8778,Sherlock Holmes: Dressed to Kill (1946),Crime|Mystery,0038494,20417.0,5298
8781,"Manchurian Candidate, The (2004)",Thriller,0368008,14462.0,5299
8782,Thunderbirds (2004),Action|Adventure|Fantasy|Sci-Fi,0167456,14623.0,5300
8783,"Village, The (2004)",Drama|Mystery|Thriller,0368447,6947.0,5301
8784,Garden State (2004),Comedy|Drama|Romance,0333766,401.0,5302
8795,Musa the Warrior (Musa) (2001),Action|Adventure|Drama|War,0275083,23305.0,5303
8796,"Funny Thing Happened on the Way to the Forum, A (1966)",Comedy|Musical,0060438,17768.0,5304
8798,Collateral (2004),Action|Crime|Drama|Thriller,0369339,1538.0,5305
8799,Little Black Book (2004),Comedy|Romance,0361841,14846.0,5306
8800,Code 46 (2003),Romance|Sci-Fi,0345061,2577.0,5307
8804,"Story of Women (Affaire de femmes, Une) (1988)",Drama,0096336,41975.0,5308
8807,Harold and Kumar Go to White Castle (2004),Adventure|Comedy,0366551,11282.0,5309
8808,"Princess Diaries 2: Royal Engagement, The (2004)",Comedy|Romance,0368933,11130.0,5310
8809,Danny Deckchair (2003),Comedy|Romance,0337960,14389.0,5311
8810,AVP: Alien vs. Predator (2004),Action|Horror|Sci-Fi|Thriller,0370263,395.0,5312
8813,We Don't Live Here Anymore (2004),Drama,0361309,23601.0,5313
8814,Without a Paddle (2004),Comedy,0364751,10762.0,5314
8815,Exorcist: The Beginning (2004),Horror|Thriller,0204313,11026.0,5315
8827,"Bill Cosby, Himself (1983)",Comedy|Documentary,0083652,20120.0,5316
8830,Anacondas: The Hunt for the Blood Orchid (2004),Adventure|Drama|Horror|Sci-Fi|Thriller,0366174,11237.0,5317
8831,Suspect Zero (2004),Crime|Thriller,0324127,8080.0,5318
8832,Warriors of Heaven and Earth (Tian di ying xiong) (2003),Action|Adventure|Drama,0374330,14797.0,5319
8833,Vanity Fair (2004),Drama|Romance,0241025,11632.0,5320
8835,Paparazzi (2004),Drama|Thriller,0338325,15644.0,5321
8836,Wicker Park (2004),Drama|Romance|Thriller,0324554,11208.0,5322
8838,Alice Doesn't Live Here Anymore (1974),Drama|Romance,0071115,16153.0,5323
8840,Who's That Knocking at My Door? (1967),Drama,0063803,42694.0,5324
8844,Camera Buff (Amator) (1979),Drama,0078763,42164.0,5325
8848,"Vitelloni, I (a.k.a. The Young and the Passionate) (1953)",Drama,0046521,12548.0,5326
8860,Cellular (2004),Action|Crime|Drama|Mystery|Thriller,0337921,9759.0,5327
8861,Resident Evil: Apocalypse (2004),Action|Horror|Sci-Fi|Thriller,0318627,1577.0,5328
8864,Mr. 3000 (2004),Comedy|Drama,0339412,16232.0,5329
8865,Sky Captain and the World of Tomorrow (2004),Action|Adventure|Sci-Fi,0346156,5137.0,5330
8866,Wimbledon (2004),Comedy|Romance,0360201,11823.0,5331
8869,First Daughter (2004),Comedy|Romance,0361620,13969.0,5332
8870,"Forgotten, The (2004)",Drama|Mystery|Sci-Fi|Thriller,0356618,10145.0,5333
8873,"Motorcycle Diaries, The (Diarios de motocicleta) (2004)",Adventure|Drama,0318462,1653.0,5334
8874,Shaun of the Dead (2004),Comedy|Horror,0365748,747.0,5335
8875,"Come Back, Little Sheba (1952)",Drama,0044509,84214.0,5336
8879,Murder on the Orient Express (1974),Crime|Mystery|Thriller,0071877,4176.0,5337
8880,Mask (1985),Drama,0089560,11177.0,5338
8894,Orca: The Killer Whale (1977),Action|Drama|Horror|Thriller,0076504,12707.0,5339
8905,1492: Conquest of Paradise (1992),Adventure|Drama,0103594,1492.0,5340
8906,Cannibal Holocaust (1980),Horror,0078935,8689.0,5341
8907,Shark Tale (2004),Animation|Children|Comedy,0307453,10555.0,5342
8908,Ladder 49 (2004),Action|Drama|Thriller,0349710,11128.0,5343
8910,I Heart Huckabees (2004),Comedy,0356721,1599.0,5344
8911,Raise Your Voice (2004),Romance,0361696,14024.0,5345
8912,Taxi (2004),Action|Comedy,0316732,11045.0,5346
8914,Primer (2004),Drama|Sci-Fi,0390384,14337.0,5347
8915,Stage Beauty (2004),Drama,0368658,26108.0,5348
8916,Shall We Dance? (2004),Comedy|Romance,0358135,4380.0,5349
8917,Team America: World Police (2004),Action|Adventure|Animation|Comedy,0372588,3989.0,5350
8918,Eulogy (2004),Comedy|Crime|Drama,0349416,16358.0,5351
8919,P.S. (2004),Comedy|Drama|Fantasy|Romance,0380609,25313.0,5352
8920,"Country Girl, The (1954)",Drama,0046874,2438.0,5353
8921,"Rose Tattoo, The (1955)",Drama|Romance,0048563,65550.0,5354
8928,"Fearless Vampire Killers, The (1967)",Comedy|Horror,0061655,3053.0,5355
8933,"Decline of the American Empire, The (Déclin de l'empire américain, Le) (1986)",Comedy|Drama,0090985,18499.0,5356
8934,Bebe's Kids (1992),Animation|Children|Comedy,0103783,36616.0,5357
8937,Friday Night Lights (2004),Action|Drama,0390022,13416.0,5358
8938,Tarnation (2003),Documentary,0390538,1435.0,5359
8939,"Final Cut, The (2004)",Sci-Fi|Thriller,0364343,11099.0,5360
8943,Being Julia (2004),Comedy|Drama,0340012,18701.0,5361
8946,Surviving Christmas (2004),Comedy,0252028,15566.0,5362
8947,"Grudge, The (2004)",Horror|Mystery|Thriller,0391198,1970.0,5363
8948,Alfie (2004),Comedy|Drama|Romance,0375173,8849.0,5364
8949,Sideways (2004),Comedy|Drama|Romance,0375063,9675.0,5365
8950,The Machinist (2004),Drama|Mystery|Thriller,0361862,4553.0,5366
8951,Vera Drake (2004),Drama,0383694,11109.0,5367
8952,Falling Angels (2003),Drama,0365183,48678.0,5368
8954,Lightning in a Bottle (2004),Documentary,0396705,126148.0,5369
8955,Undertow (2004),Crime|Drama|Thriller,0360130,16131.0,5370
8957,Saw (2004),Horror|Mystery|Thriller,0387564,176.0,5371
8958,Ray (2004),Drama,0350258,1677.0,5372
8959,Birth (2004),Drama|Mystery,0337876,10740.0,5373
8961,"Incredibles, The (2004)",Action|Adventure|Animation|Children|Comedy,0317705,9806.0,5374
8964,Callas Forever (2002),Drama,0274407,47959.0,5375
8965,"Polar Express, The (2004)",Adventure|Animation|Children|Fantasy|IMAX,0338348,5255.0,5376
8966,Kinsey (2004),Drama,0362269,11184.0,5377
8967,Seed of Chucky (Child's Play 5) (2004),Comedy|Horror,0387575,11249.0,5378
8968,After the Sunset (2004),Action|Adventure|Comedy|Crime|Thriller,0367479,10589.0,5379
8969,Bridget Jones: The Edge of Reason (2004),Comedy|Drama|Romance,0317198,9801.0,5380
8970,Finding Neverland (2004),Drama,0308644,866.0,5381
8972,National Treasure (2004),Action|Adventure|Drama|Mystery|Thriller,0368891,2059.0,5382
8973,Bad Education (La mala educación) (2004),Drama|Thriller,0275491,140.0,5383
8974,"SpongeBob SquarePants Movie, The (2004)",Adventure|Animation|Children|Comedy,0345950,11836.0,5384
8977,Alexander (2004),Action|Adventure|Drama|War,0346491,1966.0,5385
8978,Christmas with the Kranks (2004),Children|Comedy,0388419,13673.0,5386
8979,Guerrilla: The Taking of Patty Hearst (2004),Documentary,0390299,174787.0,5387
8981,Closer (2004),Drama|Romance,0376541,2288.0,5388
8982,I Am David (2003),Drama,0327919,15397.0,5389
8983,House of Flying Daggers (Shi mian mai fu) (2004),Action|Drama|Romance,0385004,9550.0,5390
8984,Ocean's Twelve (2004),Action|Comedy|Crime|Thriller,0349903,163.0,5391
8985,Blade: Trinity (2004),Action|Fantasy|Horror|Thriller,0359013,36648.0,5392
8987,Bush's Brain (2004),Documentary,0403910,33377.0,5393
8989,Damn Yankees! (1958),Comedy|Musical,0051516,41253.0,5394
8998,That's Entertainment (1974),Documentary,0072272,33740.0,5395
9004,D.A.R.Y.L. (1985),Adventure|Children|Sci-Fi,0088979,16248.0,5396
9005,Fire in the Sky (1993),Drama|Mystery|Sci-Fi,0106912,15613.0,5397
9008,"Invisible Man Returns, The (1940)",Horror|Sci-Fi,0032635,28421.0,5398
9010,Love Me If You Dare (Jeux d'enfants) (2003),Drama|Romance,0364517,8424.0,5399
9018,Control Room (2004),Documentary|War,0391024,18889.0,5400
25746,"Hunchback of Notre Dame, The (1923)",Drama|Horror,0014142,18987.0,5401
25750,Sherlock Jr. (1924),Comedy|Fantasy|Romance,0015324,992.0,5402
25752,"Freshman, The (1925)",Comedy,0015841,42359.0,5403
25753,Greed (1924),Drama,0015881,1405.0,5404
25757,"Jazz Singer, The (1927)",Drama|Musical|Romance,0018037,939.0,5405
25769,"Steamboat Bill, Jr. (1928)",Comedy|Romance,0019421,25768.0,5406
25771,"Andalusian Dog, An (Chien andalou, Un) (1929)",Fantasy,0020530,626.0,5407
25773,Little Caesar (1931),Crime|Drama,0021079,27899.0,5408
25782,Boudu Saved From Drowning (Boudu sauvé des eaux) (1932),Comedy,0022718,48365.0,5409
25788,Scarface (1932),Crime|Drama,0023427,877.0,5410
25795,Dinner at Eight (1933),Comedy|Drama|Romance,0023948,39130.0,5411
25797,Gold Diggers of 1933 (1933),Musical,0024069,31511.0,5412
25805,"Atalante, L' (1934)",Comedy|Drama|Romance,0024844,43904.0,5413
25825,Fury (1936),Drama|Film-Noir,0027652,14615.0,5414
25826,Libeled Lady (1936),Comedy|Romance,0027884,31773.0,5415
25827,Mr. Deeds Goes to Town (1936),Comedy|Romance,0027996,24807.0,5416
25833,Camille (1936),Drama|Romance,0028683,43874.0,5417
25834,Captains Courageous (1937),Adventure|Drama,0028691,16515.0,5418
25841,Stage Door (1937),Drama,0029604,43864.0,5419
25850,Holiday (1938),Comedy|Drama|Romance,0030241,16274.0,5420
25855,"Roaring Twenties, The (1939)",Crime|Drama|Thriller,0031867,37698.0,5421
25856,Wuthering Heights (1939),Drama|Romance,0032145,3084.0,5422
25865,"Letter, The (1940)",Drama|Film-Noir,0032701,17801.0,5423
25870,Here Comes Mr. Jordan (1941),Comedy|Fantasy|Romance,0033712,38914.0,5424
25886,Random Harvest (1942),Drama|Romance,0035238,22387.0,5425
25887,Tales of Manhattan (1942),Comedy|Drama,0035415,27655.0,5426
25898,Day of Wrath (Vredens dag) (1943),Drama,0036506,41391.0,5427
25905,"Miracle of Morgan's Creek, The (1944)",Comedy|Romance,0037077,42879.0,5428
25906,Mr. Skeffington (1944),Drama|Romance,0037094,43307.0,5429
25923,Great Expectations (1946),Drama,0038574,14320.0,5430
25927,"Stranger, The (1946)",Drama|Film-Noir|Thriller,0038991,20246.0,5431
25937,Easter Parade (1948),Musical|Romance,0040308,29380.0,5432
25940,"Lady from Shanghai, The (1947)",Drama|Film-Noir|Mystery,0040525,3766.0,5433
25946,"Three Musketeers, The (1948)",Action|Adventure|Drama|Romance,0040876,41609.0,5434
25947,Unfaithfully Yours (1948),Comedy,0040919,33115.0,5435
25952,"Letter to Three Wives, A (1949)",Comedy|Drama,0041587,45578.0,5436
25959,Annie Get Your Gun (1950),Comedy|Musical|Romance|Western,0042200,25209.0,5437
25962,King Solomon's Mines (1950),Action|Adventure|Romance,0042646,43388.0,5438
25963,"Young and the Damned, The (Olvidados, Los) (1950)",Crime|Drama,0042804,800.0,5439
25996,"Star Is Born, A (1954)",Drama|Musical,0047522,3111.0,5440
25999,The Wild One (1953),Drama,0047677,28696.0,5441
26002,Confidential Report (1955),Crime|Drama|Mystery|Thriller,0048393,44026.0,5442
26003,Night and Fog (Nuit et brouillard) (1955),Crime|Documentary|War,0048434,803.0,5443
26038,Teacher's Pet (1958),Comedy|Romance,0052278,43137.0,5444
26048,"Human Condition II, The (Ningen no joken II) (1959)",Drama|War,0053115,34528.0,5445
26052,Pickpocket (1959),Crime|Drama,0053168,690.0,5446
26059,When a Woman Ascends the Stairs (Onna ga kaidan wo agaru toki) (1960),Drama,0054144,36872.0,5447
26073,"Human Condition III, The (Ningen no joken III) (1961)",Drama|War,0055233,34530.0,5448
26078,Advise and Consent (1962),Drama,0055728,17185.0,5449
26082,Harakiri (Seppuku) (1962),Drama,0056058,14537.0,5450
26084,"Music Man, The (1962)",Children|Comedy|Musical|Romance,0056262,13671.0,5451
26085,Mutiny on the Bounty (1962),Adventure|Drama|Romance,0056264,11085.0,5452
26095,"Carabineers, The (Carabiniers, Les) (1963)",Comedy|Drama|War,0056905,52705.0,5453
26116,"Hush... Hush, Sweet Charlotte (1964)",Horror|Thriller,0058213,10299.0,5454
26122,Onibaba (1964),Drama|Horror|War,0058430,3763.0,5455
26124,Robinson Crusoe on Mars (1964),Sci-Fi,0058530,7348.0,5456
26131,"Battle of Algiers, The (La battaglia di Algeri) (1966)",Drama|War,0058946,17295.0,5457
26133,"Charlie Brown Christmas, A (1965)",Animation|Children|Comedy,0059026,13187.0,5458
26142,Major Dundee (1965),Adventure|War|Western,0059418,29715.0,5459
26147,"Thousand Clowns, A (1965)",Comedy|Drama|Romance,0059798,42731.0,5460
26150,Andrei Rublev (Andrey Rublyov) (1969),Drama|War,0060107,895.0,5461
26151,Au Hasard Balthazar (1966),Crime|Drama,0060138,20108.0,5462
26152,Batman (1966),Action|Adventure|Comedy,0060153,2661.0,5463
26158,Closely Watched Trains (Ostre sledované vlaky) (1966),Comedy|Drama|War,0060802,789.0,5464
26159,Tokyo Drifter (Tôkyô nagaremono) (1966),Action|Crime|Drama,0061101,45706.0,5465
26169,Branded to Kill (Koroshi no rakuin) (1967),Action|Crime|Drama,0061882,17905.0,5466
26171,Play Time (a.k.a. Playtime) (1967),Comedy,0062136,10227.0,5467
26172,Point Blank (1967),Action|Crime|Drama|Thriller,0062138,26039.0,5468
26176,Titicut Follies (1967),Documentary|Drama,0062374,41212.0,5469
26183,Asterix and Cleopatra (Astérix et Cléopâtre) (1968),Action|Adventure|Animation|Children|Comedy,0062687,9929.0,5470
26184,"Diamond Arm, The (Brilliantovaya ruka) (1968)",Action|Adventure|Comedy|Crime|Thriller,0062759,20873.0,5471
26195,Sympathy for the Devil (1968),Documentary|Musical,0063665,50789.0,5472
26198,"Yours, Mine and Ours (1968)",Children|Comedy,0063829,27983.0,5473
26225,"Claire's Knee (Genou de Claire, Le) (1970)",Comedy|Romance,0065772,2860.0,5474
26231,Performance (1970),Crime|Drama|Thriller,0066214,26606.0,5475
26236,"White Sun of the Desert, The (Beloe solntse pustyni) (1970)",Action|Adventure|Comedy|Drama|Romance|War,0066565,20848.0,5476
26237,Zabriskie Point (1970),Drama|Romance,0066601,2998.0,5477
26242,Duel (1971),Action|Mystery|Thriller,0067023,839.0,5478
26249,They Call Me Trinity (1971),Comedy|Western,0067355,9394.0,5479
26258,"Topo, El (1970)",Fantasy|Western,0067866,13041.0,5480
26265,Dr. Phibes Rises Again (1972),Adventure|Comedy|Horror|Romance,0068503,18250.0,5481
26283,Charley Varrick (1973),Crime|Drama|Thriller,0069865,27331.0,5482
26285,Dark Star (1974),Comedy|Sci-Fi|Thriller,0069945,1410.0,5483
26303,Sisters (1973),Horror|Thriller,0070698,22307.0,5484
26308,Turkish Delight (Turks fruit) (1973),Drama|Romance,0070842,21035.0,5485
26313,California Split (1974),Comedy|Drama,0071269,32044.0,5486
26317,Emmanuelle (1974),Drama|Romance,0071464,24402.0,5487
26322,Gone in 60 Seconds (1974),Action|Crime|Drama,0071571,16246.0,5488
26326,"Holy Mountain, The (Montaña sagrada, La) (1973)",Drama,0071615,8327.0,5489
26340,"Twelve Tasks of Asterix, The (Les douze travaux d'Astérix) (1976)",Action|Adventure|Animation|Children|Comedy|Fantasy,0072901,9385.0,5490
26344,French Connection II (1975),Action|Crime|Drama|Thriller,0073018,10711.0,5491
26347,"Irony of Fate, or Enjoy Your Bath! (Ironiya sudby, ili S legkim parom!) (1975)",Comedy|Drama|Romance,0073179,43430.0,5492
26350,"Passenger, The (Professione: reporter) (1975)",Drama,0073580,9652.0,5493
26357,Trilogy of Terror (1975),Horror|Thriller,0073820,38783.0,5494
26359,1900 (Novecento) (1976),Drama|War,0074084,3870.0,5495
26365,Futureworld (1976),Sci-Fi|Thriller,0074559,10640.0,5496
26366,Harlan County U.S.A. (1976),Documentary,0074605,33324.0,5497
26375,Silver Streak (1976),Action|Comedy|Crime,0075223,11558.0,5498
26386,High Anxiety (1977),Comedy|Thriller,0076141,12535.0,5499
26391,"New York, New York (1977)",Drama|Musical|Romance,0076451,12637.0,5500
26394,"Turning Point, The (1977)",Drama|Romance,0076843,61280.0,5501
26399,Five Deadly Venoms (1978),Action,0077559,13481.0,5502
26401,Last Hurrah for Chivalry (Hao xia) (1979),Action|Drama,0077655,13514.0,5503
26409,"Clonus Horror, The (1979)",Horror|Sci-Fi,0078062,98851.0,5504
26413,Snake in the Eagle's Shadow (Se ying diu sau) (1978),Action|Comedy,0078252,11537.0,5505
26422,Hair (1979),Comedy|Drama|Musical,0079261,10654.0,5506
26429,Love at First Bite (1979),Comedy|Horror|Romance,0079489,18966.0,5507
26444,"Hitch Hikers Guide to the Galaxy, The (1981)",Adventure|Comedy|Sci-Fi,0081874,64353.0,5508
26453,Smiley's People (1982),Drama|Mystery,0083480,149645.0,5509
26464,Blue Thunder (1983),Action|Crime|Drama,0085255,6341.0,5510
26467,"Day After, The (1983)",Drama|Sci-Fi,0085404,7012.0,5511
26471,Eddie Murphy Delirious (1983),Comedy|Documentary,0085474,15251.0,5512
26472,"Norte, El (1984)",Adventure|Drama,0085482,17435.0,5513
26492,Twilight Zone: The Movie (1983),Fantasy|Horror|Sci-Fi|Thriller,0086491,15301.0,5514
26498,Boy Meets Girl (1984),Drama,0086994,63418.0,5515
26504,Cloak & Dagger (1984),Action|Adventure|Children|Crime|Mystery|Thriller,0087065,48677.0,5516
26510,"Ewok Adventure, The (a.k.a. Caravan of Courage: An Ewok Adventure) (1984)",Adventure|Children|Fantasy|Sci-Fi,0087225,1884.0,5517
26523,"Silent Night, Deadly Night (1984)",Horror|Thriller,0088117,27414.0,5518
26524,"Times of Harvey Milk, The (1984)",Documentary,0088275,33138.0,5519
26527,What Have I Done to Deserve This? (¿Qué he hecho yo para merecer esto!!) (1984),Comedy|Drama,0088461,8221.0,5520
26528,Anne of Green Gables (1985),Children|Drama,0088727,17663.0,5521
26539,Death of a Salesman (1985),Drama,0089006,12615.0,5522
26542,Ewoks: The Battle for Endor (1985),Adventure|Children|Fantasy|Sci-Fi,0089110,10372.0,5523
26547,Police Story (Ging chaat goo si) (1985),Action|Comedy|Crime|Thriller,0089374,9056.0,5524
26554,"Quiet Earth, The (1985)",Drama|Mystery|Sci-Fi,0089869,10176.0,5525
26555,Spies Like Us (1985),Comedy,0090056,9080.0,5526
26562,White Nights (1985),Drama,0090319,16082.0,5527
26564,'Round Midnight (1986),Drama|Musical,0090557,14670.0,5528
26567,Club Paradise (1986),Comedy,0090856,26555.0,5529
26578,"Sacrifice, The (Offret - Sacraficatio) (1986)",Drama,0091670,24657.0,5530
26585,"Better Tomorrow, A (Ying hung boon sik) (1986)",Crime|Drama|Thriller,0092263,11471.0,5531
26587,"Decalogue, The (Dekalog) (1989)",Crime|Drama|Romance,0092337,,5532
26590,G.I. Joe: The Movie (1987),Action|Adventure|Animation|Children|Fantasy|Sci-Fi,0093066,17421.0,5533
26593,Hell Comes to Frogtown (1988),Action|Comedy|Sci-Fi,0093171,22572.0,5534
26599,"Law of Desire (Ley del deseo, La) (1987)",Comedy|Drama|Romance,0093412,4043.0,5535
26603,Prince of Darkness (1987),Fantasy|Horror|Sci-Fi|Thriller,0093777,8852.0,5536
26606,"Chinese Ghost Story, A (Sinnui yauwan) (1987)",Action|Fantasy|Horror|Romance,0093978,30421.0,5537
26612,"Better Tomorrow II, A (Ying hung boon sik II) (1987)",Crime|Drama|Thriller,0094357,18305.0,5538
26614,"Bourne Identity, The (1988)",Action|Adventure|Drama|Mystery|Thriller,0094791,8677.0,5539
26622,Dominick and Eugene (1988),Drama,0095050,49314.0,5540
26629,Killer Klowns from Outer Space (1988),Comedy|Horror|Sci-Fi,0095444,16296.0,5541
26630,Moonwalker (1988),Musical,0095655,13192.0,5542
26631,Alice (Neco z Alenky) (1988),Animation|Fantasy|Mystery,0095715,18917.0,5543
26645,Life Is a Long Quiet River (La vie est un long fleuve tranquille) (1988),Comedy,0096386,4271.0,5544
26649,Lonesome Dove (1989),Adventure|Drama|Western,0096639,13057.0,5545
26662,Kiki's Delivery Service (Majo no takkyûbin) (1989),Adventure|Animation|Children|Drama|Fantasy,0097814,16859.0,5546
26676,Almost an Angel (1990),Comedy,0099018,25943.0,5547
26680,Cry-Baby (1990),Comedy|Musical|Romance,0099329,9768.0,5548
26681,Bullet in the Head (1990),Action|Drama|War,0099426,11909.0,5549
26686,Ghost Dad (1990),Comedy|Fantasy,0099654,10485.0,5550
26693,It (1990),Drama|Fantasy|Horror|Mystery|Thriller,0099864,2670.0,5551
26694,Ju Dou (1990),Drama,0099902,41821.0,5552
26695,"Krays, The (1990)",Drama,0099951,21344.0,5553
26696,Lionheart (1990),Action,0100029,9399.0,5554
26700,Nuns on the Run (1990),Comedy|Crime,0100280,11131.0,5555
26701,Patlabor: The Movie (Kidô keisatsu patorebâ: The Movie) (1989),Action|Animation|Crime|Drama|Film-Noir|Mystery|Sci-Fi|Thriller,0100339,14571.0,5556
26704,State of Grace (1990),Crime|Drama|Thriller,0100685,1662.0,5557
26712,35 Up (1991),Documentary,0101254,20562.0,5558
26713,Days of Being Wild (A Fei jingjyuhn) (1990),Drama|Romance,0101258,18311.0,5559
26717,Begotten (1990),Drama|Horror,0101420,1483.0,5560
26726,Dutch (1991),Comedy,0101786,25330.0,5561
26729,Hearts of Darkness: A Filmmakers Apocalypse (1991),Documentary,0102015,4539.0,5562
26732,Johnny Stecchino (1991),Comedy,0102164,12776.0,5563
26736,Riki-Oh: The Story of Ricky (Lik Wong) (1991),Action|Crime|Thriller,0102293,17467.0,5564
26741,Mannequin 2: On the Move (1991),Comedy|Fantasy|Romance,0102395,34376.0,5565
26743,Only Yesterday (Omohide poro poro) (1991),Animation|Drama,0102587,15080.0,5566
26745,Other People's Money (1991),Comedy|Drama|Romance,0102609,6463.0,5567
26750,Quigley Down Under (1990),Adventure|Drama|Western,0102744,9588.0,5568
26761,Prime Suspect 2 (1992),Crime|Drama|Mystery|Romance|Thriller,0103516,215993.0,5569
26764,Captain America (1990),Action|Fantasy|Sci-Fi|Thriller|War,0103923,13995.0,5570
26765,City Hunter (Sing si lip yan) (1993),Action|Comedy|Romance,0103950,11198.0,5571
26776,Porco Rosso (Crimson Pig) (Kurenai no buta) (1992),Adventure|Animation|Comedy|Fantasy|Romance,0104652,11621.0,5572
26777,"Stolen Children (Ladro di bambini, Il) (1992)",Drama,0104663,47714.0,5573
26778,Ladybugs (1992),Comedy,0104670,19087.0,5574
26782,"Mambo Kings, The (1992)",Drama|Musical,0104802,40082.0,5575
26791,Shining Through (1992),Drama|Romance|Thriller|War,0105391,31962.0,5576
26792,Sidekicks (1992),Action|Adventure|Children|Comedy,0105402,22590.0,5577
26796,"Heart in Winter, A (Un coeur en hiver) (1992)",Drama|Romance,0105682,48150.0,5578
26797,Visions of Light: The Art of Cinematography (1992),Documentary,0105764,41778.0,5579
26810,Bad Boy Bubby (1993),Drama,0106341,14135.0,5580
26812,Barbarians at the Gate (1993),Drama,0106356,27678.0,5581
26819,Fortress (1992),Action|Sci-Fi,0106950,12088.0,5582
26828,Mr. Nanny (1993),Action|Children|Comedy,0107612,19371.0,5583
26838,"Snapper, The (1993)",Comedy|Drama,0108170,12664.0,5584
26840,Sonatine (Sonachine) (1993),Action|Comedy|Crime|Drama,0108188,7500.0,5585
26849,"Stand, The (1994)",Adventure|Drama|Fantasy|Horror|Sci-Fi,0108941,13519.0,5586
26854,"Darkman II: Return of Durant, The (1995)",Action|Crime|Horror,0109552,18998.0,5587
26861,Freaked (1993),Comedy|Sci-Fi,0109838,17796.0,5588
26865,Fist of Legend (Jing wu ying xiong) (1994),Action|Drama,0110200,17809.0,5589
26870,Major League II (1994),Comedy,0110442,11067.0,5590
26871,My Father the Hero (1994),Comedy|Romance,0110612,10486.0,5591
26875,"Pure Formality, A (Pura formalità, Una) (1994)",Crime|Film-Noir|Mystery|Thriller,0110917,19223.0,5592
26887,"Langoliers, The (1995)",Drama|Fantasy|Horror|Mystery|Sci-Fi|Thriller,0112040,152426.0,5593
26900,"Last Wedding, The (Kivenpyörittäjän kylä) (1995)",Comedy|Drama,0113556,51038.0,5594
26901,Last of the Dogmen (1995),Adventure|Western,0113617,30718.0,5595
26903,Whisper of the Heart (Mimi wo sumaseba) (1995),Animation|Drama|Romance,0113824,37797.0,5596
26913,Street Fighter II: The Animated Movie (Sutorîto Faitâ II gekijô-ban) (1994),Action|Animation,0114563,12613.0,5597
26928,"Summer's Tale, A (Conte d'été) (1996)",Comedy|Drama|Romance,0115940,37563.0,5598
26940,"Late Shift, The (1996)",Comedy,0116835,30330.0,5599
26947,Pusher (1996),Crime|Thriller,0117407,2061.0,5600
26958,Emma (1996),Romance,0118308,12254.0,5601
26965,"Boxer, The (1997)",Drama|Thriller,0118760,16992.0,5602
26974,Gummo (1997),Drama,0119237,18415.0,5603
26985,Nirvana (1997),Action|Sci-Fi,0119794,8765.0,5604
26999,"Lion King II: Simba's Pride, The (1998)",Adventure|Animation|Children|Musical|Romance,0120131,9732.0,5605
27002,From the Earth to the Moon (1998),Action|Documentary|Drama|Thriller,0120570,30983.0,5606
27003,Beowulf (1999),Action|Horror|Sci-Fi,0120604,5470.0,5607
27006,RKO 281 (1999),Drama,0120801,50008.0,5608
27008,From Dusk Till Dawn 2: Texas Blood Money (1999) ,Comedy|Crime|Horror,0120860,12095.0,5609
27020,Gia (1998),Drama|Romance,0123865,14533.0,5610
27022,Thursday (1998),Action|Crime|Thriller,0124901,9812.0,5611
27032,Who Am I? (Wo shi shei) (1998),Action|Adventure|Comedy|Sci-Fi|Thriller,0127357,8697.0,5612
27036,Merlin (1998),Action|Adventure|Drama|Fantasy|Romance,0130414,7096.0,5613
27074,Brave New World (1998),Sci-Fi,0145600,27260.0,5614
27075,Addams Family Reunion (1998),Children|Comedy|Fantasy,0146402,11508.0,5615
27105,Purgatory (1999),Fantasy|Western,0158131,23356.0,5616
27124,Bleeder (1999),Drama|Thriller,0161292,17985.0,5617
27134,Dark Portals: The Chronicles of Vidocq  (Vidocq) (2001),Action|Crime|Fantasy,0164961,9597.0,5618
27140,Candyman 3: Day of the Dead (1999),Horror,0165662,12485.0,5619
27155,"Batman/Superman Movie, The (1998)",Action|Adventure|Animation|Children|Fantasy|Sci-Fi,0169590,17074.0,5620
27156,"Neon Genesis Evangelion: The End of Evangelion (Shin seiki Evangelion Gekijô-ban: Air/Magokoro wo, kimi ni) (1997)",Action|Animation|Drama|Fantasy|Sci-Fi,0169858,18491.0,5621
27176,Style Wars (1983),Documentary,0177262,29587.0,5622
27178,In July (Im Juli) (2000),Comedy|Romance,0177858,3716.0,5623
27186,Kirikou and the Sorceress (Kirikou et la sorcière) (1998),Adventure|Animation|Children|Fantasy,0181627,21348.0,5624
27193,Taxi 2 (2000),Action|Comedy,0183869,2332.0,5625
27246,If These Walls Could Talk 2 (2000),Drama|Romance,0206036,28031.0,5626
27251,"10th Kingdom, The (2000)",Adventure|Comedy|Fantasy,0207275,110147.0,5627
27255,"Wind Will Carry Us, The (Bad ma ra khahad bord) (1999)",Drama,0209463,43423.0,5628
27266,2046 (2004),Drama|Fantasy|Romance|Sci-Fi,0212712,844.0,5629
27306,Bartleby (2001),Comedy|Drama,0230025,53048.0,5630
27311,Batman Beyond: Return of the Joker (2000),Action|Animation|Crime|Sci-Fi|Thriller,0233298,16234.0,5631
27317,Audition (Ôdishon) (1999),Drama|Horror|Mystery|Romance|Thriller,0235198,11075.0,5632
27320,"Nine Lives of Tomas Katz, The (2000)",Comedy|Drama|Fantasy,0235618,16171.0,5633
27328,Monday (2000),Action|Comedy|Crime|Fantasy|Thriller,0239655,36246.0,5634
27329,Paradise Lost 2: Revelations (2000),Documentary,0239894,17208.0,5635
27368,Asterix & Obelix: Mission Cleopatra (Astérix & Obélix: Mission Cléopâtre) (2002),Adventure|Comedy|Fantasy,0250223,2899.0,5636
27369,Daria: Is It Fall Yet? (2000),Animation|Comedy,0250440,44756.0,5637
27370,Late Night Shopping (2001),Comedy,0250491,18088.0,5638
27373,61* (2001),Drama,0250934,20536.0,5639
27397,Joint Security Area (Gongdong gyeongbi guyeok JSA) (2000),Crime|Drama|Mystery|Thriller|War,0260991,2440.0,5640
27408,Ripley's Game (2002),Drama|Thriller,0265651,10955.0,5641
27416,Jalla! Jalla! (2000),Comedy|Drama|Romance,0269389,10978.0,5642
27420,Teknolust (2002),Comedy|Drama|Romance|Sci-Fi,0270688,81540.0,5643
27426,"Accidental Spy, The (Dak miu mai shing) (2001)",Action|Comedy|Thriller,0271946,11847.0,5644
27434,Darkness (2002),Horror|Mystery,0273517,11056.0,5645
27441,Blood: The Last Vampire (2000),Action|Animation|Horror,0275230,919.0,5646
27450,Blueberry (2004),Adventure|Western,0276830,10046.0,5647
27473,American Psycho II: All American Girl (2002),Comedy|Crime|Horror|Mystery|Thriller,0283877,10726.0,5648
27478,Ali G Indahouse (2002),Comedy,0284837,9298.0,5649
27480,Dead or Alive 2: Tôbôsha (2000),Action|Crime|Thriller,0285005,13899.0,5650
27482,Cube 2: Hypercube (2002),Horror|Mystery|Sci-Fi,0285492,437.0,5651
27491,Pulse (Kairo) (2001),Horror|Mystery|Thriller,0286751,27324.0,5652
27513,Dog Days (Hundstage) (2001),Drama,0290661,9025.0,5653
27523,My Sassy Girl (Yeopgijeogin geunyeo) (2001),Comedy|Romance,0293715,11178.0,5654
27537,Nothing (2003),Comedy|Fantasy|Mystery|Sci-Fi,0298482,10981.0,5655
27539,Undertaking Betty (Plots with a View) (2002),Comedy|Romance,0298504,10918.0,5656
27549,Dead or Alive: Final (2002),Comedy|Crime|Drama|Sci-Fi|Thriller,0301167,36222.0,5657
27555,Fubar (2002),Comedy,0302585,13984.0,5658
27563,"Happiness of the Katakuris, The (Katakuri-ke no kôfuku) (2001)",Comedy|Horror|Musical,0304262,16184.0,5659
27584,Dead End (2003),Comedy|Horror|Mystery|Thriller,0308152,11427.0,5660
27592,Sympathy for Mr. Vengeance (Boksuneun naui geot) (2002),Crime|Drama,0310775,4689.0,5661
27595,Jesus Christ Vampire Hunter (2001),Action|Comedy|Horror|Musical,0311361,16209.0,5662
27604,Suicide Club (Jisatsu saakuru) (2001),Horror|Mystery|Thriller,0312843,12720.0,5663
27611,Battlestar Galactica (2003),Drama|Sci-Fi|War,0314979,206216.0,5664
27618,"Sound of Thunder, A (2005)",Action|Adventure|Drama|Sci-Fi|Thriller,0318081,10077.0,5665
27619,"Lion King 1½, The (2004)",Adventure|Animation|Children|Comedy,0318403,11430.0,5666
27627,Oasis (2002),Drama|Romance,0320193,26955.0,5667
27644,Remember Me (Ricordati di me) (2003),Comedy|Drama|Romance,0323807,38970.0,5668
27660,"Animatrix, The (2003)",Action|Animation|Drama|Sci-Fi,0328832,55931.0,5669
27664,"Brown Bunny, The (2003)",Drama,0330099,12703.0,5670
27667,Ju-on: The Curse (2000),Horror,0330500,32250.0,5671
27674,11:14 (2003),Comedy|Crime|Drama|Mystery|Thriller,0331811,9282.0,5672
27683,Tremors 4: The Legend Begins (2004),Action|Comedy|Horror|Sci-Fi|Thriller|Western,0334541,10891.0,5673
27685,Bring It On Again (2004),Comedy,0334965,12540.0,5674
27689,"Crimson Rivers 2: Angels of the Apocalypse (Rivières pourpres II - Les anges de l'apocalypse, Les) (2004)",Action|Crime|Thriller,0337103,60672.0,5675
27692,And Starring Pancho Villa as Himself (2003),Action|Comedy|Drama|War,0337824,24241.0,5676
27695,Nicotina (2003),Action|Comedy|Drama,0337930,11556.0,5677
27704,Battle Royale 2: Requiem (Batoru rowaiaru II: Chinkonka) (2003),Action|Drama|Thriller|War,0338763,3177.0,5678
27705,In Hell (2003),Action|Drama|Thriller,0339135,19277.0,5679
27706,Lemony Snicket's A Series of Unfortunate Events (2004),Adventure|Children|Comedy|Fantasy,0339291,11774.0,5680
27708,Helen of Troy (2003),Action|Adventure|Drama|Romance,0340477,19341.0,5681
27716,"Green Butchers, The (Grønne slagtere, De) (2003)",Comedy|Crime|Drama|Romance,0342492,4972.0,5682
27721,"Very Long Engagement, A (Un long dimanche de fiançailles) (2004)",Drama|Mystery|Romance|War,0344510,2841.0,5683
27722,Last Life in the Universe (Ruang rak noi nid mahasan) (2003),Drama|Romance,0345549,11606.0,5684
27728,Ghost in the Shell 2: Innocence (a.k.a. Innocence) (Inosensu) (2004),Action|Animation|Drama|Sci-Fi|Thriller,0347246,12140.0,5685
27731,"Cat Returns, The (Neko no ongaeshi) (2002)",Adventure|Animation|Children|Fantasy,0347618,15370.0,5686
27741,"Twilight Samurai, The (Tasogare Seibei) (2002)",Drama|Romance,0351817,12496.0,5687
27744,"Facing Windows (Finestra di fronte, La) (2003)",Drama|Romance,0352343,29987.0,5688
27746,Ginger Snaps: Unleashed (2004),Horror|Thriller,0353489,10361.0,5689
27751,'Salem's Lot (2004),Drama|Horror|Mystery|Thriller,0355987,36763.0,5690
27762,Comic Book: The Movie (2004),Comedy,0361462,25757.0,5691
27768,Intimate Strangers (Confidences trop intimes) (2004),Drama,0363532,21200.0,5692
27769,Down to the Bone (2004),Drama,0363579,40876.0,5693
27772,Ju-on: The Grudge (2002),Horror,0364385,11838.0,5694
27773,Old Boy (2003),Mystery|Thriller,0364569,670.0,5695
27776,Red Lights (Feux rouges) (2004),Drama,0365190,25500.0,5696
27778,Ginger Snaps Back: The Beginning (2004),Fantasy|Horror,0365265,12583.0,5697
27784,One Missed Call (Chakushin ari) (2003),Horror|Mystery,0366292,9694.0,5698
27788,"Jacket, The (2005)",Drama|Mystery|Sci-Fi|Thriller,0366627,9667.0,5699
27790,Millions (2004),Children|Comedy|Crime|Drama|Fantasy,0366777,13373.0,5700
27793,Starship Troopers 2: Hero of the Federation (2004),Action|Horror|Sci-Fi|War,0367093,10304.0,5701
27801,Ong-Bak: The Thai Warrior (Ong Bak) (2003),Action|Thriller,0368909,9316.0,5702
27802,Infernal Affairs 2 (Mou gaan dou II) (2003),Action|Crime|Drama|Thriller,0369060,11647.0,5703
27803,"Sea Inside, The (Mar adentro) (2004)",Drama,0369702,1913.0,5704
27808,Spanglish (2004),Comedy|Drama|Romance,0371246,2539.0,5705
27815,"Chorus, The (Choristes, Les) (2004)",Drama,0372824,5528.0,5706
27816,Saints and Soldiers (2003),Action|Adventure|Drama|War,0373283,10105.0,5707
27820,"Story of the Weeping Camel, The (Geschichte vom weinenden Kamel, Die) (2003)",Documentary|Drama,0373861,1114.0,5708
27821,"Interpreter, The (2005)",Drama|Thriller,0373926,179.0,5709
27822,Open Water (2003),Drama|Thriller,0374102,83.0,5710
27826,Touch of Pink (2004),Comedy|Drama|Romance,0374277,55177.0,5711
27829,Slasher (2004),Documentary,0375073,26766.0,5712
27830,"Bobby Jones, Stroke of Genius (2004)",Drama,0375104,24747.0,5713
27831,Layer Cake (2004),Crime|Drama|Thriller,0375912,4836.0,5714
27834,"Return, The (Vozvrashcheniye) (2003)",Drama,0376968,11190.0,5715
27837,Flight of the Phoenix (2004),Action|Adventure,0377062,11866.0,5716
27838,Mean Creek (2004),Drama|Thriller,0377091,12281.0,5717
27839,"Ring Two, The (2005)",Drama|Horror|Mystery|Thriller,0377109,10320.0,5718
27846,"Corporation, The (2003)",Documentary,0379225,11420.0,5719
27850,"Yes Men, The (2003)",Documentary,0379593,3396.0,5720
27865,Azumi (2003),Action|Adventure|Drama|Thriller,0384819,5889.0,5721
27866,In My Father's Den (2004),Drama,0385017,1126.0,5722
27869,Tae Guk Gi: The Brotherhood of War (Taegukgi hwinalrimyeo) (2004),Action|Drama|War,0386064,11658.0,5723
27873,Metallica: Some Kind of Monster (2004),Documentary,0387412,11401.0,5724
27878,Born into Brothels (2004),Documentary,0388789,1392.0,5725
27879,DiG! (2004),Documentary,0388888,1843.0,5726
27882,Riding Giants (2004),Documentary,0389326,291.0,5727
27899,What the #$*! Do We Know!? (a.k.a. What the Bleep Do We Know!?) (2004),Comedy|Documentary|Drama,0399877,8357.0,5728
27904,"Scanner Darkly, A (2006)",Animation|Drama|Mystery|Sci-Fi|Thriller,0405296,3509.0,5729
27905,Casshern (2004),Action|Drama|Fantasy|Sci-Fi,0405821,11662.0,5730
27912,Outfoxed: Rupert Murdoch's War on Journalism (2004),Documentary,0418038,13372.0,5731
30707,Million Dollar Baby (2004),Drama,0405159,70.0,5732
30745,Gozu (Gokudô kyôfu dai-gekijô: Gozu) (2003),Comedy|Crime|Drama|Horror|Mystery,0361668,12487.0,5733
30749,Hotel Rwanda (2004),Drama|War,0395169,205.0,5734
30793,Charlie and the Chocolate Factory (2005),Adventure|Children|Comedy|Fantasy|IMAX,0367594,118.0,5735
30803,3-Iron (Bin-jip) (2004),Drama|Romance,0423866,1280.0,5736
30810,"Life Aquatic with Steve Zissou, The (2004)",Adventure|Comedy|Fantasy,0362270,421.0,5737
30812,"Aviator, The (2004)",Drama,0338751,2567.0,5738
30816,"Phantom of the Opera, The (2004)",Drama|Musical|Romance,0293508,9833.0,5739
30818,Beyond the Sea (2004),Drama|Musical,0363473,6478.0,5740
30820,"Woodsman, The (2004)",Drama,0361127,9692.0,5741
30822,In Good Company (2004),Comedy|Drama,0385267,1901.0,5742
30825,Meet the Fockers (2004),Comedy,0290002,693.0,5743
30846,"Assassination of Richard Nixon, The (2004)",Crime|Drama|Thriller,0364961,842.0,5744
30848,"Love Song for Bobby Long, A (2004)",Drama,0369672,9953.0,5745
30850,"Merchant of Venice, The (2004)",Drama,0379889,11162.0,5746
30883,Fat Albert (2004),Comedy|Fantasy,0396592,15045.0,5747
30890,"Keys to the House, The (Chiavi di casa, Le) (2004)",Drama,0345032,42420.0,5748
30892,In the Realms of the Unreal (2004),Animation|Documentary,0390123,1853.0,5749
30894,White Noise (2005),Drama|Horror|Mystery|Sci-Fi|Thriller,0375210,11804.0,5750
30898,"Upside of Anger, The (2005)",Comedy|Drama|Romance,0365885,11354.0,5751
30994,Little Miss Marker (1980),Comedy|Drama,0081063,47876.0,5752
31000,Sweet Liberty (1986),Comedy,0092035,66600.0,5753
31030,I Remember Mama (1948),Children|Drama,0040458,43442.0,5754
31038,Smooth Talk (1985),Drama|Romance,0090037,33766.0,5755
31049,Out Cold (1989),Comedy|Thriller,0098042,120328.0,5756
31083,Man Trouble (1992),Comedy|Romance,0104804,39472.0,5757
31086,Battles Without Honor & Humanity (Jingi naki tatakai) (1973),Crime|Drama,0070246,34326.0,5758
31101,Stander (2003),Action|Crime|Drama,0326208,18927.0,5759
31114,Imaginary Heroes (2004),Comedy|Drama,0373024,25350.0,5760
31116,Sergeant York (1941),Drama|War,0034167,16442.0,5761
31123,Ruby & Quentin (Tais-toi!) (2003),Comedy|Crime,0310203,7229.0,5762
31150,Wizards (1977),Animation|Fantasy|Sci-Fi|War,0076929,16220.0,5763
31162,"Life and Death of Peter Sellers, The (2004)",Comedy|Drama,0352520,10609.0,5764
31184,Appleseed (Appurushîdo) (2004),Action|Animation|Fantasy|Sci-Fi,0401233,11633.0,5765
31193,"Many Adventures of Winnie the Pooh, The (1977)",Animation|Children|Musical,0076363,13716.0,5766
31221,Elektra (2005),Action|Adventure|Crime|Drama,0357277,9947.0,5767
31223,Racing Stripes (2005),Children|Comedy,0376105,6439.0,5768
31225,Coach Carter (2005),Drama,0393162,7214.0,5769
31260,Boys Town (1938),Drama,0029942,42390.0,5770
31297,Gold Diggers of 1935 (1935),Comedy|Musical,0026421,43892.0,5771
31309,Rocco and His Brothers (Rocco e i suoi fratelli) (1960),Crime|Drama,0054248,8422.0,5772
31364,Memories of Murder (Salinui chueok) (2003),Crime|Drama|Mystery|Thriller,0353969,11423.0,5773
31367,"Chase, The (1994)",Action|Adventure|Comedy|Crime|Romance|Thriller,0109402,10694.0,5774
31410,"Downfall (Untergang, Der) (2004)",Drama|War,0363163,613.0,5775
31420,Assault on Precinct 13 (2005),Action|Crime|Drama|Thriller,0398712,8978.0,5776
31422,Are We There Yet? (2005),Children|Comedy,0368578,11637.0,5777
31424,Alone in the Dark (2005),Action|Horror|Sci-Fi|Thriller,0369226,12142.0,5778
31427,Hide and Seek (2005),Horror|Mystery|Thriller,0382077,11096.0,5779
31431,Boogeyman (2005),Drama|Horror|Mystery|Thriller,0357507,8968.0,5780
31433,"Wedding Date, The (2005)",Comedy|Romance,0372532,6961.0,5781
31435,Rory O'Shea Was Here (Inside I'm Dancing) (2004),Drama,0417791,31165.0,5782
31437,Nobody Knows (Dare mo shiranai) (2004),Drama,0408664,2517.0,5783
31445,Employee of the Month (2004),Comedy|Drama,0362590,11413.0,5784
31522,"Marriage of Maria Braun, The (Ehe der Maria Braun, Die) (1979)",Drama,0079095,661.0,5785
31545,"Trou, Le (Hole, The) (Night Watch, The) (1960)",Crime|Film-Noir,0054407,29259.0,5786
31553,Double Dragon (1994),Action|Adventure|Sci-Fi,0106761,2436.0,5787
31590,Hands Off the Loot (Touchez pas au grisbi) (1954),Crime|Drama|Thriller,0046451,27430.0,5788
31610,Purple Butterfly (Zi hudie) (2003),Drama,0363290,34561.0,5789
31617,El Cid (1961),Action|Adventure|Drama|Romance|War,0054847,16638.0,5790
31658,Howl's Moving Castle (Hauru no ugoku shiro) (2004),Adventure|Animation|Fantasy|Romance,0347149,4935.0,5791
31660,Steamboy (Suchîmubôi) (2004),Action|Animation|Drama|Sci-Fi,0348121,8953.0,5792
31664,Gorgeous (Boh lee chun) (1999),Action|Comedy|Romance,0184526,10951.0,5793
31685,Hitch (2005),Comedy|Romance,0386588,8488.0,5794
31692,Uncle Nino (2003),Comedy,0327210,32588.0,5795
31694,Bride & Prejudice (2004),Comedy|Musical|Romance,0361411,57825.0,5796
31696,Constantine (2005),Action|Fantasy|Horror|Thriller,0360486,561.0,5797
31698,Son of the Mask (2005),Adventure|Children|Comedy|Fantasy,0362165,10214.0,5798
31700,Because of Winn-Dixie (2005),Children|Comedy|Drama,0317132,17880.0,5799
31702,Turtles Can Fly (Lakposhtha hâm parvaz mikonand) (2004),Drama|War,0424227,8340.0,5800
31737,Bunny Lake Is Missing (1965),Mystery|Thriller,0058997,1942.0,5801
31804,Night Watch (Nochnoy dozor) (2004),Action|Fantasy|Horror|Mystery|Sci-Fi|Thriller,0403358,3040.0,5802
31851,Sons of the Desert (1933),Comedy,0024601,43128.0,5803
31867,Man of the House (2005),Action|Comedy,0331933,13498.0,5804
31878,Kung Fu Hustle (Gong fu) (2004),Action|Comedy,0373074,9470.0,5805
31903,Zelary (2003),Drama|Romance,0288330,19765.0,5806
31909,Dr. Giggles (1992),Comedy|Horror,0104139,37527.0,5807
31921,"Seven-Per-Cent Solution, The (1976)",Adventure|Comedy|Crime|Drama|Mystery|Thriller,0075194,29578.0,5808
31923,"Three Musketeers, The (1973)",Action|Adventure|Comedy,0072281,2926.0,5809
31925,Royal Flash (1975),Adventure|Comedy|Romance,0073639,54302.0,5810
31952,Control (Kontroll) (2003),Comedy|Crime|Drama|Mystery,0373981,5204.0,5811
31973,Germany Year Zero (Germania anno zero) (Deutschland im Jahre Null) (1948),Drama|War,0039417,8016.0,5812
32009,Tyler Perry's Diary of a Mad Black Woman (2005),Comedy|Drama|Romance,0422093,16186.0,5813
32011,Cursed (2005),Horror|Thriller,0257516,10012.0,5814
32017,"Pacifier, The (2005)",Action|Comedy,0395699,10022.0,5815
32019,Be Cool (2005),Comedy|Crime|Musical,0377471,4551.0,5816
32022,Gunner Palace (2004),Documentary|War,0424129,30856.0,5817
32029,Hostage (2005),Action|Crime|Drama|Thriller,0340163,2026.0,5818
32031,Robots (2005),Adventure|Animation|Children|Comedy|Fantasy|Sci-Fi|IMAX,0358082,9928.0,5819
32058,Class Action (1991),Drama,0101590,15771.0,5820
32060,"Cat and the Canary, The (1927)",Horror|Mystery,0017739,76804.0,5821
32116,"Oh, God! You Devil (1984)",Comedy,0087835,38148.0,5822
32139,"Agony and the Ecstasy, The (1965)",Drama,0058886,36815.0,5823
32160,Twentieth Century (1934),Comedy,0025919,31835.0,5824
32179,Elevator to the Gallows (a.k.a. Frantic) (Ascenseur pour l'échafaud) (1958),Crime|Drama|Thriller,0051378,1093.0,5825
32213,Cube Zero (2004),Horror|Mystery|Sci-Fi|Thriller,0377713,438.0,5826
32234,Julia (1977),Drama,0076245,42222.0,5827
32243,Stealing Rembrandt (Rembrandt) (2003),Action|Comedy|Crime,0345853,11196.0,5828
32289,Ice Princess (2005),Children|Comedy|Drama,0396652,13374.0,5829
32291,Melinda and Melinda (2004),Comedy|Drama,0378947,9688.0,5830
32294,Milk and Honey (2003),Drama,0347540,228890.0,5831
32296,Miss Congeniality 2: Armed and Fabulous (2005),Adventure|Comedy|Crime,0385307,10040.0,5832
32298,Guess Who (2005),Comedy|Romance,0372237,11638.0,5833
32300,D.E.B.S. (2004),Action|Comedy,0367631,540.0,5834
32302,"League of Ordinary Gentlemen, A (2004)",Documentary,0430289,77120.0,5835
32314,Incident at Loch Ness (2004),Adventure|Comedy|Documentary,0374639,48463.0,5836
32371,Call Northside 777 (1948),Crime|Drama|Film-Noir,0040202,26038.0,5837
32387,"Sword of Doom, The (Dai-bosatsu tôge) (1966)",Action|Drama,0060277,19884.0,5838
32392,800 Bullets (800 Balas) (2002),Comedy|Crime|Drama|Western,0292886,37748.0,5839
32440,If Looks Could Kill (1991),Action|Comedy,0102095,22434.0,5840
32442,Greedy (1994),Comedy,0109936,12778.0,5841
32456,"Pom Poko (a.k.a. Raccoon War, The) (Heisei tanuki gassen pompoko) (1994)",Animation|Comedy|Drama|Fantasy,0110008,15283.0,5842
32460,Knockin' on Heaven's Door (1997),Action|Comedy|Crime|Drama,0119472,158.0,5843
32469,We're No Angels (1955),Comedy|Crime|Drama,0048801,5996.0,5844
32511,"Touch of Zen, A (Xia nu) (1971)",Action|Adventure,0064451,44154.0,5845
32515,Walker (1987),Adventure|Drama|War|Western,0096409,28448.0,5846
32554,Memories (Memorîzu) (1995),Animation|Fantasy|Sci-Fi|Thriller,0113799,42994.0,5847
32582,"Wild Parrots of Telegraph Hill, The (2003)",Documentary,0424565,17592.0,5848
32584,"Ballad of Jack and Rose, The (2005)",Drama,0357110,17113.0,5849
32587,Sin City (2005),Action|Crime|Film-Noir|Mystery|Thriller,0401792,187.0,5850
32589,Beauty Shop (2005),Comedy,0388500,14177.0,5851
32596,Sahara (2005),Action|Adventure|Comedy,0318649,7364.0,5852
32598,Fever Pitch (2005),Comedy|Romance,0332047,11431.0,5853
32600,Eros (2004),Drama,0377059,,5854
32620,Not on the Lips (Pas sur la bouche) (2003),Comedy|Musical|Romance,0356999,51945.0,5855
32632,Electra Glide in Blue (1973),Action|Crime,0070022,26332.0,5856
32649,"Special Day, A (Giornata particolare, Una) (1977)",Drama|War,0076085,42229.0,5857
32657,"Man Who Planted Trees, The (Homme qui plantait des arbres, L') (1987)",Animation|Drama,0093488,49565.0,5858
32659,Tanguy (2001),Comedy,0274155,2029.0,5859
32666,National Lampoon's Lady Killers (National Lampoon's Gold Diggers) (2003),Comedy,0376717,44181.0,5860
32728,"Little Girl Who Lives Down the Lane, The (1976)",Drama|Mystery|Thriller,0074806,19971.0,5861
32743,Ringu 0: Bâsudei (2000),Drama|Horror|Thriller,0235712,9674.0,5862
32770,Brothers (Brødre) (2004),Drama,0386342,3875.0,5863
32799,Maidens in Uniform (Mädchen in Uniform) (1931),Drama|Romance,0022183,9653.0,5864
32862,With Six You Get Eggroll (1968),Comedy|Romance,0063821,39225.0,5865
32875,Holiday (Jour de fête) (1949),Comedy,0040497,4595.0,5866
32892,Ivan's Childhood (a.k.a. My Name is Ivan) (Ivanovo detstvo) (1962),Drama|War,0056111,31442.0,5867
32898,"Trip to the Moon, A (Voyage dans la lune, Le) (1902)",Action|Adventure|Fantasy|Sci-Fi,0000417,775.0,5868
32906,"Ascent, The (Voskhozhdeniye) (1977)",Drama|War,0075404,50183.0,5869
32914,Carrie (2002),Drama|Horror|Thriller,0319970,7342.0,5870
32917,Boccaccio '70 (1962),Comedy|Fantasy|Romance,0055805,45267.0,5871
33004,"Hitchhiker's Guide to the Galaxy, The (2005)",Adventure|Comedy|Sci-Fi,0371724,7453.0,5872
33085,"Amityville Horror, The (2005)",Horror|Thriller,0384806,10065.0,5873
33090,Mutant Aliens (2001),Animation|Comedy|Sci-Fi,0277909,30863.0,5874
33124,Before the Fall (NaPolA - Elite für den Führer) (2004),Drama|War,0384369,9393.0,5875
33126,"Frisco Kid, The (1979)",Comedy|Western,0079180,16972.0,5876
33132,State Property 2 (2005),Action|Crime|Drama,0403537,13409.0,5877
33138,Palindromes (2004),Adventure|Comedy|Drama,0362004,13073.0,5878
33145,"Lot Like Love, A (2005)",Comedy|Drama|Romance,0391304,8976.0,5879
33148,King's Ransom (2005),Comedy|Crime,0388183,27360.0,5880
33154,Enron: The Smartest Guys in the Room (2005),Documentary,0413845,13020.0,5881
33158,xXx: State of the Union (2005),Action|Crime|Thriller,0329774,11679.0,5882
33162,Kingdom of Heaven (2005),Action|Drama|Romance|War,0320661,1495.0,5883
33164,House of Wax (2005),Horror|Thriller,0397065,10066.0,5884
33166,Crash (2004),Crime|Drama,0375679,1640.0,5885
33171,Mysterious Skin (2004),Drama|Mystery,0370986,11171.0,5886
33188,Mischief (1985),Comedy|Romance,0089601,14750.0,5887
33201,Between Your Legs (Entre las piernas) (1999),Drama|Mystery|Romance|Thriller,0177747,53116.0,5888
33237,San Francisco (1936),Drama|Musical|Romance,0028216,43881.0,5889
33294,Vampire Hunter D (1985),Animation|Fantasy|Horror,0090248,9463.0,5890
33310,"Common Thread, A (a.k.a. Sequins) (Brodeuses) (2004)",Drama|Romance,0387892,26810.0,5891
33312,"Cocoanuts, The (1929)",Comedy|Musical,0019777,20625.0,5892
33421,Dear Wendy (2005),Drama,0342272,10913.0,5893
33435,Los Angeles Plays Itself (2003),Documentary,0379357,38643.0,5894
33437,Unleashed (Danny the Dog) (2005),Action|Crime|Drama|Thriller,0342258,10027.0,5895
33493,Star Wars: Episode III - Revenge of the Sith (2005),Action|Adventure|Sci-Fi,0121766,1895.0,5896
33495,Kicking & Screaming (2005),Comedy,0384642,9981.0,5897
33499,Monster-in-Law (2005),Comedy|Romance,0369735,4379.0,5898
33558,"Snow Walker, The (2003)",Adventure|Drama,0337721,14694.0,5899
33564,Divorce - Italian Style (Divorzio all'italiana) (1961),Comedy,0055913,20271.0,5900
33615,Madagascar (2005),Adventure|Animation|Children|Comedy,0351283,953.0,5901
33629,Airborne (1993),Adventure|Comedy,0106233,13064.0,5902
33639,Mad Hot Ballroom (2005),Children|Documentary,0438205,14358.0,5903
33644,Dominion: Prequel to the Exorcist (2005),Horror|Thriller,0449086,12700.0,5904
33646,"Longest Yard, The (2005)",Comedy|Drama,0398165,9291.0,5905
33649,Saving Face (2004),Comedy|Drama|Romance,0384504,19316.0,5906
33660,Cinderella Man (2005),Drama|Romance,0352248,921.0,5907
33669,"Sisterhood of the Traveling Pants, The (2005)",Adventure|Comedy|Drama,0403508,9779.0,5908
33672,Lords of Dogtown (2005),Action|Comedy|Drama,0355702,9787.0,5909
33677,Rock School (2005),Documentary,0436727,23825.0,5910
33679,Mr. & Mrs. Smith (2005),Action|Adventure|Comedy|Romance,0356910,787.0,5911
33681,"Adventures of Sharkboy and Lavagirl 3-D, The (2005)",Action|Adventure|Children|Fantasy,0424774,14199.0,5912
33683,High Tension (Haute tension) (Switchblade Romance) (2003),Horror|Thriller,0338095,10226.0,5913
33725,It's All Gone Pete Tong (2004),Comedy|Drama|Musical,0388139,12109.0,5914
33779,Eddie Izzard: Dress to Kill (1999),Comedy,0184424,13589.0,5915
33781,Quo Vadis (1951),Drama|Romance,0043949,11620.0,5916
33794,Batman Begins (2005),Action|Crime|IMAX,0372784,272.0,5917
33801,Godzilla: Final Wars (Gojira: Fainaru uôzu) (2004),Action|Adventure|Fantasy|Sci-Fi,0399102,15767.0,5918
33815,"Perfect Man, The (2005)",Comedy|Drama|Romance,0380623,15648.0,5919
33826,Saint Ralph (2004),Comedy|Drama,0384488,25248.0,5920
33830,Herbie: Fully Loaded (2005),Adventure|Comedy|Romance,0400497,11451.0,5921
33834,Land of the Dead (2005),Action|Horror|Thriller,0418819,11683.0,5922
33836,Bewitched (2005),Comedy|Fantasy|Romance,0374536,9722.0,5923
33838,Rize (2005),Documentary,0436724,2287.0,5924
33880,Me and You and Everyone We Know (2005),Comedy|Drama,0415978,1382.0,5925
33893,"Perfect Crime, The (Crimen Ferpecto) (Ferpect Crime) (2004)",Comedy|Crime|Thriller,0395125,9534.0,5926
33896,3 Extremes (Three... Extremes) (Saam gaang yi) (2004),Horror,0420251,33908.0,5927
33903,"Edukators, The (Die Fetten Jahre sind vorbei) (2004)",Comedy|Crime|Drama|Romance,0408777,276.0,5928
33966,Cop and ½ (1993),Comedy,0106613,12574.0,5929
34018,At the Circus (1939),Comedy|Musical,0031060,22553.0,5930
34048,War of the Worlds (2005),Action|Adventure|Sci-Fi|Thriller,0407304,74.0,5931
34072,"March of the Penguins (Marche de l'empereur, La) (2005)",Documentary,0428803,1667.0,5932
34129,Rebound (2005),Comedy,0376108,7233.0,5933
34143,Dark Water (2005),Drama|Horror|Thriller,0382628,9009.0,5934
34148,"Beat That My Heart Skipped, The (battre mon coeur s'est arrêté, De) (2005)",Drama,0411270,1553.0,5935
34150,Fantastic Four (2005),Action|Adventure|Sci-Fi,0120667,9738.0,5936
34153,Murderball (2005),Documentary,0436613,14278.0,5937
34162,Wedding Crashers (2005),Comedy|Romance,0396269,9522.0,5938
34164,Happy Endings (2005),Comedy|Drama,0361693,14922.0,5939
34271,Hustle & Flow (2005),Crime|Drama,0410097,10476.0,5940
34292,Hardware (1990),Action|Horror|Sci-Fi,0099740,11309.0,5941
34312,"Calcium Kid, The (2004)",Comedy,0330111,31063.0,5942
34319,"Island, The (2005)",Action|Sci-Fi|Thriller,0399201,1635.0,5943
34321,Bad News Bears (2005),Children|Comedy,0408524,13341.0,5944
34323,"Devil's Rejects, The (2005)",Action|Crime|Horror,0395584,1696.0,5945
34326,Last Days (2005),Drama,0403217,1665.0,5946
34330,November (2004),Drama|Mystery,0368089,9775.0,5947
34332,Sky High (2005),Action|Adventure|Children|Comedy,0405325,11459.0,5948
34334,Stealth (2005),Action|Adventure|Sci-Fi|Thriller,0382992,10048.0,5949
34336,Must Love Dogs (2005),Comedy|Romance,0417001,11648.0,5950
34338,"Aristocrats, The (2005)",Comedy|Documentary,0436078,15258.0,5951
34359,Georgy Girl (1966),Comedy,0060453,42719.0,5952
34397,"Order, The (2001)",Action|Adventure|Drama|Thriller,0193364,37632.0,5953
34405,Serenity (2005),Action|Adventure|Sci-Fi,0379786,16320.0,5954
34437,Broken Flowers (2005),Comedy|Drama,0412019,308.0,5955
34450,Miracles - Mr. Canton and Lady Rose (1989),Action|Comedy|Crime|Drama,0098019,25074.0,5956
34482,"Browning Version, The (1951)",Drama,0043362,39946.0,5957
34520,"Dukes of Hazzard, The (2005)",Action|Adventure|Comedy,0377818,6519.0,5958
34523,The Chumscrubber (2005),Comedy|Drama,0406650,13919.0,5959
34528,Junebug (2005),Comedy|Drama,0418773,1444.0,5960
34530,Deuce Bigalow: European Gigolo (2005),Comedy,0367652,11453.0,5961
34532,"Skeleton Key, The (2005)",Drama|Horror|Mystery|Thriller,0397101,9913.0,5962
34534,Four Brothers (2005),Action|Crime|Drama,0430105,8292.0,5963
34536,The Great Raid (2005),Action|Drama|War,0326905,13922.0,5964
34540,Pretty Persuasion (2005),Comedy|Drama,0381505,14166.0,5965
34542,Grizzly Man (2005),Documentary,0427312,501.0,5966
34800,Private Resort (1985),Comedy,0089839,17824.0,5967
34811,Pusher II: With Blood on My Hands (2004),Action|Crime|Drama|Thriller,0396184,11328.0,5968
35015,Duma (2005),Adventure|Drama,0361715,15907.0,5969
35347,Animal Farm (1954),Animation|Drama,0047834,11848.0,5970
35807,"Teahouse of the August Moon, The (1956)",Comedy,0049830,43313.0,5971
35836,"40-Year-Old Virgin, The (2005)",Comedy|Romance,0405422,6957.0,5972
35957,Red Eye (2005),Horror|Thriller,0421239,11460.0,5973
36276,Hidden (a.k.a. Cache) (Caché) (2005),Drama|Mystery|Thriller,0387898,445.0,5974
36289,Asterix & Obelix vs. Caesar (Astérix et Obélix contre César) (1999),Adventure|Children|Comedy|Fantasy,0133385,9564.0,5975
36363,Kin-Dza-Dza! (1986),Comedy|Drama|Sci-Fi,0091341,20874.0,5976
36397,Valiant (2005),Adventure|Animation|Children|Comedy|Fantasy|War,0361089,14175.0,5977
36401,"Brothers Grimm, The (2005)",Comedy|Fantasy|Horror|Thriller,0355295,4442.0,5978
36477,"Baxter, The (2005)",Comedy|Drama|Romance,0401244,13169.0,5979
36509,"Cave, The (2005)",Action|Adventure|Horror|Mystery|Sci-Fi|Thriller,0402901,9042.0,5980
36517,"Constant Gardener, The (2005)",Drama|Thriller,0387131,1985.0,5981
36519,Transporter 2 (2005),Action|Crime|Thriller,0388482,9335.0,5982
36525,Just Like Heaven (2005),Comedy|Fantasy|Romance,0425123,9007.0,5983
36527,Proof (2005),Drama,0377107,9777.0,5984
36529,Lord of War (2005),Action|Crime|Drama|Thriller|War,0399295,1830.0,5985
36533,Cry_Wolf (a.k.a. Cry Wolf) (2005),Drama|Horror|Mystery|Thriller,0384286,10092.0,5986
36535,Everything Is Illuminated (2005),Comedy|Drama,0404030,340.0,5987
36537,Thumbsucker (2005),Comedy|Drama,0318761,1546.0,5988
36708,Family Guy Presents Stewie Griffin: The Untold Story (2005),Adventure|Animation|Comedy,0385690,65215.0,5989
36850,Police Story 2 (Ging chaat goo si juk jaap) (1988),Action|Comedy|Crime|Thriller,0095403,10753.0,5990
36931,New Police Story (Xin jing cha gu shi) (2004),Action|Crime|Drama,0386005,11636.0,5991
37211,Go West (1940),Comedy|Musical|Western,0032536,22575.0,5992
37240,Why We Fight (2005),Documentary,0436971,14286.0,5993
37380,Doom (2005),Action|Horror|Sci-Fi,0419706,8814.0,5994
37382,Domino (2005),Crime|Drama|Thriller,0421054,9923.0,5995
37384,Waiting... (2005),Comedy,0348333,7553.0,5996
37386,Aeon Flux (2005),Action|Sci-Fi,0402022,8202.0,5997
37444,Frankenstein 90 (1984),Comedy|Horror|Romance,0087289,3118.0,5998
37475,"Unfinished Life, An (2005)",Drama,0350261,1947.0,5999
37477,"Man, The (2005)",Action|Comedy|Crime,0399327,9074.0,6000
37495,Survive Style 5+ (2004),Fantasy|Mystery|Romance|Thriller,0430651,16133.0,6001
37545,Woyzeck (1979),Drama,0080149,10319.0,6002
37720,"Exorcism of Emily Rose, The (2005)",Crime|Drama|Horror|Thriller,0404032,8643.0,6003
37727,Flightplan (2005),Action|Drama|Thriller,0408790,9315.0,6004
37729,Corpse Bride (2005),Animation|Comedy|Fantasy|Musical|Romance,0121164,3933.0,6005
37731,Green Street Hooligans (a.k.a. Hooligans) (2005),Crime|Drama,0385002,8923.0,6006
37733,"History of Violence, A (2005)",Action|Crime|Drama|Thriller,0399146,59.0,6007
37736,Oliver Twist (2005),Drama,0380599,257.0,6008
37739,"Greatest Game Ever Played, The (2005)",Drama,0388980,15487.0,6009
37741,Capote (2005),Crime|Drama,0379725,398.0,6010
37830,Final Fantasy VII: Advent Children (2004),Action|Adventure|Animation|Fantasy|Sci-Fi,0385700,647.0,6011
37844,Roll Bounce (2005),Comedy|Drama|Romance,0403455,14544.0,6012
37853,Into the Blue (2005),Action|Adventure|Crime|Thriller,0378109,11968.0,6013
37857,MirrorMask (2005),Adventure|Children|Drama|Fantasy,0366780,14517.0,6014
38038,Wallace & Gromit in The Curse of the Were-Rabbit (2005),Adventure|Animation|Children|Comedy,0312004,533.0,6015
38061,Kiss Kiss Bang Bang (2005),Comedy|Crime|Mystery|Thriller,0373469,5236.0,6016
38095,"Bittersweet Life, A (Dalkomhan insaeng) (2005)",Action|Crime|Drama,0456912,11344.0,6017
38159,"Short Film About Love, A (Krótki film o milosci) (1988)",Drama|Romance,0095467,31056.0,6018
38164,"All This, and Heaven Too (1940)",Drama|Romance,0032194,43807.0,6019
38198,Darwin's Nightmare (2004),Documentary,0424024,10700.0,6020
38294,Beowulf & Grendel (2005),Action|Adventure|Drama|Fantasy,0402057,5471.0,6021
38304,No Direction Home: Bob Dylan (2005),Documentary,0367555,19082.0,6022
38388,Goal! The Dream Begins (Goal!) (2005),Drama,0380389,9763.0,6023
38583,"Wraith, The (1986)",Action|Horror|Sci-Fi|Thriller,0092240,10017.0,6024
38798,In Her Shoes (2005),Comedy|Drama,0388125,11931.0,6025
38886,"Squid and the Whale, The (2005)",Comedy|Drama,0367089,10707.0,6026
38992,Two for the Money (2005),Drama,0417217,9910.0,6027
39183,Brokeback Mountain (2005),Drama|Romance,0388795,142.0,6028
39231,Elizabethtown (2005),Comedy|Drama|Romance,0368709,9621.0,6029
39234,North Country (2005),Drama,0395972,9701.0,6030
39292,"Good Night, and Good Luck. (2005)",Crime|Drama,0433383,3291.0,6031
39307,Dreamer: Inspired by a True Story (2005),Children|Drama,0418647,12920.0,6032
39381,"Proposition, The (2005)",Crime|Drama|Western,0421238,16608.0,6033
39400,"Fog, The (2005)",Action|Horror|Mystery|Thriller,0432291,791.0,6034
39414,Shopgirl (2005),Comedy|Drama|Romance,0338427,2610.0,6035
39427,Stay (2005),Thriller,0371257,8066.0,6036
39435,"Legend of Zorro, The (2005)",Action|Adventure|Drama|Western,0386140,1656.0,6037
39444,"Weather Man, The (2005)",Comedy|Drama,0384680,6963.0,6038
39446,Saw II (2005),Horror|Thriller,0432348,215.0,6039
39449,Prime (2005),Comedy|Drama|Romance,0387514,2313.0,6040
39516,Don't Move (Non ti muovere) (2004),Drama,0330702,16729.0,6041
39715,American Pie Presents: Band Camp (American Pie 4: Band Camp) (2005),Comedy,0436058,8274.0,6042
39801,"Great Yokai War, The (Yôkai daisensô) (2005)",Adventure|Comedy|Fantasy|Horror,0425661,42000.0,6043
39869,Manderlay (2005),Drama,0342735,1951.0,6044
40148,Revolver (2005),Crime|Drama|Thriller,0365686,10851.0,6045
40278,Jarhead (2005),Action|Drama|War,0418763,25.0,6046
40339,Chicken Little (2005),Action|Adventure|Animation|Children|Comedy|Sci-Fi,0371606,9982.0,6047
40412,Dead Man's Shoes (2004),Crime|Thriller,0419677,12877.0,6048
40414,Joyeux Noël (Merry Christmas) (2005),Drama|War,0424205,11661.0,6049
40478,Night of the Lepus (1972),Horror|Sci-Fi|Thriller,0069005,38761.0,6050
40491,"Match Factory Girl, The (Tulitikkutehtaan tyttö) (1990)",Comedy|Drama,0098532,7974.0,6051
40578,Sword of the Beast (Kedamono no ken) (1965),Action|Drama,0200768,46917.0,6052
40581,Just Friends (2005),Comedy|Romance,0433400,10033.0,6053
40583,Syriana (2005),Drama|Thriller,0365737,231.0,6054
40597,One-Way Ticket to Mombasa (Menolippu Mombasaan) (2002),Comedy|Drama,0328132,68098.0,6055
40614,Derailed (2005),Drama|Thriller,0398017,8999.0,6056
40617,Creep (2004),Horror|Thriller,0381966,8555.0,6057
40629,Pride & Prejudice (2005),Drama|Romance,0414387,4348.0,6058
40697,Babylon 5,Sci-Fi,0105946,,6059
40723,Wolf Creek (2005),Crime|Horror|Thriller,0416315,9885.0,6060
40732,"Descent, The (2005)",Adventure|Drama|Horror|Thriller,0435625,9392.0,6061
40815,Harry Potter and the Goblet of Fire (2005),Adventure|Fantasy|Thriller|IMAX,0330373,674.0,6062
40819,Walk the Line (2005),Drama|Musical|Romance,0358273,69.0,6063
40826,Rent (2005),Drama|Musical|Romance,0294870,1833.0,6064
40851,Zathura (2005),Action|Adventure|Children|Fantasy,0406375,6795.0,6065
40870,C.R.A.Z.Y. (2005),Drama,0401085,11421.0,6066
40946,Sarah Silverman: Jesus Is Magic (2005),Comedy|Musical,0422528,16156.0,6067
40955,Breakfast on Pluto (2005),Comedy|Drama,0411195,1420.0,6068
40959,"Ice Harvest, The (2005)",Action|Comedy|Crime|Thriller,0400525,9005.0,6069
40962,"Yours, Mine and Ours (2005)",Comedy|Romance,0443295,13499.0,6070
40966,"Libertine, The (2004)",Drama,0375920,7548.0,6071
41014,"Bird with the Crystal Plumage, The (Uccello dalle piume di cristallo, L') (1970)",Crime|Horror|Mystery|Thriller,0065143,20345.0,6072
41285,Match Point (2005),Crime|Drama|Romance,0416320,116.0,6073
41527,Paradise Now (2005),Crime|Drama|Thriller|War,0445620,67.0,6074
41566,"Chronicles of Narnia: The Lion, the Witch and the Wardrobe, The (2005)",Adventure|Children|Fantasy,0363771,411.0,6075
41569,King Kong (2005),Action|Adventure|Drama|Fantasy|Thriller,0360717,254.0,6076
41571,Memoirs of a Geisha (2005),Drama|Romance,0397535,1904.0,6077
41573,"Family Stone, The (2005)",Comedy|Drama|Romance,0356680,9043.0,6078
41617,Havoc (2005),Crime|Drama|Romance,0285175,14695.0,6079
41627,Samurai Rebellion (Jôi-uchi: Hairyô tsuma shimatsu) (1967),Action|Drama,0061847,27031.0,6080
41712,"Room for Romeo Brass, A (1999)",Comedy|Drama,0202559,22908.0,6081
41716,"Matador, The (2005)",Comedy|Drama|Thriller,0365485,9515.0,6082
41724,Wal-Mart: The High Cost of Low Price (2005),Documentary,0473107,29595.0,6083
41769,Mozart and the Whale (2005),Comedy|Drama|Romance,0392465,23478.0,6084
41828,Don't Look Now: We're Being Shot At (La grande vadrouille) (1966),Comedy|War,0060474,8290.0,6085
41863,"Three Burials of Melquiades Estrada, The (2006)",Adventure|Crime|Drama,0419294,8053.0,6086
41997,Munich (2005),Action|Crime|Drama|Thriller,0408306,612.0,6087
42002,"Producers, The (2005)",Comedy|Musical,0395251,9899.0,6088
42004,Transamerica (2005),Adventure|Comedy|Drama,0407265,546.0,6089
42007,Rumor Has It... (2005),Comedy|Drama|Romance,0398375,2800.0,6090
42009,Cheaper by the Dozen 2 (2005),Adventure|Comedy,0452598,9641.0,6091
42011,Fun with Dick and Jane (2005),Comedy|Crime,0369441,7552.0,6092
42013,"Ringer, The (2005)",Comedy,0267891,9927.0,6093
42015,Casanova (2005),Action|Adventure|Comedy|Drama|Romance,0402894,9681.0,6094
42018,Mrs. Henderson Presents (2005),Comedy|Drama,0413015,10773.0,6095
42176,"Ear, The (Ucho) (1970)",Drama|Thriller,0066498,88953.0,6096
42191,Luxo Jr. (1986),Animation|Children,0091455,13925.0,6097
42285,"Dentist, The (1996)",Horror|Thriller,0116075,9568.0,6098
42418,"New World, The (2005)",Adventure|Drama|Romance,0402399,11400.0,6099
42422,Voices of a Distant Star (Hoshi no koe) (2003),Animation|Drama|Romance|Sci-Fi,0370754,37910.0,6100
42556,7 Faces of Dr. Lao (1964),Fantasy|Mystery|Western,0057812,14241.0,6101
42559,Samurai Assassin (Samurai) (1965),Action|Adventure|Drama,0059673,79406.0,6102
42602,"Boys of Baraka, The (2005)",Documentary,0444608,38785.0,6103
42632,Lady Vengeance (Sympathy for Lady Vengeance) (Chinjeolhan geumjassi) (2005),Crime|Drama|Mystery|Thriller,0451094,4550.0,6104
42638,Grand Theft Parsons (2003),Comedy|Drama,0338075,16433.0,6105
42718,District 13 (Banlieue 13) (2004),Action|Crime|Sci-Fi,0414852,10045.0,6106
42723,Hostel (2005),Horror,0450278,1690.0,6107
42725,Grandma's Boy (2006),Comedy,0456554,9900.0,6108
42728,Tristan & Isolde (2006),Drama|Romance,0375154,9044.0,6109
42730,Glory Road (2006),Drama,0385726,9918.0,6110
42732,Last Holiday (2006),Comedy,0408985,17379.0,6111
42734,Hoodwinked! (2005),Animation|Children|Comedy,0443536,10982.0,6112
42738,Underworld: Evolution (2006),Action|Fantasy|Horror,0401855,834.0,6113
42740,Looking for Comedy in the Muslim World (2005),Comedy,0433116,25890.0,6114
42761,Casper Meets Wendy (1998),Adventure|Children|Comedy|Fantasy,0140883,39345.0,6115
42943,Revolution (1985),Adventure|Drama|War,0089913,12701.0,6116
42946,Project A ('A' gai waak) (1983),Action|Comedy,0085127,21519.0,6117
43289,"Bird People in China, The (Chûgoku no chôjin) (1998)",Adventure|Comedy|Drama|Fantasy,0142181,28638.0,6118
43333,Water (2005),Drama|Romance,0240200,7509.0,6119
43376,Sophie Scholl: The Final Days (Sophie Scholl - Die letzten Tage) (2005),Drama|War,0426578,2117.0,6120
43396,"World's Fastest Indian, The (2005)",Drama,0412080,9912.0,6121
43419,Bandidas (2006),Action|Comedy|Crime|Western,0416496,1969.0,6122
43460,Tristram Shandy: A Cock and Bull Story (2005),Comedy|Drama,0423409,8435.0,6123
43549,Helter Skelter (2004),Action|Crime|Drama|Horror,0383393,45759.0,6124
43556,Annapolis (2006),Drama,0417433,13275.0,6125
43558,Big Momma's House 2 (2006),Action|Comedy|Crime,0421729,11565.0,6126
43560,Nanny McPhee (2005),Children|Comedy|Fantasy,0396752,11283.0,6127
43677,"Tuskegee Airmen, The (1995)",Drama|War,0114745,31894.0,6128
43679,Final Destination 3 (2006),Horror|Mystery|Thriller,0414982,9286.0,6129
43684,Something New (2006),Comedy|Drama|Romance,0437777,15363.0,6130
43708,Block Party (a.k.a. Dave Chappelle's Block Party) (2005),Comedy|Documentary,0425598,292.0,6131
43744,Imagine Me & You (2005),Comedy|Drama|Romance,0421994,1544.0,6132
43836,"Pink Panther, The (2006)",Adventure|Comedy|Crime,0383216,12096.0,6133
43869,Curious George (2006),Adventure|Animation|Children|Comedy,0381971,9975.0,6134
43871,Firewall (2006),Crime|Drama|Thriller,0408345,9754.0,6135
43904,When a Stranger Calls (2006),Horror|Thriller,0455857,10053.0,6136
43908,London (2005),Drama,0449061,7515.0,6137
43912,Freedomland (2006),Crime|Drama,0349467,9959.0,6138
43914,Winter Passing (2005),Drama,0380817,14256.0,6139
43917,Eight Below (2006),Action|Adventure|Drama|Romance,0397313,9036.0,6140
43919,Date Movie (2006),Comedy|Romance,0466342,10073.0,6141
43921,Running Scared (2006),Action|Crime|Thriller,0404390,7304.0,6142
43928,Ultraviolet (2006),Action|Fantasy|Sci-Fi|Thriller,0370032,9920.0,6143
43930,Just My Luck (2006),Comedy|Romance,0397078,10025.0,6144
43932,Pulse (2006),Action|Drama|Fantasy|Horror|Mystery|Sci-Fi|Thriller,0454919,9682.0,6145
43936,16 Blocks (2006),Crime|Thriller,0450232,2207.0,6146
44004,Failure to Launch (2006),Comedy|Romance,0427229,6877.0,6147
44020,Ultimate Avengers (2006),Action|Animation|Children|Sci-Fi,0491703,14609.0,6148
44022,Ice Age 2: The Meltdown (2006),Adventure|Animation|Children|Comedy,0438097,950.0,6149
44189,Ask the Dust (2006),Drama|Romance,0384814,1967.0,6150
44191,V for Vendetta (2006),Action|Sci-Fi|Thriller|IMAX,0434409,752.0,6151
44193,She's the Man (2006),Comedy|Romance,0454945,9655.0,6152
44195,Thank You for Smoking (2006),Comedy|Drama,0427944,9388.0,6153
44197,Find Me Guilty (2006),Comedy|Crime|Drama,0419749,9950.0,6154
44199,Inside Man (2006),Crime|Drama|Thriller,0454848,388.0,6155
44204,Tsotsi (2005),Crime|Drama,0468565,868.0,6156
44225,Aquamarine (2006),Children|Comedy|Fantasy,0429591,14191.0,6157
44238,Leprechaun 2 (1994),Comedy|Fantasy|Horror,0110329,18009.0,6158
44241,Leprechaun 3 (1995),Comedy|Fantasy|Horror,0113636,19286.0,6159
44243,Leprechaun 4: In Space (1997),Comedy|Fantasy|Horror|Sci-Fi,0116861,19287.0,6160
44301,Lights in the Dusk (Laitakaupungin valot) (2006),Crime|Drama,0458242,1379.0,6161
44397,"Hills Have Eyes, The (2006)",Drama|Horror|Thriller,0454841,9792.0,6162
44399,"Shaggy Dog, The (2006)",Adventure|Children|Comedy|Fantasy,0393735,10067.0,6163
44511,Unknown White Male (2005),Documentary,0436864,35555.0,6164
44555,"Lives of Others, The (Das leben der Anderen) (2006)",Drama|Romance|Thriller,0405094,582.0,6165
44597,Youth of the Beast (Yaju no seishun) (1963),Action|Crime|Mystery,0057697,37939.0,6166
44613,Take the Lead (2006),Drama,0446046,12763.0,6167
44633,"Devil and Daniel Johnston, The (2005)",Documentary,0436231,13222.0,6168
44657,Mouchette (1967),Drama,0061996,1561.0,6169
44665,Lucky Number Slevin (2006),Crime|Drama|Mystery,0425210,186.0,6170
44694,Volver (2006),Comedy|Drama,0441909,219.0,6171
44709,Akeelah and the Bee (2006),Drama,0437800,13751.0,6172
44719,Brainstorm (2001),Drama,0263124,53961.0,6173
44731,Stay Alive (2006),Horror|Sci-Fi|Thriller,0441796,10069.0,6174
44759,Basic Instinct 2 (2006),Crime|Drama|Mystery|Thriller,0430912,3093.0,6175
44761,Brick (2005),Crime|Drama|Film-Noir|Mystery,0393109,9270.0,6176
44773,"Dead Hate the Living!, The (2000)",Comedy|Horror,0225481,28349.0,6177
44777,Evil Aliens (2005),Comedy|Horror|Sci-Fi,0383353,10177.0,6178
44788,This Film Is Not Yet Rated (2006),Documentary,0493459,16070.0,6179
44828,Slither (2006),Comedy|Horror|Sci-Fi,0439815,9035.0,6180
44840,"Benchwarmers, The (2006)",Comedy,0437863,9957.0,6181
44849,Renaissance (2006),Action|Animation|Film-Noir|Sci-Fi|Thriller,0386741,9389.0,6182
44851,Go for Zucker! (Alles auf Zucker!) (2004),Comedy,0416331,460.0,6183
44864,Friends with Money (2006),Comedy|Drama|Romance,0436331,8998.0,6184
44889,Reefer Madness: The Movie Musical (2005),Comedy|Drama|Musical,0404364,20521.0,6185
44929,Candy (2006),Drama|Romance,0424880,4441.0,6186
44931,Secrets of a Soul (Geheimnisse einer Seele) (1926),Drama,0016914,84954.0,6187
44937,"Child, The (L'enfant) (2005)",Crime|Drama,0456396,11490.0,6188
44943,9/11 (2002),Documentary,0312318,11304.0,6189
44972,Scary Movie 4 (2006),Comedy|Horror,0362120,4257.0,6190
44974,Hard Candy (2005),Drama|Thriller,0424136,2652.0,6191
45028,"Prairie Home Companion, A (2006)",Comedy|Drama|Musical,0420087,9526.0,6192
45062,"Sentinel, The (2006)",Crime|Drama|Thriller,0443632,5820.0,6193
45074,"Wild, The (2006)",Adventure|Animation|Children|Comedy|Fantasy,0405469,9904.0,6194
45081,Silent Hill (2006),Fantasy|Horror|Thriller,0384537,588.0,6195
45106,American Dreamz (2006),Comedy|Drama,0465142,9310.0,6196
45175,Kinky Boots (2005),Comedy|Drama,0434124,16367.0,6197
45183,"Protector, The (a.k.a. Warrior King) (Tom yum goong) (2005)",Action|Comedy|Crime|Thriller,0427954,8982.0,6198
45186,Mission: Impossible III (2006),Action|Adventure|Thriller,0317919,956.0,6199
45208,RV (2006),Adventure|Children|Comedy,0449089,9530.0,6200
45210,United 93 (2006),Crime|Drama,0475276,9829.0,6201
45221,Stick It (2006),Comedy,0430634,10115.0,6202
45361,"American Haunting, An (2005)",Drama|Horror|Mystery|Thriller,0429573,10008.0,6203
45382,Down in the Valley (2005),Drama|Romance,0398027,7870.0,6204
45431,Over the Hedge (2006),Adventure|Animation|Children|Comedy,0327084,7518.0,6205
45440,Art School Confidential (2006),Comedy|Drama,0364955,9786.0,6206
45442,Poseidon (2006),Action|Adventure|Thriller|IMAX,0409182,503.0,6207
45447,"Da Vinci Code, The (2006)",Drama|Mystery|Thriller,0382625,591.0,6208
45499,X-Men: The Last Stand (2006),Action|Sci-Fi|Thriller,0376994,36668.0,6209
45501,"Break-Up, The (2006)",Comedy|Drama|Romance,0452594,9767.0,6210
45503,Peaceful Warrior (2006),Drama,0438315,13689.0,6211
45517,Cars (2006),Animation|Children|Comedy,0317219,920.0,6212
45635,"Notorious Bettie Page, The (2005)",Drama,0404802,15402.0,6213
45648,Game 6 (2005),Comedy|Drama,0425055,80919.0,6214
45658,On a Clear Day (2005),Drama,0410400,38344.0,6215
45662,"Omen, The (2006)",Horror|Thriller,0466909,806.0,6216
45666,Nacho Libre (2006),Comedy,0457510,9353.0,6217
45668,"Lake House, The (2006)",Drama|Fantasy|Romance,0410297,2044.0,6218
45672,Click (2006),Adventure|Comedy|Drama|Fantasy|Romance,0389860,9339.0,6219
45720,"Devil Wears Prada, The (2006)",Comedy|Drama,0458352,350.0,6220
45722,Pirates of the Caribbean: Dead Man's Chest (2006),Action|Adventure|Fantasy,0383574,58.0,6221
45726,"You, Me and Dupree (2006)",Comedy,0463034,1819.0,6222
45728,Clerks II (2006),Comedy,0424345,2295.0,6223
45730,Lady in the Water (2006),Drama|Fantasy|Mystery,0452637,9697.0,6224
45732,My Super Ex-Girlfriend (2006),Comedy|Fantasy|Romance,0465624,4474.0,6225
45880,Marie Antoinette (2006),Drama|Romance,0422720,1887.0,6226
45928,Who Killed the Electric Car? (2006),Documentary,0489037,13508.0,6227
45950,"Inconvenient Truth, An (2006)",Documentary,0497116,1781.0,6228
45969,Career Opportunities (1991),Comedy|Romance,0101545,16270.0,6229
46062,High School Musical (2006),Children|Comedy|Drama|Musical|Romance,0475293,10947.0,6230
46105,I Am a Sex Addict (2005),Comedy|Documentary|Romance,0428649,17628.0,6231
46231,Stoned (2005),Drama,0426627,17741.0,6232
46322,Jet Li's Fearless (Huo Yuan Jia) (2006),Action|Drama,0446059,7549.0,6233
46335,"Fast and the Furious: Tokyo Drift, The (Fast and the Furious 3, The) (2006)",Action|Crime|Drama|Thriller,0463985,9615.0,6234
46337,Garfield: A Tail of Two Kitties (2006),Animation|Children|Comedy,0455499,9513.0,6235
46347,Metal: A Headbanger's Journey (2005),Documentary,0478209,20604.0,6236
46367,"Public Eye, The (1992)",Crime|Thriller,0105187,31692.0,6237
46530,Superman Returns (2006),Action|Adventure|Sci-Fi|IMAX,0348150,1452.0,6238
46559,"Road to Guantanamo, The (2006)",Drama|War,0468094,7872.0,6239
46572,Edmond (2005),Drama|Thriller,0443496,18191.0,6240
46574,"OH in Ohio, The (2006)",Comedy,0422861,14474.0,6241
46578,Little Miss Sunshine (2006),Adventure|Comedy|Drama,0449059,773.0,6242
46664,"Fallen Idol, The (1948)",Drama|Mystery|Thriller,0040338,21631.0,6243
46723,Babel (2006),Drama|Thriller,0449467,1164.0,6244
46772,Strangers with Candy (2005),Comedy,0369994,13141.0,6245
46850,Wordplay (2006),Documentary,0492506,35199.0,6246
46855,Army of Shadows (L'armée des ombres) (1969),Action|Drama|Thriller|War,0064040,15383.0,6247
46862,Orchestra Rehearsal (Prova d'orchestra) (1978),Drama,0079759,47850.0,6248
46865,Little Man (2006),Comedy,0430304,9072.0,6249
46948,Monster House (2006),Animation|Children|Fantasy|Mystery,0385880,9297.0,6250
46965,Snakes on a Plane (2006),Action|Comedy|Horror|Thriller,0417148,326.0,6251
46967,Scoop (2006),Comedy|Fantasy|Mystery,0457513,512.0,6252
46970,Talladega Nights: The Ballad of Ricky Bobby (2006),Action|Comedy,0415306,9718.0,6253
46972,Night at the Museum (2006),Action|Comedy|Fantasy|IMAX,0477347,1593.0,6254
46974,World Trade Center (2006),Drama,0469641,1852.0,6255
46976,Stranger than Fiction (2006),Comedy|Drama|Fantasy|Romance,0420223,1262.0,6256
47044,Miami Vice (2006),Action|Crime|Drama|Thriller,0430357,82.0,6257
47099,"Pursuit of Happyness, The (2006)",Drama,0454921,1402.0,6258
47122,John Tucker Must Die (2006),Comedy|Romance,0455967,9293.0,6259
47124,"Ant Bully, The (2006)",Adventure|Animation|Children|Comedy|Fantasy|IMAX,0429589,9906.0,6260
47200,Crank (2006),Action|Thriller,0479884,1948.0,6261
47202,"Secret Life of Words, The (2005)",Drama|Romance,0430576,148.0,6262
47254,Chaos (2005),Action|Crime|Drama|Thriller,0402910,5289.0,6263
47261,"Night Listener, The (2006)",Fantasy|Mystery|Thriller,0448075,9782.0,6264
47382,Step Up (2006),Drama|Romance,0462590,9762.0,6265
47384,Zoom (2006),Adventure|Comedy|Drama|Fantasy,0383060,14113.0,6266
47404,Mind Game (2004),Adventure|Animation|Comedy|Fantasy|Romance|Sci-Fi,0452039,21712.0,6267
47423,Half Nelson (2006),Drama,0468489,7859.0,6268
47446,"Moustache, La (2005)",Drama|Mystery|Thriller,0428856,16998.0,6269
47465,Tideland (2005),Drama|Fantasy|Thriller,0410764,11559.0,6270
47491,Adam's Apples (Adams æbler) (2005),Comedy|Drama,0418455,1023.0,6271
47516,Material Girls (2006),Children|Comedy|Drama,0433412,10118.0,6272
47518,Accepted (2006),Comedy,0384793,9788.0,6273
47538,Crime Busters (1977),Action|Adventure|Comedy|Crime,0074442,11689.0,6274
47566,Born to Kill (1947),Crime|Drama|Film-Noir,0039211,33813.0,6275
47610,"Illusionist, The (2006)",Drama|Fantasy|Mystery|Romance,0443543,1491.0,6276
47629,The Queen (2006),Drama,0436697,1165.0,6277
47640,Beerfest (2006),Comedy,0486551,9988.0,6278
47644,Invincible (2006),Drama,0445990,11652.0,6279
47646,Idlewild (2006),Crime|Drama|Musical,0417225,13816.0,6280
47721,"Red Balloon, The (Ballon rouge, Le) (1956)",Children|Fantasy,0048980,15265.0,6281
47725,Angel-A (2005),Comedy|Drama|Fantasy|Romance,0473753,11227.0,6282
47736,"Chump at Oxford, A (1940)",Comedy,0032339,33810.0,6283
47774,"Icicle Thief, The (Ladri di saponette) (1989)",Comedy|Fantasy,0097702,41937.0,6284
47793,"Puffy Chair, The (2006)",Drama|Romance,0436689,24055.0,6285
47810,"Wicker Man, The (2006)",Horror|Mystery|Thriller,0450345,9708.0,6286
47894,"Wind That Shakes the Barley, The (2006)",Drama|War,0460989,1116.0,6287
47937,Severance (2006),Comedy|Horror|Thriller,0464196,5072.0,6288
47950,Hollywoodland (2006),Crime|Drama|Mystery|Thriller,0427969,1249.0,6289
47952,"Covenant, The (2006)",Action|Horror|Thriller,0475944,9954.0,6290
47970,"Last Kiss, The (2006)",Comedy|Drama,0434139,7511.0,6291
47978,SherryBaby (2006),Drama,0423169,13075.0,6292
47997,Idiocracy (2006),Adventure|Comedy|Sci-Fi|Thriller,0387808,7512.0,6293
47999,Jesus Camp (2006),Documentary|Drama,0486358,1776.0,6294
48001,"Bow, The (Hwal) (2005)",Drama|Romance,0456470,1963.0,6295
48032,"Tiger and the Snow, The (La tigre e la neve) (2005)",Comedy|Drama|Romance|War,0419198,10846.0,6296
48043,"Fountain, The (2006)",Drama|Fantasy|Romance,0414993,1381.0,6297
48045,Fear City: A Family-Style Comedy (La cité de la peur) (1994),Comedy,0109440,15097.0,6298
48082,"Science of Sleep, The (La science des rêves) (2006)",Comedy|Drama|Fantasy|Romance,0354899,300.0,6299
48142,"Black Dahlia, The (2006)",Crime|Drama|Mystery|Thriller,0387877,9676.0,6300
48150,"Woods, The (2006)",Horror,0380066,6948.0,6301
48161,Gridiron Gang (2006),Drama,0421206,9766.0,6302
48214,Land of Plenty (Angst and Alienation in America) (2004),Drama,0382357,1595.0,6303
48262,"Bridge, The (2006)",Documentary,0799954,1666.0,6304
48304,Apocalypto (2006),Adventure|Drama|Thriller,0472043,1579.0,6305
48319,Flyboys (2006),Action|Adventure|Drama|War,0454824,9664.0,6306
48322,Jackass Number Two (2006),Comedy|Documentary,0493430,12094.0,6307
48326,All the King's Men (2006),Drama,0405676,1717.0,6308
48342,Conversations with Other Women (2005),Comedy|Drama|Romance,0435623,15624.0,6309
48385,Borat: Cultural Learnings of America for Make Benefit Glorious Nation of Kazakhstan (2006),Comedy,0443453,496.0,6310
48394,"Pan's Labyrinth (Laberinto del fauno, El) (2006)",Drama|Fantasy|Thriller,0457430,1417.0,6311
48412,"Guardian, The (2006)",Action|Adventure|Drama,0406816,4643.0,6312
48414,Open Season (2006),Adventure|Animation|Children|Comedy|IMAX,0400717,7484.0,6313
48416,School for Scoundrels (2006),Comedy|Crime,0462519,9842.0,6314
48516,"Departed, The (2006)",Crime|Drama|Thriller,0407887,1422.0,6315
48518,"Texas Chainsaw Massacre: The Beginning, The (2006)",Horror|Thriller,0420294,10781.0,6316
48520,Employee of the Month (2006),Comedy,0424993,9794.0,6317
48560,Running With Scissors (2006),Comedy|Drama,0439289,7510.0,6318
48593,Man of the Year (2006),Comedy|Thriller,0483726,9895.0,6319
48596,"Marine, The (2006)",Action|Drama|Thriller,0419946,8975.0,6320
48598,Infamous (2006),Drama,0420609,9672.0,6321
48638,Fellini's Casanova (Il Casanova di Federico Fellini) (1976),Drama|Romance,0074291,42236.0,6322
48649,Chapayev (1934),Drama|War,0024966,46774.0,6323
48678,Feast (2005),Action|Comedy|Horror|Thriller,0426459,10070.0,6324
48696,Little Children (2006),Drama|Romance,0404203,1440.0,6325
48698,Deliver Us from Evil (2006),Documentary,0814075,13364.0,6326
48738,"Last King of Scotland, The (2006)",Drama|Thriller,0455590,1523.0,6327
48741,"U.S. vs. John Lennon, The (2006)",Documentary,0478049,14201.0,6328
48744,Shortbus (2006),Comedy|Drama|Romance,0367027,1378.0,6329
48774,Children of Men (2006),Action|Adventure|Drama|Sci-Fi|Thriller,0206634,9693.0,6330
48780,"Prestige, The (2006)",Drama|Mystery|Sci-Fi|Thriller,0482571,1124.0,6331
48783,Flags of Our Fathers (2006),Drama|War,0418689,3683.0,6332
48872,13 Tzameti (2005),Film-Noir|Thriller,0475169,6077.0,6333
48877,Saw III (2006),Crime|Horror|Thriller,0489270,214.0,6334
48879,Catch a Fire (2006),Drama|Thriller,0437232,1123.0,6335
48883,Death of a President (2006),Crime|Drama|Mystery|Thriller,0853096,21173.0,6336
48982,Flushed Away (2006),Animation|Comedy,0424095,11619.0,6337
48997,Perfume: The Story of a Murderer (2006),Crime|Drama|Thriller,0396171,1427.0,6338
49013,"Santa Clause 3: The Escape Clause, The (2006)",Comedy|Fantasy,0452681,13767.0,6339
49110,Mom and Dad Save the World (1992),Comedy|Sci-Fi,0104905,27295.0,6340
49130,"Good Year, A (2006)",Comedy|Drama|Romance,0401445,9726.0,6341
49132,Shut Up & Sing (2006),Documentary,0811136,2152.0,6342
49220,For Your Consideration (2006),Comedy,0470765,14799.0,6343
49263,Fuck (2005),Comedy|Documentary,0486585,21710.0,6344
49265,Shooting Dogs (a.k.a. Beyond the Gates) (2005),Documentary|Drama|War,0420901,8588.0,6345
49272,Casino Royale (2006),Action|Adventure|Thriller,0381061,36557.0,6346
49274,Happy Feet (2006),Adventure|Animation|Children|Comedy|IMAX,0366548,9836.0,6347
49276,Let's Go to Prison (2006),Comedy,0454987,9809.0,6348
49278,Déjà Vu (Deja Vu) (2006),Action|Sci-Fi|Thriller,0453467,7551.0,6349
49280,Bobby (2006),Drama,0308055,10741.0,6350
49284,10 Items or Less (2006),Comedy|Drama|Romance,0499603,2357.0,6351
49286,"Holiday, The (2006)",Comedy|Romance,0457939,1581.0,6352
49314,Harsh Times (2006),Action|Crime|Drama,0433387,7873.0,6353
49347,Fast Food Nation (2006),Drama,0460792,8324.0,6354
49389,The Great Train Robbery (1903),Crime|Western,0000439,5698.0,6355
49396,Tenacious D in The Pick of Destiny (2006),Adventure|Comedy|Musical,0365830,2179.0,6356
49524,"Nativity Story, The (2006)",Drama,0762121,2447.0,6357
49530,Blood Diamond (2006),Action|Adventure|Crime|Drama|Thriller|War,0450259,1372.0,6358
49647,Charlotte's Web (2006),Children|Comedy|Drama|Fantasy,0413895,9986.0,6359
49649,Eragon (2006),Action|Adventure|Fantasy,0449010,2486.0,6360
49651,Rocky Balboa (2006),Action|Drama,0479143,1246.0,6361
49666,Fur: An Imaginary Portrait of Diane Arbus (2006),Drama|Fantasy|Romance,0422295,18615.0,6362
49688,"Dam Busters, The (1955)",Action|Drama|War,0046889,13210.0,6363
49735,Another Gay Movie (2006),Comedy,0443431,12795.0,6364
49772,"Painted Veil, The (2006)",Drama|Romance,0446755,14202.0,6365
49793,We Are Marshall (2006),Drama,0758794,11170.0,6366
49822,"Good Shepherd, The (2006)",Drama|Thriller,0343737,1247.0,6367
49824,Dreamgirls (2006),Drama|Musical,0443489,1125.0,6368
49910,Freedom Writers (2007),Drama,0463998,1646.0,6369
49917,When the Levees Broke: A Requiem in Four Acts (2006),Documentary,0783612,58923.0,6370
49932,Inland Empire (2006),Drama|Mystery|Thriller,0460829,1730.0,6371
49957,"History Boys, The (2006)",Comedy|Drama,0464049,8618.0,6372
49961,Notes on a Scandal (2006),Drama,0465551,1259.0,6373
50003,DOA: Dead or Alive (2006),Action|Adventure,0398913,9053.0,6374
50005,Curse of the Golden Flower (Man cheng jin dai huang jin jia) (2006),Action|Drama,0473444,1494.0,6375
50064,"Good German, The (2006)",Drama|Mystery|Thriller,0452624,182.0,6376
50068,Letters from Iwo Jima (2006),Drama|War,0498380,1251.0,6377
50147,Black Christmas (2006),Action|Horror|Thriller,0454082,9656.0,6378
50158,Stomp the Yard (2007),Drama|Musical,0775539,1931.0,6379
50160,Miss Potter (2006),Drama,0482546,13967.0,6380
50189,American Pie Presents The Naked Mile (American Pie 5: The Naked Mile) (2006),Comedy|Romance,0808146,8275.0,6381
50274,Venus (2006),Drama|Romance,0489327,13771.0,6382
50354,The Return of Don Camillo (1953),Comedy,0045081,11578.0,6383
50356,The Little World of Don Camillo (1952),Comedy,0043918,11972.0,6384
50440,Primeval (2007),Horror|Thriller,0772193,4283.0,6385
50442,Alpha Dog (2007),Crime|Drama,0426883,7457.0,6386
50445,"Hitcher, The (2007)",Action|Horror|Thriller,0455960,8398.0,6387
50514,After the Wedding (Efter brylluppet) (2006),Drama,0457655,3549.0,6388
50601,Bridge to Terabithia (2007),Adventure|Children|Fantasy,0398808,1265.0,6389
50610,Beer League (2006),Comedy,0453453,14137.0,6390
50613,Dead Meat (2004),Horror,0369359,15689.0,6391
50658,49 Up (2005),Documentary,0473434,13365.0,6392
50685,Waitress (2007),Comedy|Drama|Romance,0473308,10758.0,6393
50740,Seven Up! (1964),Documentary,0058578,51863.0,6394
50792,Catch and Release (2006),Comedy|Drama|Romance,0395495,13668.0,6395
50794,Smokin' Aces (2006),Action|Crime|Drama|Thriller,0475394,7516.0,6396
50796,Blood and Chocolate (2007),Drama|Fantasy|Horror|Romance,0397044,10075.0,6397
50798,Epic Movie (2007),Adventure|Comedy,0799949,9760.0,6398
50800,"Messengers, The (2007)",Drama|Horror|Thriller,0425430,9966.0,6399
50802,Because I Said So (2007),Comedy|Drama|Romance,0490084,1257.0,6400
50804,Hannibal Rising (2007),Drama|Horror|Thriller,0367959,1248.0,6401
50806,Norbit (2007),Comedy|Romance,0477051,9757.0,6402
50842,"Boss of It All, The (Direktøren for det hele) (2006)",Comedy|Drama,0469754,5206.0,6403
50851,Cocaine Cowboys (2006),Documentary,0380268,14761.0,6404
50872,Ratatouille (2007),Animation|Children|Drama,0382932,2062.0,6405
50912,"Paris, I Love You (Paris, je t'aime) (2006)",Romance,0401711,2266.0,6406
50923,"Astronaut Farmer, The (2007)",Drama,0469263,5172.0,6407
50942,"Wake Up, Ron Burgundy (2004)",Comedy,0423505,9965.0,6408
50954,It's a Boy Girl Thing (2006),Comedy|Romance,0482527,37725.0,6409
50999,"Ugly Duckling and Me!, The (2006)",Animation|Comedy,0396042,13517.0,6410
51024,The Odyssey (1997),Adventure|Drama|Fantasy,0118414,17266.0,6411
51037,Unknown (2006),Drama|Mystery|Thriller,0450340,9828.0,6412
51077,Ghost Rider (2007),Action|Fantasy|Thriller,0259324,1250.0,6413
51080,Breach (2007),Drama|Thriller,0401997,4169.0,6414
51082,Tyler Perry's Daddy's Little Girls (2007),Comedy|Romance,0778661,16555.0,6415
51084,Music and Lyrics (2007),Comedy|Romance,0758766,11172.0,6416
51086,"Number 23, The (2007)",Drama|Mystery|Thriller,0481369,3594.0,6417
51088,Reno 911!: Miami (2007),Comedy,0499554,10090.0,6418
51091,Black Snake Moan (2006),Drama,0462200,7874.0,6419
51167,My Father and My Son (Babam ve oglum) (2005),Drama,0476735,13393.0,6420
51174,Factory Girl (2006),Drama,0432402,12271.0,6421
51255,Hot Fuzz (2007),Action|Comedy|Crime|Mystery,0425112,4638.0,6422
51314,Golden Door (Nuovomondo) (2006),Adventure|Drama|Romance,0465188,1993.0,6423
51357,Citizen X (1995),Crime|Drama|Thriller,0112681,12554.0,6424
51412,Next (2007),Action|Sci-Fi|Thriller,0435705,1738.0,6425
51471,Amazing Grace (2006),Drama|Romance,0454776,15163.0,6426
51498,2001 Maniacs (2005),Comedy|Horror,0264323,10845.0,6427
51540,Zodiac (2007),Crime|Drama|Thriller,0443706,1949.0,6428
51545,Pusher III: I'm the Angel of Death (2005),Action|Comedy|Drama|Horror|Thriller,0425379,11330.0,6429
51562,Babylon 5: The Gathering (1993),Sci-Fi,0106336,10942.0,6430
51573,Meshes of the Afternoon (1943),Fantasy,0036154,27040.0,6431
51575,Wild Hogs (2007),Adventure|Comedy,0486946,11199.0,6432
51662,300 (2007),Action|Fantasy|War|IMAX,0416449,1271.0,6433
51666,"Abandoned, The (2006)",Horror|Mystery|Thriller,0475937,10790.0,6434
51694,Starter for 10 (2006),Drama|Romance,0477095,14055.0,6435
51698,"Last Mimzy, The (2007)",Adventure|Children|Sci-Fi,0768212,2267.0,6436
51705,Priceless (Hors de prix) (2006),Comedy|Romance,0482088,6691.0,6437
51709,"Host, The (Gwoemul) (2006)",Comedy|Drama|Horror|Sci-Fi|Thriller,0468492,1255.0,6438
51834,Becoming Jane (2007),Drama|Romance,0416508,2977.0,6439
51884,"Namesake, The (2006)",Drama|Romance,0433416,16727.0,6440
51903,I Think I Love My Wife (2007),Comedy|Drama|Romance,0770772,14434.0,6441
51925,Premonition (2007),Drama|Fantasy|Mystery|Thriller,0477071,9963.0,6442
51927,Dead Silence (2007),Horror|Mystery|Thriller,0455760,14001.0,6443
51931,Reign Over Me (2007),Drama,0490204,2355.0,6444
51933,Pride (2007),Drama,0475355,16385.0,6445
51935,Shooter (2007),Action|Drama|Thriller,0822854,7485.0,6446
51937,"Hills Have Eyes II, The (2007)",Horror|Thriller,0800069,9793.0,6447
51939,TMNT (Teenage Mutant Ninja Turtles) (2007),Action|Adventure|Animation|Children|Comedy|Fantasy,0453556,1273.0,6448
52042,Black Book (Zwartboek) (2006),Drama|Thriller|War,0389557,9075.0,6449
52241,"Lookout, The (2007)",Crime|Drama|Thriller,0427470,8270.0,6450
52245,Blades of Glory (2007),Comedy|Romance,0445934,9955.0,6451
52279,Are We Done Yet? (2007),Comedy,0422774,10172.0,6452
52281,Grindhouse (2007),Action|Crime|Horror|Sci-Fi|Thriller,0462322,253768.0,6453
52283,"Reaping, The (2007)",Horror|Thriller,0444682,1683.0,6454
52287,Meet the Robinsons (2007),Action|Adventure|Animation|Children|Comedy|Sci-Fi,0396555,1267.0,6455
52299,American Hardcore (2006),Documentary,0419434,16018.0,6456
52319,Inglorious Bastards (Quel maledetto treno blindato) (1978),Action|Adventure|Drama|War,0076584,22311.0,6457
52328,Sunshine (2007),Adventure|Drama|Sci-Fi|Thriller,0448134,1272.0,6458
52375,"Hoax, The (2007)",Crime|Drama,0462338,9903.0,6459
52435,How the Grinch Stole Christmas! (1966),Animation|Comedy|Fantasy|Musical,0060345,13377.0,6460
52458,Disturbia (2007),Drama|Thriller,0486822,8271.0,6461
52462,Aqua Teen Hunger Force Colon Movie Film for Theaters (2007),Action|Adventure|Animation|Comedy|Fantasy|Mystery|Sci-Fi,0455326,13158.0,6462
52579,"Vie en Rose, La (Môme, La) (2007)",Drama|Musical,0450188,1407.0,6463
52604,Fracture (2007),Crime|Drama|Mystery|Thriller,0488120,6145.0,6464
52644,Vacancy (2007),Horror|Thriller,0452702,10294.0,6465
52668,In the Land of Women (2007),Comedy|Drama|Romance,0419843,13067.0,6466
52694,Mr. Bean's Holiday (2007),Comedy,0453451,1268.0,6467
52712,"Invisible, The (2007)",Crime|Drama|Fantasy|Mystery|Thriller,0435670,9785.0,6468
52715,Kickin It Old Skool (2007),Comedy,0772178,13280.0,6469
52722,Spider-Man 3 (2007),Action|Adventure|Sci-Fi|Thriller|IMAX,0413300,559.0,6470
52724,Lucky You (2007),Comedy|Drama,0338216,1950.0,6471
52730,It's a Very Merry Muppet Christmas Movie (2002),Children|Comedy,0329737,13352.0,6472
52767,21 Up (1977),Documentary,0075610,20553.0,6473
52784,Sharkwater (2006),Documentary,0856008,13894.0,6474
52831,Maniac Cop (1988),Action|Crime|Horror|Thriller,0095583,14240.0,6475
52867,"Ex, The (2007)",Comedy|Romance,0458364,13171.0,6476
52885,Paprika (Papurika) (2006),Animation|Mystery|Sci-Fi,0851578,4977.0,6477
52950,Day Watch (Dnevnoy dozor) (2006),Action|Fantasy|Horror|Thriller,0409904,2269.0,6478
52952,This Is England (2006),Drama,0480025,11798.0,6479
52967,Away from Her (2006),Drama,0491747,1919.0,6480
52973,Knocked Up (2007),Comedy|Drama|Romance,0478311,4964.0,6481
52975,Hairspray (2007),Comedy|Drama|Musical,0427327,2976.0,6482
53000,28 Weeks Later (2007),Horror|Sci-Fi|Thriller,0463854,1562.0,6483
53022,Wheels on Meals (Kuai can che) (1984),Action|Comedy|Crime|Romance,0087578,11205.0,6484
53024,Jonestown: The Life and Death of Peoples Temple (2006),Documentary,0762111,36676.0,6485
53121,Shrek the Third (2007),Adventure|Animation|Children|Comedy|Fantasy,0413267,810.0,6486
53123,Once (2006),Drama|Musical|Romance,0907657,5723.0,6487
53125,Pirates of the Caribbean: At World's End (2007),Action|Adventure|Comedy|Fantasy,0449088,285.0,6488
53127,Bug (2007),Drama|Horror|Thriller,0470705,12526.0,6489
53129,Mr. Brooks (2007),Crime|Drama|Thriller,0780571,3432.0,6490
53138,"Librarian: Return to King Solomon's Mines, The (2006)",Action|Adventure|Fantasy,0455596,14208.0,6491
53140,"Librarian: Quest for the Spear, The (2004)",Action|Adventure|Comedy|Fantasy|Romance,0412915,14207.0,6492
53143,Fay Grim (2006),Action|Thriller,0444628,24200.0,6493
53161,"I'm a Cyborg, But That's OK (Saibogujiman kwenchana) (2006)",Comedy|Drama|Romance|Sci-Fi,0497137,5488.0,6494
53280,"Breed, The (2006)",Horror|Thriller,0455362,10063.0,6495
53318,Cashback (2006),Comedy|Drama|Romance,0460740,12225.0,6496
53322,Ocean's Thirteen (2007),Crime|Thriller,0496806,298.0,6497
53326,Them (Ils) (2006),Horror,0465203,10832.0,6498
53355,Sun Alley (Sonnenallee) (1999),Comedy|Romance,0177242,2241.0,6499
53435,Hostel: Part II (2007),Crime|Horror|Thriller,0498353,1691.0,6500
53447,Paranoid Park (2007),Crime|Drama,0842929,1990.0,6501
53450,"Legend of Sleepy Hollow, The (1980)",Comedy|Fantasy|Horror,0079453,170261.0,6502
53453,Starcrash (a.k.a. Star Crash) (1978),Action|Adventure|Fantasy|Sci-Fi,0079946,22049.0,6503
53460,Surf's Up (2007),Animation|Children|Comedy,0423294,9408.0,6504
53464,Fantastic Four: Rise of the Silver Surfer (2007),Action|Adventure|Sci-Fi,0486576,1979.0,6505
53466,Nancy Drew (2007),Adventure|Crime|Thriller,0479500,14043.0,6506
53468,Fido (2006),Comedy|Horror|Thriller,0457572,10288.0,6507
53519,Death Proof (2007),Action|Adventure|Crime|Horror|Thriller,1028528,1991.0,6508
53550,Rescue Dawn (2006),Action|Adventure|Drama|War,0462504,9952.0,6509
53574,"TV Set, The (2006)",Comedy|Drama,0473709,17320.0,6510
53578,"Valet, The (La doublure) (2006)",Comedy,0449851,21427.0,6511
53808,Bring It On: All or Nothing (2006),Comedy,0490822,11211.0,6512
53883,"Power of Nightmares, The: The Rise of the Politics of Fear (2004)",Documentary,0430484,49870.0,6513
53894,Sicko (2007),Documentary|Drama,0386032,2359.0,6514
53921,"Mighty Heart, A (2007)",Drama|Thriller,0829459,1988.0,6515
53953,1408 (2007),Drama|Horror|Thriller,0450385,3021.0,6516
53956,Death at a Funeral (2007),Comedy,0795368,2196.0,6517
53972,Live Free or Die Hard (2007),Action|Adventure|Crime|Thriller,0337978,1571.0,6518
53974,License to Wed (2007),Comedy|Romance,0762114,2959.0,6519
53993,Evan Almighty (2007),Comedy|Fantasy,0413099,2698.0,6520
53996,Transformers (2007),Action|Sci-Fi|Thriller|IMAX,0418279,1858.0,6521
54001,Harry Potter and the Order of the Phoenix (2007),Adventure|Drama|Fantasy|IMAX,0373889,675.0,6522
54004,I Now Pronounce You Chuck and Larry (2007),Comedy|Romance,0762107,3563.0,6523
54116,First Snow (2006),Drama|Thriller,0432289,16083.0,6524
54121,Broken Arrow (1950),Drama|Romance|Western,0042286,37292.0,6525
54185,Manufactured Landscapes (2006),Documentary,0832903,24582.0,6526
54190,Across the Universe (2007),Drama|Fantasy|Musical|Romance,0445922,4688.0,6527
54256,Hot Rod (2007),Comedy,0787475,10074.0,6528
54259,Stardust (2007),Adventure|Comedy|Fantasy|Romance,0486655,2270.0,6529
54272,"Simpsons Movie, The (2007)",Animation|Comedy,0462538,35.0,6530
54274,I Know Who Killed Me (2007),Crime|Drama|Thriller,0897361,5857.0,6531
54276,No Reservations (2007),Comedy|Drama|Romance,0481141,3638.0,6532
54281,Charlie Bartlett (2007),Comedy|Drama,0423977,8669.0,6533
54286,"Bourne Ultimatum, The (2007)",Action|Crime|Thriller,0440963,2503.0,6534
54354,China Blue (2005),Documentary,0478116,54546.0,6535
54372,Tell No One (Ne le dis à personne) (2006),Crime|Drama|Mystery|Thriller,0362225,10795.0,6536
54503,Superbad (2007),Comedy,0829482,8363.0,6537
54617,"Brice Man, The (Brice de Nice) (2005)",Comedy,0412535,17350.0,6538
54648,Rush Hour 3 (2007),Action|Comedy|Crime|Thriller,0293564,5174.0,6539
54686,"Last Legion, The (2007)",Action|Adventure|Fantasy|War,0462396,9703.0,6540
54732,Balls of Fury (2007),Comedy,0424823,9750.0,6541
54734,Sydney White (2007),Comedy,0815244,10760.0,6542
54736,"Kingdom, The (2007)",Action|Drama|Thriller,0431197,4349.0,6543
54745,Rocket Science (2007),Comedy|Drama,0477078,13068.0,6544
54768,Daddy Day Camp (2007),Children|Comedy,0462244,14144.0,6545
54771,"Invasion, The (2007)",Action|Drama|Horror|Sci-Fi|Thriller,0427392,4858.0,6546
54780,"Nanny Diaries, The (2007)",Comedy|Drama|Romance,0489237,12435.0,6547
54785,Halloween (2007),Horror,0373883,2082.0,6548
54787,Death Sentence (2007),Drama|Thriller,0804461,11835.0,6549
54796,2 Days in Paris (2007),Comedy|Drama|Romance,0841044,1845.0,6550
54881,"King of Kong, The (2007)",Documentary,0923752,13958.0,6551
54908,Taxi 4 (2007),Action|Comedy,0804540,2335.0,6552
54910,Behind the Mask: The Rise of Leslie Vernon (2006),Comedy|Horror|Thriller,0437857,10961.0,6553
54934,"Brothers Solomon, The (2007)",Comedy,0784972,10071.0,6554
54962,"Nines, The (2007)",Drama|Mystery,0810988,12994.0,6555
54995,Planet Terror (2007),Action|Horror|Sci-Fi,1077258,1992.0,6556
54997,3:10 to Yuma (2007),Action|Crime|Drama|Western,0381849,5176.0,6557
54999,Shoot 'Em Up (2007),Action|Comedy|Crime,0465602,4141.0,6558
55020,"Ten, The (2007)",Comedy,0811106,13173.0,6559
55036,Gotti (1996),Crime|Drama,0116441,14786.0,6560
55052,Atonement (2007),Drama|Romance|War,0783233,4347.0,6561
55061,Electroma (2006),Drama|Sci-Fi,0800022,13529.0,6562
55067,Requiem (2006),Drama|Thriller,0454931,523.0,6563
55069,"4 Months, 3 Weeks and 2 Days (4 luni, 3 saptamâni si 2 zile) (2007)",Drama,1032846,2009.0,6564
55071,No End in Sight (2007),Documentary,0912593,12901.0,6565
55080,"Brave One, The (2007)",Crime|Drama|Thriller,0476964,4413.0,6566
55094,In the Valley of Elah (2007),Drama|Mystery,0478134,6973.0,6567
55110,December Boys (2007),Drama,0465436,4629.0,6568
55112,Shanghai Kiss (2007),Comedy|Drama|Romance,0469184,15361.0,6569
55116,"Hunting Party, The (2007)",Action|Adventure|Comedy|Drama|Thriller,0455782,5353.0,6570
55118,Eastern Promises (2007),Crime|Drama|Thriller,0765443,2252.0,6571
55156,"Unreasonable Man, An (2006)",Documentary,0492499,30365.0,6572
55167,Tekkonkinkreet (Tekkon kinkurîto) (2006),Action|Adventure|Animation|Crime|Fantasy,0831888,13754.0,6573
55190,Love and Other Disasters (2006),Comedy|Romance,0452643,6641.0,6574
55205,Interview (2007),Drama,0480269,8414.0,6575
55207,Cashback (2004),Comedy|Drama,0409799,244797.0,6576
55232,Resident Evil: Extinction (2007),Action|Horror|Sci-Fi|Thriller,0432021,7737.0,6577
55241,Mr. Woodcock (2007),Comedy,0419984,13257.0,6578
55245,Good Luck Chuck (2007),Comedy|Romance,0452625,10030.0,6579
55247,Into the Wild (2007),Action|Adventure|Drama,0758758,5915.0,6580
55250,"Game Plan, The (2007)",Comedy,0492956,13680.0,6581
55253,"Lust, Caution (Se, jie) (2007)",Drama|Romance|Thriller|War,0808357,4588.0,6582
55259,"Seeker: The Dark Is Rising, The (2007)",Action|Adventure|Drama|Fantasy,0484562,2274.0,6583
55261,"Heartbreak Kid, The (2007)",Comedy|Drama|Romance,0408839,9038.0,6584
55267,Dan in Real Life (2007),Comedy|Drama|Romance,0480242,7211.0,6585
55269,"Darjeeling Limited, The (2007)",Adventure|Comedy|Drama,0838221,4538.0,6586
55272,We Own the Night (2007),Crime|Drama,0498399,2001.0,6587
55274,Elizabeth: The Golden Age (2007),Drama,0414055,4517.0,6588
55276,Michael Clayton (2007),Drama|Thriller,0465538,4566.0,6589
55278,Sleuth (2007),Drama|Mystery|Thriller,0857265,4520.0,6590
55280,Lars and the Real Girl (2007),Comedy|Drama,0805564,6615.0,6591
55282,30 Days of Night (2007),Horror|Thriller,0389722,4513.0,6592
55290,Gone Baby Gone (2007),Crime|Drama|Mystery,0452623,4771.0,6593
55292,"Comebacks, The (2007)",Comedy,0790804,10759.0,6594
55294,Weirdsville (2007),Comedy|Crime|Drama,0758798,14251.0,6595
55363,"Assassination of Jesse James by the Coward Robert Ford, The (2007)",Crime|Drama|Western,0443680,4512.0,6596
55391,10th & Wolf (2006),Crime|Drama|Thriller,0360323,13197.0,6597
55442,Persepolis (2007),Animation|Drama,0808417,2011.0,6598
55444,Control (2007),Drama,0421082,5708.0,6599
55451,The Jane Austen Book Club (2007),Comedy|Drama|Romance,0866437,5951.0,6600
55492,"Last Winter, The (2006)",Horror,0454864,15667.0,6601
55553,Black Sheep (2006),Comedy|Horror,0779982,3603.0,6602
55555,"Edge of Heaven, The (Auf der anderen Seite) (2007)",Drama,0880502,2014.0,6603
55577,Saw IV (2007),Crime|Horror|Thriller,0890870,663.0,6604
55620,For the Bible Tells Me So (2007),Documentary,0912583,15651.0,6605
55687,My Kid Could Paint That (2007),Documentary,0912592,14279.0,6606
55721,Elite Squad (Tropa de Elite) (2007),Action|Crime|Drama|Thriller,0861739,7347.0,6607
55729,King of California (2007),Comedy,0388182,5718.0,6608
55765,American Gangster (2007),Crime|Drama|Thriller,0765429,4982.0,6609
55768,Bee Movie (2007),Animation|Comedy,0389790,5559.0,6610
55805,Before the Devil Knows You're Dead (2007),Crime|Drama|Thriller,0292963,7972.0,6611
55814,"Diving Bell and the Butterfly, The (Scaphandre et le papillon, Le) (2007)",Drama,0401383,2013.0,6612
55820,No Country for Old Men (2007),Crime|Drama,0477348,6977.0,6613
55830,Be Kind Rewind (2008),Comedy,0799934,4953.0,6614
55844,Itty Bitty Titty Committee (2007),Comedy|Drama|Romance,0496328,10520.0,6615
55854,"Fugitive, The (1947)",Drama,0039402,37368.0,6616
55872,August Rush (2007),Drama|Musical,0426931,5123.0,6617
55908,"Man from Earth, The (2007)",Drama|Sci-Fi,0756683,13363.0,6618
55946,Lions For Lambs (2007),Drama|Thriller|War,0891527,4515.0,6619
55995,Beowulf (2007),Action|Adventure|Animation|Fantasy|IMAX,0442933,2310.0,6620
56003,Southland Tales (2006),Comedy|Drama|Sci-Fi|Thriller,0405336,4723.0,6621
56012,"Evening with Kevin Smith 2: Evening Harder, An (2006)",Comedy|Documentary,0910873,16768.0,6622
56022,Harrison Bergeron (1995),Drama|Sci-Fi,0113264,24732.0,6623
56060,I Served the King of England (Obsluhoval jsem anglického krále) (2006),Comedy|Drama|Romance|War,0284363,12555.0,6624
56145,"Mist, The (2007)",Horror|Sci-Fi,0884328,5876.0,6625
56152,Enchanted (2007),Adventure|Animation|Children|Comedy|Fantasy|Musical|Romance,0461770,4523.0,6626
56156,Hitman (2007),Action|Crime|Thriller,0465494,1620.0,6627
56169,Awake (2007),Drama|Thriller,0211933,13483.0,6628
56171,"Golden Compass, The (2007)",Adventure|Children|Fantasy,0385752,2268.0,6629
56174,I Am Legend (2007),Action|Horror|Sci-Fi|Thriller|IMAX,0480249,6479.0,6630
56176,Alvin and the Chipmunks (2007),Children|Comedy,0952640,6477.0,6631
56251,Futurama: Bender's Big Score (2007),Animation|Comedy|Sci-Fi,0471711,7249.0,6632
56274,Margot at the Wedding (2007),Drama,0757361,13998.0,6633
56286,I'm Not There (2007),Drama,0368794,3902.0,6634
56333,"Savages, The (2007)",Comedy|Drama,0775529,8272.0,6635
56336,Wrong Turn 2: Dead End (2007),Action|Horror|Thriller,0804555,13186.0,6636
56339,"Orphanage, The (Orfanato, El) (2007)",Drama|Horror|Mystery|Thriller,0464141,6537.0,6637
56367,Juno (2007),Comedy|Drama|Romance,0467406,7326.0,6638
56379,"Maxed Out: Hard Times, Easy Credit and the Era of Predatory Lenders (2006)",Documentary,0762117,33003.0,6639
56389,My Blueberry Nights (2007),Drama|Romance,0765120,1989.0,6640
56563,Helvetica (2007),Documentary,0847817,13348.0,6641
56587,"Bucket List, The (2007)",Comedy|Drama,0825232,7350.0,6642
56607,"Kite Runner, The (2007)",Drama,0419887,7979.0,6643
56620,"Deaths of Ian Stone, The (2007)",Horror|Thriller,0810823,12171.0,6644
56715,Wristcutters: A Love Story (2006),Drama|Fantasy|Romance,0477139,13198.0,6645
56757,Sweeney Todd: The Demon Barber of Fleet Street (2007),Drama|Horror|Musical|Thriller,0408236,13885.0,6646
56775,National Treasure: Book of Secrets (2007),Action|Adventure,0465234,6637.0,6647
56782,There Will Be Blood (2007),Drama|Western,0469494,7345.0,6648
56788,Charlie Wilson's War (2007),Comedy|Drama|War,0472062,6538.0,6649
56801,AVPR: Aliens vs. Predator - Requiem (2007),Action|Horror|Sci-Fi,0758730,440.0,6650
56805,Walk Hard: The Dewey Cox Story (2007),Comedy|Musical,0841046,6575.0,6651
56837,As You Like It (2006),Comedy|Drama|Romance,0450972,19103.0,6652
56869,Drained (O cheiro do Ralo) (2006),Comedy,0489458,40860.0,6653
56908,Dedication (2007),Comedy|Drama|Romance,0490579,14118.0,6654
56915,"Water Horse: Legend of the Deep, The (2007)",Adventure|Children|Fantasy,0760329,54318.0,6655
56921,Battlestar Galactica: Razor (2007),Action|Drama|Sci-Fi|Thriller,0991178,69315.0,6656
56941,P.S. I Love You (2007),Comedy|Drama|Romance,0431308,6023.0,6657
56949,27 Dresses (2008),Comedy|Romance,0988595,6557.0,6658
57147,Cassandra's Dream (2007),Crime|Drama|Thriller,0795493,4787.0,6659
57183,Like Stars on Earth (Taare Zameen Par) (2007),Drama,0986264,7508.0,6660
57243,"Band's Visit, The (Bikur Ha-Tizmoret) (2007)",Comedy|Drama,1032856,5259.0,6661
57274,[REC] (2007),Drama|Horror|Thriller,1038988,8329.0,6662
57326,In the Name of the King: A Dungeon Siege Tale (2008),Action|Adventure|Fantasy,0460780,2312.0,6663
57368,Cloverfield (2008),Action|Mystery|Sci-Fi|Thriller,1060277,7191.0,6664
57421,Hatchet (2006),Comedy|Horror,0422401,11908.0,6665
57499,Heaven and Earth (Ten to Chi to) (1990),Action|Adventure|Drama|War,0099753,41845.0,6666
57502,Cat Soup (Nekojiru-so) (2001),Adventure|Animation|Drama|Horror,0385586,25078.0,6667
57504,"Girl Who Leapt Through Time, The (Toki o kakeru shôjo) (2006)",Animation|Comedy|Drama|Romance|Sci-Fi,0808506,14069.0,6668
57522,First Sunday (2008),Comedy|Crime,0486578,14423.0,6669
57526,Untraceable (2008),Crime|Thriller,0880578,8090.0,6670
57528,Rambo (Rambo 4) (2008),Action|Drama|Thriller|War,0462499,7555.0,6671
57532,Meet the Spartans (2008),Comedy,1073498,7278.0,6672
57536,Strange Wilderness (2008),Comedy,0489282,14220.0,6673
57637,"Signal, The (2007)",Horror|Sci-Fi|Thriller,0780607,13059.0,6674
57640,Hellboy II: The Golden Army (2008),Action|Adventure|Fantasy|Sci-Fi,0411477,11253.0,6675
57669,In Bruges (2008),Comedy|Crime|Drama|Thriller,0780536,8321.0,6676
57772,World on a Wire (Welt am Draht) (1973),Crime|Sci-Fi,0070904,53094.0,6677
57843,Rise of the Footsoldier (2007),Action|Crime|Drama,0901507,13054.0,6678
57910,Teeth (2007),Comedy|Horror,0780622,13121.0,6679
57951,Fool's Gold (2008),Action|Adventure|Comedy|Romance,0770752,8676.0,6680
58025,Jumper (2008),Action|Adventure|Drama|Sci-Fi|Thriller,0489099,8247.0,6681
58047,"Definitely, Maybe (2008)",Comedy|Drama|Romance,0832266,8390.0,6682
58078,"Air I Breathe, The (2007)",Crime|Drama|Romance|Thriller,0485851,13641.0,6683
58103,Vantage Point (2008),Action|Drama|Thriller,0443274,7461.0,6684
58105,"Spiderwick Chronicles, The (2008)",Adventure|Children|Drama|Fantasy|IMAX,0416236,8204.0,6685
58107,Step Up 2 the Streets (2008),Drama|Musical|Romance,1023481,8328.0,6686
58154,"Other Boleyn Girl, The (2008)",Drama|Romance,0467200,12184.0,6687
58156,Semi-Pro (2008),Comedy,0839980,13260.0,6688
58162,Run Fatboy Run (2007),Comedy|Romance,0425413,7942.0,6689
58191,Taxi to the Dark Side (2007),Documentary,0854678,13362.0,6690
58287,Descent (2007),Drama|Thriller,0463027,21373.0,6691
58291,College Road Trip (2008),Comedy,0997047,13493.0,6692
58293,"10,000 BC (2008)",Adventure|Romance|Thriller,0443649,7840.0,6693
58295,"Bank Job, The (2008)",Action|Crime|Thriller,0200465,8848.0,6694
58297,Doomsday (2008),Action|Drama|Sci-Fi|Thriller,0483607,13460.0,6695
58299,Horton Hears a Who! (2008),Adventure|Animation|Children|Comedy,0451079,12222.0,6696
58301,Funny Games U.S. (2007),Drama|Thriller,0808279,8461.0,6697
58303,"Counterfeiters, The (Die Fälscher) (2007)",Crime|Drama|War,0813547,7862.0,6698
58306,Mongol (2007),Drama|War,0416044,12246.0,6699
58309,War Dance (2007),Documentary,0912599,16666.0,6700
58315,"Love Guru, The (2008)",Comedy,0811138,12177.0,6701
58332,Diary of the Dead (2007),Horror|Sci-Fi,0848557,13025.0,6702
58347,Penelope (2006),Comedy|Fantasy|Romance,0472160,7985.0,6703
58351,City of Men (Cidade dos Homens) (2007),Drama,0870090,7343.0,6704
58376,Zeitgeist: The Movie (2007),Documentary|War,1166827,13016.0,6705
58404,Justice League: The New Frontier (2008) ,Action|Adventure|Animation|Fantasy|Sci-Fi,0902272,14011.0,6706
58425,Heima (2007),Documentary,1094594,14793.0,6707
58492,Snow Angels (2007),Drama,0453548,14054.0,6708
58554,"Class, The (Klass) (2007)",Drama,0988108,28205.0,6709
58559,"Dark Knight, The (2008)",Action|Crime|Drama|IMAX,0468569,155.0,6710
58627,Never Back Down (2008),Action,1023111,8456.0,6711
58655,Drillbit Taylor (2008),Comedy,0817538,8457.0,6712
58783,Youth Without Youth (2007),Drama|Romance|Sci-Fi,0481797,7797.0,6713
58803,21 (2008),Crime|Drama|Romance|Thriller,0478087,8065.0,6714
58806,Smart People (2008),Comedy|Drama|Romance,0858479,12890.0,6715
58826,"Shepherd: Border Patrol, The (2008)",Action|Crime|Thriller,0827521,24411.0,6716
58839,Leatherheads (2008),Comedy|Drama|Romance,0379865,4942.0,6717
58842,Assembly (Ji jie hao) (2007) ,Action|Drama|War,0881200,14044.0,6718
58870,Zebraman (2004),Comedy,0388556,36223.0,6719
58876,Stop-Loss (2008),Drama|War,0489281,8988.0,6720
58879,Shine a Light (2008),Documentary|Musical|IMAX,0893382,7944.0,6721
58964,Inside (À l'intérieur) (2007),Horror|Thriller,0856288,13312.0,6722
58972,Nim's Island (2008),Adventure|Comedy|Fantasy,0410377,10488.0,6723
58975,"Ruins, The (2008)",Horror|Thriller,0963794,11152.0,6724
58998,Forgetting Sarah Marshall (2008),Comedy|Romance,0800039,9870.0,6725
59014,Superhero Movie (2008),Action|Comedy|Sci-Fi,0426592,11918.0,6726
59016,Street Kings (2008),Crime|Drama|Thriller,0421073,1266.0,6727
59018,"Visitor, The (2007)",Drama|Romance,0857191,12473.0,6728
59022,Harold & Kumar Escape from Guantanamo Bay (2008),Adventure|Comedy,0481536,13335.0,6729
59026,99 francs (2007),Comedy,0875113,8827.0,6730
59037,Speed Racer (2008),Action|Children|Sci-Fi|IMAX,0811080,7459.0,6731
59103,"Forbidden Kingdom, The (2008)",Action|Adventure|Comedy|Fantasy,0865556,1729.0,6732
59118,Happy-Go-Lucky (2008),Comedy|Drama,1045670,10503.0,6733
59126,Religulous (2008),Comedy|Documentary,0815241,13007.0,6734
59129,Outpost (2008),Action|Horror,0892899,9017.0,6735
59131,Are You Scared? (2006),Horror,0845955,25119.0,6736
59141,Son of Rambow (2007),Children|Comedy|Drama,0845046,13258.0,6737
59143,Super High Me (2007),Comedy|Documentary,1111833,14236.0,6738
59220,Outsourced (2006),Comedy|Romance,0425326,7861.0,6739
59258,Baby Mama (2008),Comedy,0871426,8780.0,6740
59295,Expelled: No Intelligence Allowed (2008),Documentary,1091617,13359.0,6741
59306,Prom Night (2008),Horror|Mystery|Thriller,0926129,8617.0,6742
59315,Iron Man (2008),Action|Adventure|Sci-Fi,0371746,1726.0,6743
59333,Made of Honor (2008),Comedy|Romance,0866439,10761.0,6744
59336,Redbelt (2008),Action|Drama,1012804,12400.0,6745
59369,Taken (2008),Action|Crime|Drama|Thriller,0936501,8681.0,6746
59387,"Fall, The (2006)",Adventure|Drama|Fantasy,0460791,14784.0,6747
59421,What Happens in Vegas... (2008),Comedy|Romance,1033643,9029.0,6748
59429,American Pie Presents Beta House (American Pie 6: Beta House) (2007),Comedy,0974959,8277.0,6749
59440,Bella (2006),Drama|Romance,0482463,12586.0,6750
59501,"Chronicles of Narnia: Prince Caspian, The (2008)",Adventure|Children|Fantasy,0499448,2454.0,6751
59549,Shelter (2007),Drama|Romance,0942384,17483.0,6752
59604,"Girl Next Door, The (2007)",Crime|Drama|Horror|Thriller,0830558,15356.0,6753
59615,Indiana Jones and the Kingdom of the Crystal Skull (2008),Action|Adventure|Comedy|Sci-Fi,0367882,217.0,6754
59667,Nina's Heavenly Delights (2006),Comedy,0435706,12808.0,6755
59725,Sex and the City (2008),Comedy|Romance,1000774,4564.0,6756
59727,"Strangers, The (2008)",Horror|Thriller,0482606,10665.0,6757
59731,"Bigger, Stronger, Faster* (2008)",Documentary,1151309,13636.0,6758
59738,All the Boys Love Mandy Lane (2006),Horror|Mystery|Thriller,0490076,9022.0,6759
59784,Kung Fu Panda (2008),Action|Animation|Children|Comedy|IMAX,0441773,9502.0,6760
59810,Recount (2008),Drama,1000771,14050.0,6761
59814,Ex Drummer (2007),Comedy|Crime|Drama|Horror,0812243,14019.0,6762
59900,You Don't Mess with the Zohan (2008),Comedy,0960144,10661.0,6763
59915,Stuck (2007),Horror|Thriller,0758786,13848.0,6764
59947,"Protector, The (1985)",Action|Comedy|Drama|Thriller,0089847,45408.0,6765
59985,Chaos Theory (2007),Comedy|Drama|Romance,0460745,12912.0,6766
59995,Boy A (2007),Crime|Drama,1078188,14748.0,6767
60030,Spiral (2007),Drama|Horror|Thriller,0491162,18467.0,6768
60037,"Happening, The (2008)",Drama|Sci-Fi|Thriller,0949731,8645.0,6769
60040,"Incredible Hulk, The (2008)",Action|Sci-Fi,0800080,1724.0,6770
60046,"Children of Huang Shi, The (2008)",Drama|War,0889588,13405.0,6771
60069,WALL·E (2008),Adventure|Animation|Children|Romance|Sci-Fi,0910970,10681.0,6772
60072,Wanted (2008),Action|Thriller,0493464,8909.0,6773
60074,Hancock (2008),Action|Adventure|Comedy|Crime|Fantasy,0448157,8960.0,6774
60126,Get Smart (2008),Action|Comedy,0425061,11665.0,6775
60128,Young People Fucking (a.k.a. YPF) (2007),Comedy,0913445,13019.0,6776
60141,St. Trinian's (2007),Children|Comedy,0964587,10748.0,6777
60161,Futurama: The Beast with a Billion Backs (2008),Action|Animation|Comedy|Romance|Sci-Fi,1054485,12889.0,6778
60289,Kit Kittredge: An American Girl (2008),Children|Comedy|Drama|Mystery,0846308,8359.0,6779
60291,Gonzo: The Life and Work of Dr. Hunter S. Thompson (2008),Documentary,0479468,13003.0,6780
60293,"Wackness, The (2008)",Comedy|Drama|Romance,1082886,13990.0,6781
60303,Strange Circus (Kimyô na sâkasu) (2005),Horror|Mystery|Thriller,0492784,10842.0,6782
60333,Encounters at the End of the World (2008),Documentary,1093824,12172.0,6783
60363,Zombie Strippers! (2008),Comedy|Horror,0960890,13009.0,6784
60365,Frosty the Snowman (1969),Animation|Children|Comedy|Fantasy|Musical,0064349,13675.0,6785
60389,Battle for Haditha (2007),War,0870211,14111.0,6786
60397,Mamma Mia! (2008),Comedy|Musical|Romance,0795421,11631.0,6787
60408,Welcome to the Sticks (Bienvenue chez les Ch'tis) (2008),Comedy,1064932,8265.0,6788
60471,Rogue (2007),Action|Adventure|Horror|Sci-Fi|Thriller,0479528,13022.0,6789
60487,"It's the Great Pumpkin, Charlie Brown (1966)",Animation|Children|Comedy,0060550,13353.0,6790
60514,Journey to the Center of the Earth (2008),Action|Adventure|Sci-Fi,0373051,88751.0,6791
60516,Meet Dave (2008),Adventure|Children|Comedy|Romance|Sci-Fi,0765476,11260.0,6792
60522,"Machine Girl, The (Kataude mashin gâru) (2008)",Action|Comedy|Fantasy|Horror|Thriller,1050160,13964.0,6793
60538,Shrooms (2007),Horror|Thriller,0492486,14456.0,6794
60647,Transsiberian (2008),Crime|Drama|Thriller,0800241,6687.0,6795
60674,Stargate: Continuum (2008),Sci-Fi,0929629,12914.0,6796
60684,Watchmen (2009),Action|Drama|Mystery|Sci-Fi|Thriller|IMAX,0409459,13183.0,6797
60735,Shotgun Stories (2007),Drama|Thriller,0952682,12247.0,6798
60737,Watching the Detectives (2007),Comedy|Romance,0472205,22100.0,6799
60753,Felon (2008),Crime|Drama,1117385,13012.0,6800
60756,Step Brothers (2008),Comedy,0838283,12133.0,6801
60760,"X-Files: I Want to Believe, The (2008)",Drama|Mystery|Sci-Fi|Thriller,0443701,8836.0,6802
60766,Man on Wire (2008),Documentary,1155592,14048.0,6803
60803,"Little Drummer Boy, The (1968)",Animation|Children|Musical,0063230,18846.0,6804
60818,Hogfather (Terry Pratchett's Hogfather) (2006),Adventure|Fantasy|Thriller,0765458,11910.0,6805
60832,Pathology (2008),Crime|Horror|Thriller,0964539,12192.0,6806
60857,"Tracey Fragments, The (2007)",Drama,0801526,16725.0,6807
60885,"Zone, The (La Zona) (2007)",Drama|Thriller,1039652,15865.0,6808
60894,"Edge of Love, The (2008)",Drama|Romance|War,0819714,14061.0,6809
60904,Heart of a Dog (Sobachye serdtse) (1988),Comedy|Drama|Sci-Fi,0096126,43680.0,6810
60937,"Mummy: Tomb of the Dragon Emperor, The (2008)",Action|Adventure|Fantasy|Thriller,0859163,1735.0,6811
60941,"Midnight Meat Train, The (2008)",Horror|Mystery|Thriller,0805570,10185.0,6812
60943,Frozen River (2008),Drama,0978759,10183.0,6813
60950,Vicky Cristina Barcelona (2008),Comedy|Drama|Romance,0497465,5038.0,6814
60979,Batman: Gotham Knight (2008),Action|Animation|Crime,1117563,13851.0,6815
61011,"Walker, The (2007)",Drama|Mystery,0783608,13251.0,6816
61024,Pineapple Express (2008),Action|Comedy|Crime,0910936,10189.0,6817
61026,Red Cliff (Chi bi) (2008),Action|Adventure|Drama|War,0425637,12289.0,6818
61071,"Sisterhood of the Traveling Pants 2, The (2008)",Adventure|Comedy|Drama|Romance,1018785,10188.0,6819
61073,Hell Ride (2008),Action|Drama|Thriller,0411475,13300.0,6820
61123,High School Musical 2 (2007),Comedy|Drama|Musical|Romance,0810900,13649.0,6821
61132,Tropic Thunder (2008),Action|Adventure|Comedy|War,0942385,7446.0,6822
61160,Star Wars: The Clone Wars (2008),Action|Adventure|Animation|Sci-Fi,1185834,12180.0,6823
61167,Henry Poole is Here (2008),Drama|Mystery,1029120,13107.0,6824
61210,Mutant Chronicles (2008),Action|Adventure|Sci-Fi,0490181,13256.0,6825
61236,Waltz with Bashir (Vals im Bashir) (2008),Animation|Documentary|Drama|War,1185616,8885.0,6826
61240,Let the Right One In (Låt den rätte komma in) (2008),Drama|Fantasy|Horror|Romance,1139797,13310.0,6827
61246,Hamlet 2 (2008),Comedy,1104733,12621.0,6828
61248,Death Race (2008),Action|Adventure|Sci-Fi|Thriller,0452608,10483.0,6829
61250,"House Bunny, The (2008)",Comedy,0852713,12620.0,6830
61255,"Rocker, The (2008)",Comedy,1031969,10186.0,6831
61257,I.O.U.S.A. (a.k.a. IOUSA) (2008),Documentary,0963807,15320.0,6832
61262,Mirrors (2008),Horror|Mystery|Thriller,0790686,13515.0,6833
61289,Sukiyaki Western Django (2008),Action|Western,0906665,13637.0,6834
61319,Somers Town (2008),Drama,1172206,14298.0,6835
61323,Burn After Reading (2008),Comedy|Crime|Drama,0887883,4944.0,6836
61348,Disaster Movie (2008),Comedy,1213644,13805.0,6837
61350,Babylon A.D. (2008),Action|Adventure|Sci-Fi|Thriller,0364970,9381.0,6838
61352,Traitor (2008),Crime|Drama|Thriller,0988047,13291.0,6839
61394,"Onion Movie, The (2008)",Comedy,0392878,14771.0,6840
61401,"Spirit, The (2008)",Action|Comedy|Fantasy|Thriller,0831887,8285.0,6841
61406,John Adams (2008),Drama,0472027,118309.0,6842
61465,Bangkok Dangerous (2008),Action|Crime|Thriller,0814022,13184.0,6843
61628,Sunflower (Xiang ri kui) (2005),Drama,0401808,38019.0,6844
61692,Altered (2006),Horror|Sci-Fi|Thriller,0457275,14458.0,6845
61697,Righteous Kill (2008),Crime|Mystery|Thriller,1034331,13389.0,6846
61705,Lakeview Terrace (2008),Drama|Thriller,0947802,13279.0,6847
61729,Ghost Town (2008),Comedy|Fantasy|Romance,0995039,12797.0,6848
61818,"Crow, The: Wicked Prayer (2005)",Action|Adventure|Fantasy|Thriller,0353324,16456.0,6849
61986,Appaloosa (2008),Western,0800308,12690.0,6850
62008,Dead Fury (2008),Action|Animation|Comedy|Horror,1282036,37776.0,6851
62081,Eagle Eye (2008),Action|Crime|Thriller|IMAX,1059786,13027.0,6852
62113,How to Lose Friends & Alienate People (2008),Comedy,0455538,13092.0,6853
62155,Nick and Norah's Infinite Playlist (2008),Comedy|Drama|Romance,0981227,12182.0,6854
62208,"Sound of the Mountain (Thunder of the Mountain, The) (Yama no oto) (1954)",Drama,0047682,46492.0,6855
62250,Gomorrah (Gomorra) (2008),Crime|Drama,0929425,8882.0,6856
62293,"Duchess, The (2008)",Drama|Romance,0864761,12783.0,6857
62299,Alone in the Dark II (2008),Action|Horror,0913951,12683.0,6858
62336,FLCL (2000),Animation|Comedy|Fantasy|Sci-Fi,0279077,225130.0,6859
62344,Rachel Getting Married (2008),Drama|Romance,1084950,14976.0,6860
62374,Body of Lies (2008),Action|Drama|Thriller,0758774,12113.0,6861
62376,City of Ember (2008),Adventure|Children|Sci-Fi,0970411,13600.0,6862
62383,"20,000 Leagues Under the Sea (1916)",Action|Adventure|Sci-Fi,0006333,30266.0,6863
62394,Max Payne (2008),Action|Crime|Drama|Thriller,0467197,13051.0,6864
62434,Zack and Miri Make a Porno (2008),Comedy|Drama|Romance,1007028,10358.0,6865
62437,W. (2008),Drama,1175491,10523.0,6866
62439,My Best Friend's Girl (2008),Comedy|Romance,1046163,13596.0,6867
62511,"Synecdoche, New York (2008)",Comedy|Drama,0383028,4960.0,6868
62553,"Secret Life of Bees, The (2008)",Drama,0416212,12837.0,6869
62586,"American Carol, An (2008)",Comedy|Fantasy,1190617,13948.0,6870
62644,"Wave, The (Welle, Die) (2008)",Drama,1063669,7735.0,6871
62662,Tokyo-Ga (1985),Documentary,0090182,76406.0,6872
62718,"Angus, Thongs and Perfect Snogging (2008)",Comedy|Romance,0963743,12689.0,6873
62792,Pride and Glory (2008),Crime|Drama,0482572,13150.0,6874
62799,"Express, The (2008)",Drama,0469903,14325.0,6875
62834,Babylon 5: The Legend of the Rangers: To Live and Die in Starlight (2002),Sci-Fi,0280453,16068.0,6876
62836,Babylon 5: The Lost Tales - Voices in the Dark (2007),Sci-Fi,0871427,15289.0,6877
62849,RocknRolla (2008),Action|Crime,1032755,13809.0,6878
62956,Futurama: Bender's Game (2008),Action|Adventure|Animation|Comedy|Fantasy|Sci-Fi,1054486,13253.0,6879
62970,Tin Man (2007),Adventure|Fantasy|Sci-Fi,0910812,114796.0,6880
62999,Madagascar: Escape 2 Africa (2008),Action|Adventure|Animation|Children|Comedy|IMAX,0479952,10527.0,6881
63033,Blindness (2008),Drama|Mystery|Romance|Thriller,0861689,8338.0,6882
63062,Changeling (2008),Crime|Drama|Mystery,0824747,3580.0,6883
63072,"Road, The (2009)",Adventure|Drama|Thriller,0898367,20766.0,6884
63082,Slumdog Millionaire (2008),Crime|Drama|Romance,1010048,12405.0,6885
63113,Quantum of Solace (2008),Action|Adventure|Thriller,0830515,10764.0,6886
63131,Role Models (2008),Comedy,0430922,15373.0,6887
63179,Tokyo! (2008),Drama,0976060,8938.0,6888
63222,JCVD (2008),Action|Drama|Thriller,1130988,13672.0,6889
63239,Cinderella (1997),Children|Fantasy|Musical|Romance,0128996,42884.0,6890
63276,Crows Zero (Kurôzu zero) (2007),Action,1016290,14943.0,6891
63312,Krabat (2008),Drama|Fantasy,0772181,4627.0,6892
63393,Camp Rock (2008),Comedy|Musical|Romance,1055366,13655.0,6893
63433,Farscape: The Peacekeeper Wars (2004),Action|Adventure|Sci-Fi,0387736,13905.0,6894
63436,Saw V (2008),Crime|Horror|Thriller,1132626,11917.0,6895
63479,Sex Drive (2008),Comedy,1135985,13523.0,6896
63515,The Island (2006),Drama|Mystery,0851577,22358.0,6897
63540,Beverly Hills Chihuahua (2008),Adventure|Children|Comedy,1014775,14405.0,6898
63768,Tattooed Life (Irezumi ichidai) (1965),Crime|Drama,0059320,88435.0,6899
63808,"Class, The (Entre les murs) (2008)",Drama,1068646,8841.0,6900
63826,Splinter (2008),Action|Horror|Thriller,1031280,13220.0,6901
63853,Australia (2008),Adventure|Drama|War|Western,0455824,6972.0,6902
63859,Bolt (2008),Action|Adventure|Animation|Children|Comedy,0397892,13053.0,6903
63876,Milk (2008),Drama,1013753,10139.0,6904
63992,Twilight (2008),Drama|Fantasy|Romance|Thriller,1099212,8966.0,6905
64010,"Children, The (2008)",Horror,1172571,16342.0,6906
64030,Transporter 3 (2008),Action|Adventure|Crime|Thriller,1129442,13387.0,6907
64032,Four Christmases (2008),Comedy,0369436,12193.0,6908
64034,"Boy in the Striped Pajamas, The (Boy in the Striped Pyjamas, The) (2008)",Drama|War,0914798,14574.0,6909
64114,Fireproof (2008),Drama|Romance,1129423,14438.0,6910
64116,Igor (2008),Animation|Comedy,0465502,14248.0,6911
64167,Dinotopia (2002),Adventure|Fantasy,0233044,12224.0,6912
64197,Hunger (2008),Drama,0986233,10360.0,6913
64231,Punisher: War Zone (2008),Action|Crime|Drama|Thriller,0450314,13056.0,6914
64249,Shrek the Halls (2007),Adventure|Animation|Comedy|Fantasy,0897387,13394.0,6915
64278,"Pervert's Guide to Cinema, The (2006)",Documentary,0828154,34283.0,6916
64285,Wallace and Gromit in 'A Matter of Loaf and Death' (2008),Animation|Comedy,1118511,14447.0,6917
64497,"Day the Earth Stood Still, The (2008)",Drama|Sci-Fi|Thriller|IMAX,0970416,10200.0,6918
64499,Che: Part One (2008),Drama|War,0892255,8881.0,6919
64501,Che: Part Two (2008),Drama|War,0374569,8880.0,6920
64575,Doubt (2008),Drama|Mystery,0918927,14359.0,6921
64614,Gran Torino (2008),Crime|Drama,1205489,13223.0,6922
64620,Frost/Nixon (2008),Drama,0870111,11499.0,6923
64622,"Reader, The (2008)",Drama|Romance,0976051,8055.0,6924
64695,Sword of the Stranger (Sutorejia: Mukô hadan) (2007),Action|Adventure|Animation,1121794,13980.0,6925
64716,Seven Pounds (2008),Drama,0814314,11321.0,6926
64839,"Wrestler, The (2008)",Drama,1125849,12163.0,6927
64957,"Curious Case of Benjamin Button, The (2008)",Drama|Fantasy|Mystery|Romance,0421715,4922.0,6928
64969,Yes Man (2008),Comedy,1068680,10201.0,6929
64983,Valkyrie (2008),Drama|Thriller|War,0985699,2253.0,6930
64993,5 Centimeters per Second (Byôsoku 5 senchimêtoru) (2007),Animation|Drama|Romance,0983213,38142.0,6931
64997,War of the Worlds (2005),Action|Sci-Fi,0449040,34812.0,6932
65037,Ben X (2007),Drama,0953318,6936.0,6933
65088,Bedtime Stories (2008),Adventure|Children|Comedy,0960731,10202.0,6934
65126,Choke (2008),Comedy|Drama,1024715,13973.0,6935
65130,Revolutionary Road (2008),Drama|Romance,0959337,4148.0,6936
65133,Blackadder Back & Forth (1999),Comedy,0212579,194113.0,6937
65135,Blackadder's Christmas Carol (1988),Comedy,0094754,51247.0,6938
65188,Dear Zachary: A Letter to a Son About His Father (2008),Documentary,1152758,15584.0,6939
65193,Wild Child (2008),Drama|Romance,1024255,13971.0,6940
65216,Defiance (2008),Drama|Thriller|War,1034303,13813.0,6941
65225,Zeitgeist: Addendum (2008),Documentary,1332128,13180.0,6942
65230,Marley & Me (2008),Comedy|Drama,0822832,14306.0,6943
65261,Ponyo (Gake no ue no Ponyo) (2008),Adventure|Animation|Children|Fantasy,0876563,12429.0,6944
65350,"General Died at Dawn, The (1936)",Adventure|Crime|Thriller,0027664,113916.0,6945
65359,Earthsea (Legend of Earthsea) (2004),Adventure|Drama|Fantasy,0407384,9795.0,6946
65514,Ip Man (2008),Action|Drama|War,1220719,14756.0,6947
65577,"Tale of Despereaux, The (2008)",Adventure|Animation|Children|Comedy|Fantasy,0420238,10199.0,6948
65585,Bride Wars (2009),Comedy|Romance,0901476,10521.0,6949
65588,"Gamers, The: Dorkness Rising (2008)",Action|Adventure|Comedy|Fantasy,0447166,26235.0,6950
65596,Mesrine: Killer Instinct (L'instinct de mort) (2008),Action|Crime|Drama|Thriller,1259014,13635.0,6951
65601,My Bloody Valentine 3-D (2009),Horror|Thriller,1179891,14435.0,6952
65631,Battle in Seattle (2007),Action|Drama,0850253,13177.0,6953
65642,"Timecrimes (Cronocrímenes, Los) (2007)",Sci-Fi|Thriller,0480669,14139.0,6954
65651,Fire and Ice (2008),Adventure|Fantasy,1135493,16999.0,6955
65682,Underworld: Rise of the Lycans (2009),Action|Fantasy|Horror|Thriller,0834001,12437.0,6956
65685,Inkheart (2008),Adventure|Fantasy,0494238,2309.0,6957
65738,Revenge of the Nerds III: The Next Generation (1992),Comedy,0105251,18543.0,6958
65740,Revenge of the Nerds IV: Nerds in Love (1994),Comedy|Romance,0110982,21029.0,6959
65802,Paul Blart: Mall Cop (2009),Action|Comedy|Crime,1114740,14560.0,6960
65810,Notorious (2009),Drama|Musical,0472198,14410.0,6961
65882,"Uninvited, The (2009)",Drama|Horror|Mystery|Thriller,0815245,14254.0,6962
65982,Outlander (2008),Action|Adventure|Sci-Fi,0462465,10529.0,6963
66090,Eden Lake (2008),Horror|Thriller,1020530,13510.0,6964
66097,Coraline (2009),Animation|Fantasy|Thriller,0327597,14836.0,6965
66171,Push (2009),Sci-Fi|Thriller,0465580,13455.0,6966
66198,"International, The (2009)",Drama|Thriller,0963178,4959.0,6967
66203,He's Just Not That Into You (2009),Comedy|Drama|Romance,1001508,10184.0,6968
66240,Dead Like Me: Life After Death (2009),Comedy|Fantasy,1079444,14849.0,6969
66297,Futurama: Into the Wild Green Yonder (2009),Action|Animation|Comedy|Sci-Fi,1054487,15060.0,6970
66310,Frontière(s) (2007),Drama|Horror|Thriller,0814685,13492.0,6971
66320,"11th Hour, The (2007)",Documentary,0492931,4832.0,6972
66335,Afro Samurai: Resurrection (2009),Animation,1265998,14711.0,6973
66371,Departures (Okuribito) (2008),Drama,1069238,16804.0,6974
66427,My Name Is Bruce (2007),Comedy|Horror,0489235,1961.0,6975
66509,Funny People (2009),Comedy|Drama,1201167,20829.0,6976
66511,Berlin Calling (2008),Comedy|Drama,1213019,30508.0,6977
66544,Nuremberg (2000),Drama|War,0208629,18884.0,6978
66665,Away We Go (2009),Comedy|Drama|Romance,1176740,19255.0,6979
66744,"Divo, Il (2008)",Drama,1023490,8832.0,6980
66783,Friday the 13th (2009),Horror,0758746,13207.0,6981
66785,"Good, the Bad, the Weird, The (Joheunnom nabbeunnom isanghannom) (2008)",Action|Adventure|Comedy|Western,0901487,15067.0,6982
66798,"Pink Panther 2, The (2009)",Adventure|Comedy|Mystery,0838232,15159.0,6983
66915,Rock-A-Doodle (1991),Adventure|Animation|Children|Musical,0102802,20421.0,6984
66934,Dr. Horrible's Sing-Along Blog (2008),Comedy|Drama|Musical|Sci-Fi,1227926,14301.0,6985
66943,"Cottage, The (2008)",Comedy|Crime|Horror|Thriller,0465430,13849.0,6986
67087,"I Love You, Man (2009)",Comedy,1155056,16538.0,6987
67168,Dance of the Dead (2008),Adventure|Comedy|Horror,0926063,13094.0,6988
67186,"Haunting in Connecticut, The (2009)",Horror|Thriller,0492044,18781.0,6989
67193,Duplicity (2009),Crime|Romance|Thriller,1135487,16558.0,6990
67197,Knowing (2009),Action|Drama|Mystery|Sci-Fi|Thriller,0448011,13811.0,6991
67255,"Girl with the Dragon Tattoo, The (Män som hatar kvinnor) (2009)",Crime|Drama|Mystery|Thriller,1132620,15472.0,6992
67267,Sunshine Cleaning (2008),Comedy|Drama,0862846,13090.0,6993
67295,Kung Fu Panda: Secrets of the Furious Five (2008),Action|Animation|Children|Comedy,1287845,15854.0,6994
67361,Echelon Conspiracy (2009),Action|Mystery|Thriller,1124039,16325.0,6995
67408,Monsters vs. Aliens (2009),Animation|Sci-Fi|IMAX,0892782,15512.0,6996
67508,"Baader Meinhof Komplex, Der (2008)",Action|Crime|Drama|Thriller,0765432,6968.0,6997
67534,Big Stan (2007),Comedy,0490086,13161.0,6998
67618,Strictly Sexual (2008),Comedy|Drama|Romance,0494277,13808.0,6999
67665,Anvil! The Story of Anvil (2008),Documentary|Musical,1157605,18094.0,7000
67695,Observe and Report (2009),Action|Comedy,1197628,16991.0,7001
67734,Adventureland (2009),Comedy|Drama,1091722,16614.0,7002
67788,Confessions of a Shopaholic (2009),Comedy|Romance,1093908,20048.0,7003
67799,The Butterfly Effect 3: Revelations (2009),Drama|Fantasy|Sci-Fi|Thriller,1234541,16258.0,7004
67888,Man on the Flying Trapeze (1935),Comedy,0026676,55773.0,7005
67923,"Fast & Furious (Fast and the Furious 4, The) (2009)",Action|Crime|Drama|Thriller,1013752,13804.0,7006
67997,In the Loop (2009),Comedy,1226774,19833.0,7007
68073,Pirate Radio (2009),Comedy|Drama,1131729,18947.0,7008
68135,17 Again (2009),Comedy|Drama,0974661,16996.0,7009
68157,Inglourious Basterds (2009),Action|Drama|War,0361748,16869.0,7010
68159,State of Play (2009),Crime|Drama|Thriller,0473705,16995.0,7011
68194,"Damned United, The (2009)",Drama,1226271,21641.0,7012
68205,Crank: High Voltage (2009),Action|Comedy|Crime,1121931,15092.0,7013
68237,Moon (2009),Drama|Mystery|Sci-Fi|Thriller,1182345,17431.0,7014
68269,"Young Victoria, The (2009)",Drama|Romance,0962736,18320.0,7015
68319,X-Men Origins: Wolverine (2009),Action|Sci-Fi|Thriller,0458525,2080.0,7016
68347,Sin Nombre (2009),Crime|Drama|Thriller,1127715,21191.0,7017
68358,Star Trek (2009),Action|Adventure|Sci-Fi|IMAX,0796366,13475.0,7018
68444,"Great Buck Howard, The (2008)",Comedy,0460810,16279.0,7019
68480,Flatfoot on the Nile (Piedone d'Egitto) (1980),Action|Comedy|Crime,0079718,11160.0,7020
68486,Red Cliff Part II (Chi Bi Xia: Jue Zhan Tian Xia) (2009),Action|Drama|War,1326972,15384.0,7021
68522,Earth (2007),Documentary,0393597,10946.0,7022
68536,Stanley Kubrick: A Life in Pictures (2001),Documentary,0278736,30416.0,7023
68552,Crossing Over (2009),Drama,0924129,15577.0,7024
68554,Angels & Demons (2009),Crime|Drama|Mystery|Thriller,0808151,13448.0,7025
68597,Scorpio (1973),Action|Drama|Thriller,0070653,42738.0,7026
68600,Balls Out: Gary the Tennis Coach (2009),Comedy,0787470,14141.0,7027
68650,Powder Blue (2009),Drama,1032819,17740.0,7028
68659,Fanboys (2009),Adventure|Comedy|Drama,0489049,13532.0,7029
68791,Terminator Salvation (2009),Action|Adventure|Sci-Fi|Thriller,0438488,534.0,7030
68793,Night at the Museum: Battle of the Smithsonian (2009),Action|Comedy|IMAX,1078912,18360.0,7031
68835,Were the World Mine (2008),Adventure|Fantasy|Musical|Romance,0476991,19375.0,7032
68848,"Brothers Bloom, The (2008)",Adventure|Comedy|Crime|Romance,0844286,21755.0,7033
68872,Paisan (Paisà) (1946),Drama|War,0038823,8429.0,7034
68886,I Do: How to Get Married and Stay Single (Prête-moi ta main) (2006),Comedy|Romance,0478724,19955.0,7035
68932,"Soloist, The (2009)",Drama|Musical,0821642,17332.0,7036
68945,Neon Genesis Evangelion: Death & Rebirth (Shin seiki Evangelion Gekijô-ban: Shito shinsei) (1997),Action|Animation|Mystery|Sci-Fi,0169880,21832.0,7037
68952,Drag Me to Hell (2009),Comedy|Horror,1127180,16871.0,7038
68954,Up (2009),Adventure|Animation|Children|Drama,1049413,14160.0,7039
68959,Fullmetal Alchemist the Movie: Conqueror of Shamballa (Gekijô-ban hagane no renkinjutsushi: Shanbara wo yuku mono) (2005),Action|Adventure|Animation|Drama,0485323,14003.0,7040
69069,Fired Up (2009),Comedy,1083456,17927.0,7041
69118,In the Electric Mist (2009),Drama|Mystery,0910905,13975.0,7042
69122,"Hangover, The (2009)",Comedy|Crime,1119646,18785.0,7043
69131,Killshot (2008),Action|Crime|Drama|Thriller,0443559,16164.0,7044
69134,Antichrist (2009),Drama|Fantasy,0870984,17609.0,7045
69140,Sweeney Todd (2006),Crime|Drama|Horror|Thriller,0479760,37924.0,7046
69211,Boy Eats Girl (2005),Comedy|Horror,0415679,27134.0,7047
69224,Marius and Jeanette (Marius et Jeannette) (1997),Comedy|Drama|Romance,0119620,64968.0,7048
69227,Ernest Rides Again (1993),Children|Comedy,0106827,34300.0,7049
69251,Special (2006),Drama|Fantasy,0479162,13856.0,7050
69275,Dead Snow (Død snø) (2009),Action|Adventure|Comedy|Horror,1278340,14451.0,7051
69278,Land of the Lost (2009),Action|Adventure|Comedy|Sci-Fi,0457400,18162.0,7052
69304,Imagine That (2009),Comedy|Drama|Fantasy,0780567,19724.0,7053
69306,"Taking of Pelham 1 2 3, The (2009)",Crime|Drama|Thriller,1111422,18487.0,7054
69394,"Stoning of Soraya M., The (2008)",Crime|Drama,1277737,33409.0,7055
69406,"Proposal, The (2009)",Comedy|Romance,1041829,18240.0,7056
69436,Year One (2009),Adventure|Comedy,1045778,17610.0,7057
69453,"Land That Time Forgot, The (1975)",Adventure|Sci-Fi,0073260,27085.0,7058
69469,Garfield's Pet Force (2009),Animation,1389762,19508.0,7059
69481,"Hurt Locker, The (2008)",Action|Drama|Thriller|War,0887912,12162.0,7060
69495,Breakfast with Scot (2007),Drama|Romance,0910847,16240.0,7061
69516,"Limits of Control, The (2009)",Crime|Drama|Film-Noir,1135092,8284.0,7062
69524,Raiders of the Lost Ark: The Adaptation (1989),Action|Adventure|Thriller,0772251,62128.0,7063
69526,Transformers: Revenge of the Fallen (2009),Action|Adventure|Sci-Fi|IMAX,1055369,8373.0,7064
69529,Home (2009),Documentary,1014762,62320.0,7065
69604,Whatever Works (2009),Comedy|Romance,1178663,19265.0,7066
69606,Ghosts of Girlfriends Past (2009),Comedy|Fantasy|Romance,0821640,12556.0,7067
69640,Public Enemies (2009),Crime|Drama|Thriller,1152836,11322.0,7068
69644,Ice Age: Dawn of the Dinosaurs (2009),Action|Adventure|Animation|Children|Comedy|Romance,1080016,8355.0,7069
69654,Prison Break: The Final Break (2009),Action|Drama|Thriller,1131748,176241.0,7070
69685,Daria: Is It College Yet? (2002),Animation|Comedy,0285627,24232.0,7071
69712,My Sister's Keeper (2009),Drama,1078588,10024.0,7072
69720,Hood of Horror (2006),Comedy|Drama|Horror,0475298,15423.0,7073
69746,Watchmen: Tales of the Black Freighter (2009),Action|Adventure|Animation|Horror,1295071,16440.0,7074
69757,(500) Days of Summer (2009),Comedy|Drama|Romance,1022603,19913.0,7075
69784,Brüno (Bruno) (2009),Comedy,0889583,18480.0,7076
69805,"Librarian, The: The Curse of the Judas Chalice (2008)",Action|Adventure|Fantasy,1146438,14728.0,7077
69844,Harry Potter and the Half-Blood Prince (2009),Adventure|Fantasy|Mystery|Romance|IMAX,0417741,767.0,7078
69849,Roots (1977),Drama|War,0075572,67479.0,7079
69860,Eichmann (2007),Drama|War,0901481,14687.0,7080
69904,Open Water 2: Adrift (2006),Drama|Thriller,0470055,9592.0,7081
69951,"Imaginarium of Doctor Parnassus, The (2009)",Drama|Fantasy,1054606,8054.0,7082
69953,9to5: Days in Porn (a.k.a. 9 to 5: Days in Porn) (2008),Documentary,1278293,19929.0,7083
69988,Humpday (2009),Comedy,1334537,23720.0,7084
70015,Polytechnique (2009),Crime|Drama,1194238,22302.0,7085
70159,Orphan (2009),Drama|Horror|Mystery|Thriller,1148204,21208.0,7086
70183,"Ugly Truth, The (2009)",Comedy|Drama|Romance,1142988,20943.0,7087
70206,"Collector, The (2009)",Crime|Horror|Thriller,0844479,21407.0,7088
70208,"Perfect Getaway, A (2009)",Horror|Thriller,0971209,12403.0,7089
70286,District 9 (2009),Mystery|Sci-Fi|Thriller,1136608,17654.0,7090
70293,Julie & Julia (2009),Comedy|Drama|Romance,1135503,24803.0,7091
70301,Obsessed (2009),Crime|Drama|Thriller,1198138,17335.0,7092
70305,Race to Witch Mountain (2009),Adventure|Children|Fantasy|Sci-Fi|Thriller,1075417,13836.0,7093
70334,Hannah Montana: The Movie (2009),Comedy|Drama|Musical|Romance,1114677,18126.0,7094
70336,G.I. Joe: The Rise of Cobra (2009),Action|Adventure|Sci-Fi|Thriller,1046173,14869.0,7095
70361,12 Rounds (2009),Action|Thriller,1160368,17134.0,7096
70451,Max Manus (2008),Action|Drama|War,1029235,13752.0,7097
70492,Winds of the Wasteland (1936),Western,0028510,40743.0,7098
70521,Lost in Austen (2008),Drama|Fantasy|Romance|Sci-Fi,1117666,19422.0,7099
70533,Evangelion: 1.0 You Are (Not) Alone (Evangerion shin gekijôban: Jo) (2007),Action|Animation|Sci-Fi,0923811,15137.0,7100
70545,"Deal, The (2008)",Comedy,0848281,11115.0,7101
70565,"Goods: Live Hard, Sell Hard, The (2009)",Comedy,1092633,19905.0,7102
70599,"Time Traveler's Wife, The (2009)",Drama|Romance|Sci-Fi,0452694,24420.0,7103
70637,I Can't Think Straight (2007),Drama|Romance,0830570,31216.0,7104
70641,Miss March (2009),Comedy,1151922,19556.0,7105
70663,"I Love You, Beth Cooper (2009)",Comedy|Romance,1032815,19840.0,7106
70687,Paper Heart (2009),Comedy|Documentary|Drama|Romance,1331064,25183.0,7107
70697,G-Force (2009),Action|Adventure|Children|Fantasy,0436339,19585.0,7108
70703,Christopher Columbus: The Discovery (1992),Adventure,0103962,41682.0,7109
70708,Tetro (2009),Drama|Mystery,0964185,11928.0,7110
70728,Bronson (2009),Action|Comedy|Drama|Thriller,1172570,18533.0,7111
70862,It Might Get Loud (2008),Documentary,1229360,22492.0,7112
70932,My Life in Ruins (2009),Comedy,0865559,23049.0,7113
70946,Troll 2 (1990),Fantasy|Horror,0105643,26914.0,7114
70984,Taking Woodstock (2009),Comedy,1127896,26320.0,7115
70990,If These Walls Could Talk (1996),Drama,0116607,35203.0,7116
70994,Halloween II (2009),Horror|Thriller,1311067,24150.0,7117
71033,"Secret in Their Eyes, The (El secreto de sus ojos) (2009)",Crime|Drama|Mystery|Romance|Thriller,1305806,25376.0,7118
71057,9 (2009),Adventure|Animation|Sci-Fi,0472033,12244.0,7119
71106,Frequently Asked Questions About Time Travel (2009),Comedy|Sci-Fi,0910554,22494.0,7120
71108,"White Ribbon, The (Das weiße Band) (2009)",Drama|Mystery,1149362,37903.0,7121
71129,Green Lantern: First Flight (2009),Action|Adventure|Animation|Fantasy|Sci-Fi,1384590,17445.0,7122
71131,"Most Hated Family in America, The (2007)",Documentary,1000764,63581.0,7123
71135,Pandorum (2009),Horror|Sci-Fi|Thriller,1188729,19898.0,7124
71147,Death of a Cyclist (Muerte de un ciclista) (1955),Drama,0048394,72083.0,7125
71156,"Men Who Stare at Goats, The (2009)",Action|Comedy|Drama,1234548,10313.0,7126
71160,"Hunt For Gollum, The (2009)",Action|Adventure|Fantasy,1323925,17632.0,7127
71205,Jennifer's Body (2009),Comedy|Horror|Sci-Fi|Thriller,1131734,19994.0,7128
71211,"Informant!, The (2009)",Comedy|Crime|Drama|Thriller,1130080,11323.0,7129
71248,Extract (2009),Comedy,1225822,12569.0,7130
71252,"Final Destination, The (Final Destination 4) (Final Destination in 3-D, The) (2009)",Horror|Thriller,1144884,19912.0,7131
71254,Gamer (2009),Action|Sci-Fi|Thriller,1034032,18501.0,7132
71264,Cloudy with a Chance of Meatballs (2009),Animation|Children|Fantasy|IMAX,0844471,22794.0,7133
71268,Tyler Perry's I Can Do Bad All by Myself (2009),Comedy|Drama,1385912,26367.0,7134
71282,"Food, Inc. (2008)",Documentary,1286537,18570.0,7135
71302,Attack of the 50 Foot Woman (1958),Comedy|Sci-Fi,0051380,18724.0,7136
71304,Thirst (Bakjwi) (2009),Drama|Horror,0762073,22536.0,7137
71327,Bright Star (2009),Drama|Romance,0810784,29963.0,7138
71341,Blood Creek (a.k.a. Town Creek) (2009),Horror,0450336,30685.0,7139
71379,Paranormal Activity (2009),Horror|Thriller,1179904,23827.0,7140
71429,World's Greatest Dad (2009),Comedy|Drama,1262981,20178.0,7141
71438,Still Walking (Aruitemo aruitemo) (2008),Drama,1087578,25050.0,7142
71453,"Blood of the Beasts (Sang des bêtes, Le) (1949)",Documentary|Drama,0041842,91262.0,7143
71462,"Cove, The (2009)",Documentary,1313104,23128.0,7144
71464,"Serious Man, A (2009)",Comedy|Drama,1019452,12573.0,7145
71466,City Island (2009),Comedy|Drama,1174730,28053.0,7146
71468,Ink (2009),Action|Fantasy|Sci-Fi,1071804,24869.0,7147
71484,Metropia (2009),Animation|Sci-Fi,0985058,36800.0,7148
71494,"Haunted World of El Superbeasto, The (2009)",Action|Animation|Comedy|Horror|Thriller,0419724,23127.0,7149
71500,Trick 'r Treat (2007),Comedy|Horror|Thriller,0862856,23202.0,7150
71518,Whip It (2009),Comedy|Drama,1172233,22798.0,7151
71520,"Invention of Lying, The (2009)",Comedy,1058017,23082.0,7152
71530,Surrogates (2009),Action|Sci-Fi|Thriller,0986263,19959.0,7153
71535,Zombieland (2009),Action|Comedy|Horror,1156398,19908.0,7154
71550,Assassination of a High School President (2008),Comedy|Drama|Mystery,1018818,18176.0,7155
71579,"Education, An (2009)",Drama|Romance,1174732,24684.0,7156
71619,Coco Before Chanel (Coco avant Chanel) (2009),Drama,1035736,11156.0,7157
71640,Burma VJ: Reporting from a Closed Country (Burma VJ: Reporter i et lukket land) (2008),Documentary,1333634,26763.0,7158
71668,Couples Retreat (2009),Comedy|Romance,1078940,19899.0,7159
71732,I Sell the Dead (2008),Comedy|Horror,0902290,21910.0,7160
71745,Where the Wild Things Are (2009),Adventure|Children|Drama|Fantasy|IMAX,0386117,16523.0,7161
71810,Legionnaire (1998),Action|Adventure|Drama|War,0126388,3513.0,7162
71823,"New York, I Love You (2009)",Drama|Romance,0808399,12572.0,7163
71838,Law Abiding Citizen (2009),Drama|Thriller,1197624,22803.0,7164
71867,"Misfortunates, The (De helaasheid der dingen) (2009)",Drama,1075110,33806.0,7165
71899,Mary and Max (2009),Animation|Comedy|Drama,0978762,24238.0,7166
71902,Spread (2009),Drama|Romance,1186370,19918.0,7167
71910,"Tournament, The (2009)",Action,0471041,24056.0,7168
71970,"Princess and the Pirate, The (1944)",Adventure|Comedy|Romance,0037193,30506.0,7169
71999,Aelita: The Queen of Mars (Aelita) (1924),Action|Adventure|Drama|Fantasy|Romance|Sci-Fi|Thriller,0014646,2973.0,7170
72011,Up in the Air (2009),Drama|Romance,1193138,22947.0,7171
72104,Balance (1989),Animation|Drama|Mystery|Sci-Fi|Thriller,0096880,44338.0,7172
72129,Saw VI (2009),Crime|Horror|Mystery|Thriller,1233227,22804.0,7173
72142,Love Exposure (Ai No Mukidashi) (2008),Action|Comedy|Drama|Romance,1128075,28422.0,7174
72165,Cirque du Freak: The Vampire's Assistant (2009),Action|Adventure|Comedy|Fantasy|Horror|Thriller,0450405,24418.0,7175
72167,"Boondock Saints II: All Saints Day, The (2009)",Action|Crime|Drama|Thriller,1300851,22821.0,7176
72171,Black Dynamite (2009),Action|Comedy,1190536,24804.0,7177
72178,Welcome to Dongmakgol (2005),Comedy|Drama|War,0475783,14968.0,7178
72224,Gentlemen Broncos (2009),Comedy,1161418,22820.0,7179
72226,Fantastic Mr. Fox (2009),Adventure|Animation|Children|Comedy|Crime,0432283,10315.0,7180
72294,"Christmas Carol, A (2009)",Animation|Children|Drama|Fantasy|IMAX,1067106,17979.0,7181
72308,Battlestar Galactica: The Plan (2009),Action|Adventure|Drama|Sci-Fi,1286130,105077.0,7182
72330,"Private Lives of Pippa Lee, The (2009)",Drama,1134629,4475.0,7183
72356,Partly Cloudy (2009),Animation|Children|Comedy|Fantasy,1425244,24480.0,7184
72378,2012 (2009),Action|Drama|Sci-Fi|Thriller,1190080,14161.0,7185
72395,Precious (2009),Drama,0929632,25793.0,7186
72405,Bad Lieutenant: Port of Call New Orleans (2009),Crime|Drama,1095217,11699.0,7187
72407,"Twilight Saga: New Moon, The (2009)",Drama|Fantasy|Horror|Romance|Thriller,1259571,18239.0,7188
72424,Derailed (2002),Action|Thriller,0298296,17774.0,7189
72479,"Messenger, The (2009)",Drama|Romance|War,0790712,28089.0,7190
72489,Ninja Assassin (2009),Action|Crime|Drama|Thriller,1186367,22832.0,7191
72554,Cell 211 (Celda 211) (2009),Action|Drama,1242422,33273.0,7192
72591,"Patriot, The (1998)",Action|Thriller,0120786,6058.0,7193
72601,Teenage Mutant Ninja Turtles: Turtles Forever (2009),Action|Adventure|Animation|Comedy|Thriller,1543920,34003.0,7194
72603,Merry Madagascar (2009),Animation,1526300,25472.0,7195
72605,Brothers (2009),Drama|Thriller|War,0765010,7445.0,7196
72624,Garage (2007),Drama,0878674,18595.0,7197
72641,"Blind Side, The  (2009)",Drama,0878804,22881.0,7198
72692,Mickey's Once Upon a Christmas (1999),Animation|Comedy|Fantasy,0238414,15400.0,7199
72694,Shrink (2009),Drama,1247692,22640.0,7200
72696,Old Dogs (2009),Comedy,0976238,22949.0,7201
72701,Planet 51 (2009),Adventure|Animation|Children|Comedy|Sci-Fi,0762125,16866.0,7202
72714,Earthlings (2006),Documentary,0358456,30238.0,7203
72720,"Single Man, A (2009)",Drama,1315981,34653.0,7204
72731,"Lovely Bones, The (2009)",Crime|Drama|Fantasy|Horror|Thriller,0380510,7980.0,7205
72733,Invictus (2009),Drama,1057500,22954.0,7206
72737,"Princess and the Frog, The (2009)",Animation|Children|Fantasy|Musical|Romance,0780521,10198.0,7207
72874,"Peacekeeper, The (1997)",Action,0119872,27719.0,7208
72919,Did You Hear About the Morgans? (2009),Comedy|Crime|Drama|Romance,1314228,24438.0,7209
72921,Snow White (1916),Fantasy|Romance,0007361,174598.0,7210
72982,Alice (2009),Action|Adventure|Fantasy,1461312,61872.0,7211
72998,Avatar (2009),Action|Adventure|Sci-Fi|IMAX,0499549,19995.0,7212
73015,It's Complicated (2009),Comedy|Romance,1230414,22897.0,7213
73017,Sherlock Holmes (2009),Action|Crime|Mystery|Thriller,0988045,10528.0,7214
73023,Crazy Heart (2009),Drama|Romance,1263670,25196.0,7215
73042,Alvin and the Chipmunks: The Squeakquel (2009),Animation|Children|Comedy|Musical,1231580,23398.0,7216
73106,American Pie Presents: The Book of Love (American Pie 7: The Book of Love) (2009),Comedy,1407050,26123.0,7217
73160,Sorority Babes in the Slimeball Bowl-O-Rama (1988),Comedy|Horror,0096142,27390.0,7218
73211,Pontypool (2008),Horror|Thriller,1226681,23963.0,7219
73266,Youth in Revolt (2009),Comedy|Drama|Romance,0403702,22327.0,7220
73268,Daybreakers (2010),Action|Drama|Horror|Thriller,0433362,19901.0,7221
73290,Hachiko: A Dog's Story (a.k.a. Hachi: A Dog's Tale) (2009),Drama,1028532,28178.0,7222
73319,Leap Year (2010),Comedy|Romance,1216492,25195.0,7223
73321,"Book of Eli, The (2010)",Action|Adventure|Drama,1037705,20504.0,7224
73323,"Girl Who Kicked the Hornet's Nest, The (Luftslottet som sprängdes) (2009)",Action|Crime|Mystery,1343097,33613.0,7225
73344,"Prophet, A (Un Prophète) (2009)",Crime|Drama,1235166,21575.0,7226
73386,Staten Island (2009),Crime|Drama,0976246,25927.0,7227
73431,"Maiden Heist, The (2009)",Comedy|Crime,1107860,24271.0,7228
73488,Blood: The Last Vampire (2009),Action|Horror|Thriller,0806027,1450.0,7229
73499,MacGyver: Lost Treasure of Atlantis (1994),Action|Adventure,0110419,81895.0,7230
73501,Pekka ja Pätkä Suezilla (1958),Comedy,0049607,148435.0,7231
73515,Bart Got a Room (2008),Comedy|Romance,0472050,20107.0,7232
73569,Project A 2 ('A' gai wak juk jap) (1987),Action|Comedy|Crime,0092501,21521.0,7233
73676,Robin-B-Hood (Bo bui gai wak) (2006),Action|Comedy|Drama,0485976,25676.0,7234
73681,"Concert, Le (2009)",Comedy|Drama,1320082,25205.0,7235
73741,Ninja (2009),Action|Crime|Drama|Thriller,1182921,25602.0,7236
73804,Asterix at the Olympic Games (Astérix aux jeux olympiques) (2008),Adventure|Children|Comedy|Fantasy,0463872,2395.0,7237
73808,"Chaser, The (Chugyeogja) (2008)",Crime|Drama|Thriller,1190539,13855.0,7238
73822,Meantime (1984),Comedy|Drama,0082727,57978.0,7239
73854,"Rudolph, the Red-Nosed Reindeer (1964)",Adventure|Animation|Children|Fantasy|Musical,0058536,13382.0,7240
73858,"Dennis the Menace Christmas, A (2007)",Comedy,0918511,13358.0,7241
73876,Undisputed II: Last Man Standing (2006),Action|Crime|Drama,0443676,15255.0,7242
73881,3 Idiots (2009),Comedy|Drama|Romance,1187043,20453.0,7243
73929,Legion (2010),Action|Fantasy|Horror|Thriller,1038686,22894.0,7244
74075,Stan Helsing (2009),Comedy|Horror,1185266,23988.0,7245
74089,Peter Pan (1960),Children|Fantasy|Musical,0054176,51120.0,7246
74095,Wicked City (Yôjû toshi) (1987),Animation|Fantasy|Horror|Sci-Fi,0098692,21453.0,7247
74154,When in Rome (2010),Comedy|Romance,1185416,13477.0,7248
74226,"Dream of Light (a.k.a. Quince Tree Sun, The) (Sol del membrillo, El) (1992)",Documentary|Drama,0105438,94706.0,7249
74228,Triangle (2009),Drama|Horror|Mystery|Thriller,1187064,26466.0,7250
74275,I Love You Phillip Morris (2009),Comedy|Drama|Romance,1045772,8952.0,7251
74282,Anne of Green Gables: The Sequel (a.k.a. Anne of Avonlea) (1987),Children|Drama|Romance,0092571,40724.0,7252
74324,Temple Grandin (2010),Drama,1278469,33602.0,7253
74342,"Captain Newman, M.D. (1963)",Comedy|Drama|War,0056903,33728.0,7254
74370,"House of the Devil, The (2009)",Horror|Thriller,1172994,25983.0,7255
74450,Valentine's Day (2010),Comedy|Romance,0817230,32856.0,7256
74452,"Wolfman, The (2010)",Horror|Thriller,0780653,7978.0,7257
74458,Shutter Island (2010),Drama|Mystery|Thriller,1130884,11324.0,7258
74508,Persuasion (2007),Drama|Romance,0844330,13949.0,7259
74510,"Girl Who Played with Fire, The (Flickan som lekte med elden) (2009)",Action|Crime|Drama|Mystery|Thriller,1216487,24253.0,7260
74530,Percy Jackson & the Olympians: The Lightning Thief (2010),Adventure|Fantasy,0814255,32657.0,7261
74532,Cop Out (2010),Action|Comedy|Crime,1385867,23742.0,7262
74545,"Ghost Writer, The (2010)",Drama|Mystery|Thriller,1139328,11439.0,7263
74553,"Secret of Kells, The (2009)",Animation|Fantasy,0485601,26963.0,7264
74580,"Spy Next Door, The (2010)",Action|Children|Comedy,1273678,23172.0,7265
74624,Agora (2009),Adventure|Drama|Romance,1186830,26428.0,7266
74647,Motherhood (2009),Comedy,1220220,22805.0,7267
74668,District 13: Ultimatum (Banlieue 13 - Ultimatum) (2009),Action|Sci-Fi,1247640,15357.0,7268
74677,"Yes Men Fix the World, The (2009)",Documentary,1352852,18489.0,7269
74683,Mike Bassett: England Manager (2001),Comedy,0282744,19962.0,7270
74685,"Crazies, The (2010)",Action|Drama|Horror|Sci-Fi|Thriller,0455407,29427.0,7271
74688,Dear John (2010),Drama|Romance|War,0989757,22971.0,7272
74696,Last Train Home (2009),Documentary|Drama,1512201,45576.0,7273
74698,Tooth Fairy (2010),Comedy|Fantasy,0808510,23023.0,7274
74727,Gentlemen of Fortune (Dzhentlmeny udachi) (1972),Comedy|Crime|Drama|Mystery,0068519,20871.0,7275
74750,[REC]² (2009),Horror|Thriller,1245112,10664.0,7276
74754,"Room, The (2003)",Comedy|Drama|Romance,0368226,17473.0,7277
74789,Alice in Wonderland (2010),Adventure|Fantasy|IMAX,1014759,12155.0,7278
74791,"Town Called Panic, A (Panique au village) (2009)",Animation,1433540,40623.0,7279
74795,Green Zone (2010),Action|Drama|Thriller|War,0947810,22972.0,7280
74851,From Paris with Love (2010),Action|Crime,1179034,26389.0,7281
74868,Dorian Gray (2009),Drama|Horror|Sci-Fi,1235124,23488.0,7282
74916,Greenberg (2010),Comedy|Drama,1234654,27583.0,7283
74946,She's Out of My League (2010),Comedy,0815236,34016.0,7284
74948,Harry Brown (2009),Crime|Drama|Thriller,1289406,25941.0,7285
75341,Remember Me (2010),Drama|Romance,1403981,23169.0,7286
75389,"Burrowers, The (2008)",Horror|Thriller|Western,0445939,15846.0,7287
75395,Frozen (2010),Drama|Horror|Thriller,1323045,44363.0,7288
75416,Generation X (1996),Action|Adventure|Sci-Fi,0116401,26623.0,7289
75446,Little Ashes (2008),Drama,1104083,31299.0,7290
75803,Our Family Wedding (2010),Comedy,1305583,34563.0,7291
75805,"Bounty Hunter, The (2010)",Action|Comedy|Romance,1038919,27573.0,7292
75813,Leaves of Grass (2009),Comedy|Crime|Drama|Thriller,1151359,12834.0,7293
75816,Women in Trouble (2009),Comedy,1247704,31723.0,7294
75947,Mondo Cane (1962),Documentary,0057318,32688.0,7295
75985,Repo Men (2010),Action|Sci-Fi|Thriller,1053424,31867.0,7296
76030,Case 39 (2009),Horror|Thriller,0795351,28355.0,7297
76054,Oceans (Océans) (2009),Documentary|Drama,0765128,36970.0,7298
76060,"Slammin' Salmon, The (2009)",Comedy,1135525,34423.0,7299
76077,Hot Tub Time Machine (2010),Comedy|Sci-Fi,1231587,23048.0,7300
76091,Mother (Madeo) (2009),Crime|Drama|Mystery|Thriller,1216496,30018.0,7301
76093,How to Train Your Dragon (2010),Adventure|Animation|Children|Fantasy|IMAX,0892769,10191.0,7302
76143,"Bone Man, The (Der Knochenmann) (2009)",Crime|Thriller,1181927,21467.0,7303
76173,Micmacs (Micmacs à tire-larigot) (2009),Comedy|Crime,1149361,27936.0,7304
76175,Clash of the Titans (2010),Action|Adventure|Drama|Fantasy,0800320,18823.0,7305
76251,Kick-Ass (2010),Action|Comedy,1250777,23483.0,7306
76293,Date Night (2010),Action|Comedy|Romance,1279935,35056.0,7307
76301,"Emperor's New Groove 2: Kronk's New Groove, The (2005)",Animation|Children|Comedy|Romance,0401398,13417.0,7308
76738,Steam of Life (Miesten vuoro) (2010),Documentary,1583323,52903.0,7309
76743,Mortadelo & Filemon: The Big Adventure (La gran aventura de Mortadelo y Filemón) (2003),Action|Adventure|Comedy,0314121,8980.0,7310
76751,American Drug War: The Last White Hope (2007),Crime|Documentary,1033467,25572.0,7311
76763,"Runaways, The (2010)",Drama|Musical,1017451,27586.0,7312
77177,Wild China (2008),Documentary,0884762,141714.0,7313
77191,Death at a Funeral (2010),Comedy,1321509,34803.0,7314
77201,Valhalla Rising (2009),Action|Drama|War,0862467,37861.0,7315
77206,Diary of a Wimpy Kid (2010),Children|Comedy,1196141,33217.0,7316
77233,"Union: The Business Behind Getting High, The (2007)",Comedy|Documentary,1039647,36443.0,7317
77266,Disgrace (2008),Drama,0445953,12411.0,7318
77364,"Losers, The (2010)",Action|Adventure|Drama|Mystery|Thriller,0480255,34813.0,7319
77414,"Last Song, The (2010)",Drama|Romance,1294226,35690.0,7320
77421,Cyrus (2010),Comedy|Drama|Romance,1336617,39053.0,7321
77427,"Human Centipede, The (First Sequence) (2009)",Horror,1467304,37169.0,7322
77455,Exit Through the Gift Shop (2010),Comedy|Documentary,1587707,39452.0,7323
77561,Iron Man 2 (2010),Action|Adventure|Sci-Fi|Thriller|IMAX,1228705,10138.0,7324
77667,MacGruber (2010),Action|Comedy,1470023,37931.0,7325
77688,Three Men and a Cradle (3 hommes et un couffin) (1985),Comedy,0090206,4180.0,7326
77709,"Sky Crawlers, The (Sukai kurora) (2008)",Adventure|Animation|Drama,1056437,15877.0,7327
77795,Cargo (2009),Sci-Fi,0381940,34069.0,7328
77798,"Nightmare on Elm Street, A (2010)",Fantasy|Horror|Thriller,1179056,23437.0,7329
77800,Four Lions (2010),Comedy|Drama,1341167,37495.0,7330
77841,St Trinian's 2: The Legend of Fritton's Gold (2009),Adventure|Comedy,1210106,37565.0,7331
77846,12 Angry Men (1997),Crime|Drama,0118528,12219.0,7332
77866,Robin Hood (2010),Action|Adventure|Drama|Romance|War,0955308,20662.0,7333
77881,Lovers & Leavers (Kuutamolla) (2002),Drama|Romance,0307076,21245.0,7334
77893,Merantau (2009),Action|Drama,1368116,34626.0,7335
77931,Stingray Sam (2009),Comedy|Musical|Sci-Fi|Western,1355599,37511.0,7336
78034,Cemetery Junction (2010),Comedy|Drama|Romance,1196204,36801.0,7337
78039,Blue Valentine (2010),Drama|Romance,1120985,46705.0,7338
78041,Killers (2010),Action|Comedy,1103153,37821.0,7339
78088,Buried (2010),Mystery|Thriller,1462758,26388.0,7340
78103,Shake Hands with the Devil (2007),Drama|War,0472562,30527.0,7341
78105,Prince of Persia: The Sands of Time (2010),Action|Adventure|Fantasy|Romance|IMAX,0473075,9543.0,7342
78116,Please Give (2010),Comedy|Drama,0878835,40247.0,7343
78142,Baarìa (2009),Comedy|Drama|War,1081935,25846.0,7344
78160,Ricky Gervais Live: Animals (2003),Comedy,0397612,198306.0,7345
78174,Sex and the City 2 (2010),Comedy|Drama|Romance,1261945,37786.0,7346
78209,Get Him to the Greek (2010),Comedy,1226229,32823.0,7347
78218,Unthinkable (2010),Drama|Thriller,0914863,38199.0,7348
78264,"Back-up Plan, The (2010)",Comedy|Romance,1212436,34806.0,7349
78266,Splice (2009),Horror|Sci-Fi|Thriller,1017460,37707.0,7350
78316,Letters to Juliet (2010),Drama|Romance,0892318,37056.0,7351
78349,Exam (2009),Mystery|Thriller,1258197,29917.0,7352
78467,Jonah Hex (2010),Action|Drama|Thriller|Western,1075747,20533.0,7353
78469,"A-Team, The (2010)",Action|Comedy|Thriller,0429493,34544.0,7354
78499,Toy Story 3 (2010),Adventure|Animation|Children|Comedy|Fantasy|IMAX,0435761,10193.0,7355
78544,Ricky Gervais Live 3: Fame (2007),Comedy,0993779,198308.0,7356
78574,Winter's Bone (2010),Drama|Thriller,1399683,39013.0,7357
78620,"Scalphunters, The (1968)",Comedy|Western,0063557,32068.0,7358
78626,Barking Dogs Never Bite (Flandersui gae) (2000),Comedy|Horror,0269743,21531.0,7359
78637,Shrek Forever After (a.k.a. Shrek: The Final Chapter) (2010),Adventure|Animation|Children|Comedy|Fantasy|IMAX,0892791,10192.0,7360
78703,TiMER (2009),Comedy|Drama|Fantasy|Romance,1179794,39545.0,7361
78746,Best Worst Movie (2009),Documentary,1144539,40819.0,7362
78772,"Twilight Saga: Eclipse, The (2010)",Fantasy|Romance|Thriller|IMAX,1325004,24021.0,7363
78836,Enter the Void (2009),Drama,1191111,34647.0,7364
78893,"Last Airbender, The (2010)",Action|Adventure|Fantasy,0938283,10196.0,7365
78959,Endgame (2009),Drama,1217616,15102.0,7366
79006,Empire of Dreams: The Story of the 'Star Wars' Trilogy (2004),Documentary,0416716,76180.0,7367
79008,South Park: Imaginationland (2008),Animation|Comedy|Fantasy,1308667,16023.0,7368
79057,Predators (2010),Action|Sci-Fi|Thriller,1424381,34851.0,7369
79073,When You're Strange (2009),Documentary,1333667,37659.0,7370
79091,Despicable Me (2010),Animation|Children|Comedy|Crime,1323594,20352.0,7371
79132,Inception (2010),Action|Crime|Drama|Mystery|Sci-Fi|Thriller|IMAX,1375666,27205.0,7372
79134,Grown Ups (2010),Comedy,1375670,38365.0,7373
79139,"Sorcerer's Apprentice, The (2010)",Action|Adventure|Children|Comedy|Fantasy,0963966,27022.0,7374
79185,Knight and Day (2010),Action|Comedy|Romance,1013743,37834.0,7375
79224,"Karate Kid, The (2010)",Action|Children|Drama,1155076,38575.0,7376
79242,"Kids Are All Right, The (2010)",Comedy|Drama,0842926,39781.0,7377
79251,"Serbian Film, A (Srpski film) (2010)",Horror|Thriller,1273235,73861.0,7378
79259,Cherrybomb (2009),Drama|Thriller,1248971,40850.0,7379
79274,Batman: Under the Red Hood (2010),Action|Animation,1569923,40662.0,7380
79293,Salt (2010),Action|Thriller,0944835,27576.0,7381
79299,"No. 1 Ladies' Detective Agency, The (2008)",Comedy|Crime|Mystery,0874957,,7382
79333,Watch Out for the Automobile (Beregis avtomobilya) (1966),Comedy|Crime|Romance,0060161,39768.0,7383
79357,Mr. Nobody (2009),Drama|Fantasy|Romance|Sci-Fi,0485947,31011.0,7384
79428,Dinner for Schmucks (2010),Comedy,0427152,38778.0,7385
79501,Deadly Outlaw: Rekka (a.k.a. Violent Fire) (Jitsuroku Andô Noboru kyôdô-den: Rekka) (2002),Crime|Drama|Thriller,0352465,36274.0,7386
79536,Hellsinki (Rööperi) (2009),Crime,1227536,25335.0,7387
79553,Ip Man 2 (2010),Action,1386932,37472.0,7388
79572,Ramona and Beezus (2010),Children|Comedy,0493949,38843.0,7389
79590,"Rebound, The (2009)",Comedy|Romance,1205535,24122.0,7390
79592,"Other Guys, The (2010)",Action|Comedy,1386588,27581.0,7391
79677,"Two Escobars, The (2010)",Crime|Documentary,1522863,53190.0,7392
79684,Paper Man (2009),Comedy|Drama,0437405,39414.0,7393
79695,"Expendables, The (2010)",Action|Adventure|Thriller,1320253,27578.0,7394
79702,Scott Pilgrim vs. the World (2010),Action|Comedy|Fantasy|Musical|Romance,0446029,22538.0,7395
79798,I Killed My Mother (J'ai tué ma mère) (2009),Drama,1424797,26280.0,7396
79868,Heartless (2009),Fantasy|Horror|Mystery|Thriller,1220214,38150.0,7397
79879,Piranha (Piranha 3D) (2010),Action|Horror|Thriller,0464154,43593.0,7398
79895,"Extraordinary Adventures of Adèle Blanc-Sec, The (2010)",Action|Adventure|Fantasy|Mystery,1179025,35552.0,7399
79897,Get Low (2009),Comedy|Drama|Mystery,1194263,44718.0,7400
79946,"Joneses, The (2009)",Comedy|Drama,1285309,41479.0,7401
80083,Dragon Ball Z: Dead Zone (Doragon bôru Z 1: Ora no Gohan wo kaese) (1989),Action|Adventure|Animation|Fantasy|Sci-Fi,0142235,28609.0,7402
80094,"Last Exorcism, The (2010)",Horror|Thriller,1320244,38358.0,7403
80124,Sisters (Syostry) (2001),Action|Crime|Drama,0284492,49943.0,7404
80126,"American, The (2010)",Drama|Thriller,1440728,27579.0,7405
80139,Jackass 2.5 (2007),Comedy|Documentary,1117523,14158.0,7406
80162,"Horde, The (La Horde) (2009)",Action|Horror|Thriller,1183276,37905.0,7407
80166,"Switch, The (2010)",Comedy|Romance,0889573,41210.0,7408
80219,Machete (2010),Action|Adventure|Comedy|Crime|Thriller,0985694,23631.0,7409
80241,Going the Distance (2010),Comedy|Romance,1322312,38073.0,7410
80363,Resident Evil: Afterlife (2010),Action|Horror|Sci-Fi|Thriller|IMAX,1220634,35791.0,7411
80454,Princess (Prinsessa) (2010),Drama,1428453,60678.0,7412
80463,"Social Network, The (2010)",Drama,1285016,37799.0,7413
80478,"Man Vanishes, A (Ningen Johatsu) (1967)",Documentary|Drama|Mystery,0062043,85692.0,7414
80489,"Town, The (2010)",Crime|Drama|Thriller,0840361,23168.0,7415
80549,Easy A (2010),Comedy|Romance,1282140,37735.0,7416
80551,Eat Pray Love (2010),Drama|Romance,0879870,38167.0,7417
80553,Howl (2010),Drama,1049402,38568.0,7418
80572,I'm Still Here (2010),Comedy|Drama,1356864,43939.0,7419
80584,"Patrik Age 1.5 (Patrik 1,5) (2008)",Comedy|Drama|Romance,1067733,15179.0,7420
80586,Flipped (2010),Comedy|Drama|Romance,0817177,43949.0,7421
80590,Wall Street: Money Never Sleeps (2010),Drama,1027718,33909.0,7422
80615,Legend of the Guardians: The Owls of Ga'Hoole (2010),Adventure|Animation|Fantasy|IMAX,1219342,41216.0,7423
80693,It's Kind of a Funny Story (2010),Comedy|Drama,0804497,43923.0,7424
80727,Middle Men (2009),Comedy|Crime|Drama,1251757,38842.0,7425
80748,Alice in Wonderland (1933),Adventure|Children|Fantasy,0023753,25694.0,7426
80831,Let Me In (2010),Drama|Horror|Mystery,1228987,41402.0,7427
80834,Sintel (2010),Animation|Fantasy,1727587,45745.0,7428
80839,Secretariat (2010),Adventure|Drama,1028576,39486.0,7429
80846,Devil (2010),Horror|Mystery|Thriller,1314655,44040.0,7430
80858,You Again (2010),Comedy,1414382,38303.0,7431
80860,Life as We Know It (2010),Comedy|Romance,1055292,38408.0,7432
80862,Catfish (2010),Documentary|Mystery,1584016,42296.0,7433
80864,You Will Meet a Tall Dark Stranger (2010),Comedy|Romance,1182350,38031.0,7434
80880,Stone (2010),Drama|Thriller,1423995,44113.0,7435
80906,Inside Job (2010),Documentary,1645089,44639.0,7436
80917,Monsters (2010),Drama|Sci-Fi,1470827,43933.0,7437
80969,Never Let Me Go (2010),Drama|Romance|Sci-Fi,1334260,42188.0,7438
81018,"Illusionist, The (L'illusionniste) (2010)",Animation,0775489,41201.0,7439
81087,Luck by Chance (2009),Drama,0886539,16344.0,7440
81132,Rubber (2010),Action|Adventure|Comedy|Crime|Drama|Film-Noir|Horror|Mystery|Thriller|Western,1612774,45649.0,7441
81156,Jackass 3D (2010),Action|Comedy|Documentary,1116184,16290.0,7442
81158,Restrepo (2010),Documentary|War,1559549,39312.0,7443
81191,Waiting for 'Superman' (2010),Documentary,1566648,39440.0,7444
81229,Red (2010),Action|Comedy,1245526,39514.0,7445
81257,In a Better World (Hævnen) (2010),Drama,1340107,44716.0,7446
81383,Heartbreaker (L'Arnacoeur) (2010),Comedy|Romance,1465487,41211.0,7447
81417,Paranormal Activity 2 (2010),Horror|IMAX,1536044,41436.0,7448
81456,Heartbeats (Les amours imaginaires) (2010),Drama|Romance,1600524,51241.0,7449
81512,Hereafter (2010),Drama|Fantasy,1212419,44603.0,7450
81520,Undisputed III: Redemption (2010),Action|Crime|Drama,1156466,38234.0,7451
81535,Saw VII 3D - The Final Chapter (2010),Horror|Mystery|Thriller,1477076,41439.0,7452
81537,Due Date (2010),Comedy,1231583,41733.0,7453
81562,127 Hours (2010),Adventure|Drama|Thriller,1542344,44115.0,7454
81564,Megamind (2010),Action|Animation|Children|Comedy|Sci-Fi|IMAX,1001526,38055.0,7455
81591,Black Swan (2010),Drama|Thriller,0947798,44214.0,7456
81681,I Shot Jesse James (1949),Drama|Romance|Western,0041497,41058.0,7457
81782,Unstoppable (2010),Action|Drama|Thriller,0477080,44048.0,7458
81784,Morning Glory (2010),Comedy|Drama|Romance,1126618,38357.0,7459
81786,Certified Copy (Copie conforme) (2010),Drama,1020773,48303.0,7460
81788,"Next Three Days, The (2010)",Crime|Drama|Romance|Thriller,1458175,43539.0,7461
81791,Somewhere (2010),Drama,1421051,39210.0,7462
81819,Biutiful (2010),Drama,1164999,45958.0,7463
81831,"First Beautiful Thing, The (La prima cosa bella) (2010)",Comedy|Drama,1467273,36940.0,7464
81834,Harry Potter and the Deathly Hallows: Part 1 (2010),Action|Adventure|Fantasy|IMAX,0926084,12444.0,7465
81845,"King's Speech, The (2010)",Drama,1504320,45269.0,7466
81847,Tangled (2010),Animation|Children|Comedy|Fantasy|Musical|Romance|IMAX,0398286,38757.0,7467
81910,"Art of the Steal, The (2009)",Documentary,1326733,41999.0,7468
81932,"Fighter, The (2010)",Drama,0964517,45317.0,7469
81949,"Romantics, The (2010)",Comedy|Drama|Romance,1403988,41556.0,7470
82041,"Loved Ones, The (2009)",Horror,1316536,46420.0,7471
82053,Casino Jack (2010),Comedy|Crime,1194417,45324.0,7472
82088,Vincent Wants to Sea (Vincent will meer) (2010),Drama,1611211,47979.0,7473
82093,London Boulevard (2010),Crime|Romance,1213648,48838.0,7474
82095,Skyline (2010),Sci-Fi|Thriller,1564585,42684.0,7475
82152,Beastly (2011),Drama|Fantasy|Romance,1152398,38117.0,7476
82167,Love and Other Drugs (2010),Comedy|Drama|Romance,0758752,43347.0,7477
82169,"Chronicles of Narnia: The Voyage of the Dawn Treader, The (2010)",Adventure|Children|Fantasy,0980970,10140.0,7478
82202,"Tourist, The (2010)",Drama|Thriller,1243957,37710.0,7479
82242,Rare Exports: A Christmas Tale (Rare Exports) (2010),Action|Comedy,1401143,48395.0,7480
82366,Hatchet II (2010),Comedy|Horror|Thriller,1270835,43919.0,7481
82378,All Good Things (2010),Drama|Mystery|Thriller,1175709,46503.0,7482
82459,True Grit (2010),Western,1403865,44264.0,7483
82461,Tron: Legacy (2010),Action|Adventure|Sci-Fi|IMAX,1104001,20526.0,7484
82499,How Do You Know (2010),Comedy|Drama|Romance,1341188,42888.0,7485
82527,Barney's Version (2010),Drama,1423894,46829.0,7486
82534,"Company Men, The (2010)",Drama,1172991,44129.0,7487
82641,"One-Armed Swordsman, The (Dubei dao) (1967)",Action|Drama,0061597,54178.0,7488
82667,I Saw the Devil (Akmareul boatda) (2010),Crime|Thriller,1588170,49797.0,7489
82684,Trash Humpers (2009),Drama,1488163,46788.0,7490
82744,Faster (2010),Action|Crime|Drama,1433108,41283.0,7491
82765,Little Big Soldier (Da bing xiao jiang) (2010),Action|Adventure|Comedy|Drama|War,1319718,35138.0,7492
82767,Rabbit Hole (2010),Drama,0935075,27585.0,7493
82848,One Week (1920),Comedy,0011541,23282.0,7494
82852,Little Fockers (2010),Comedy,0970866,39451.0,7495
82854,Gulliver's Travels (2010),Adventure|Comedy|Fantasy,1320261,38745.0,7496
82857,Sweetgrass (2009),Adventure|Documentary|Western,1517252,50071.0,7497
83086,Burlesque (2010),Drama|Musical|Romance,1126591,42297.0,7498
83132,"Secret World of Arrietty, The (Kari-gurashi no Arietti) (2010)",Animation|Children|Fantasy,1568921,51739.0,7499
83134,Tucker & Dale vs Evil (2010),Comedy|Horror,1465522,46838.0,7500
83177,Yogi Bear (2010),Children|Comedy,1302067,41515.0,7501
83270,Made in Dagenham (2010),Comedy|Drama,1371155,46138.0,7502
83349,"Green Hornet, The (2011)",Action|Comedy|Crime|Fantasy|Thriller|IMAX,0990407,40805.0,7503
83369,"Way Back, The (2010)",Drama,1023114,49009.0,7504
83374,"Warrior's Way, The (2010)",Action|Fantasy|Western,1032751,46528.0,7505
83480,Season of the Witch (2011),Adventure|Drama|Fantasy,0479997,23047.0,7506
83601,Amer (2009),Drama|Horror,1426352,43950.0,7507
83613,Cowboys & Aliens (2011),Action|Sci-Fi|Thriller|Western|IMAX,0409847,49849.0,7508
83796,Anything for Her (Pour elle) (2008),Crime|Drama|Thriller,1217637,14556.0,7509
83803,Day & Night (2010),Animation|Children,1620446,40619.0,7510
83827,Marwencol (2010),Documentary,1391092,52013.0,7511
83910,"Dilemma, The (2011)",Comedy|Drama,1578275,44564.0,7512
83969,Down Argentine Way (1940),Comedy|Drama|Romance,0032410,43810.0,7513
83976,"Trip, The (2010)",Comedy|Drama,1740047,63578.0,7514
84152,Limitless (2011),Sci-Fi|Thriller,1219289,51876.0,7515
84156,Happy People: A Year in the Taiga (2010),Documentary,1683876,89704.0,7516
84187,Evangelion: 2.0 You Can (Not) Advance (Evangerion shin gekijôban: Ha) (2009),Action|Animation|Drama|Sci-Fi,0860906,22843.0,7517
84189,I Spit on Your Grave (2010),Crime|Horror|Thriller,1242432,43947.0,7518
84240,Even the Rain (También la lluvia) (2010),Drama,1422032,53596.0,7519
84246,It Happened on Fifth Avenue (1947),Comedy|Romance,0039502,52844.0,7520
84273,Zeitgeist: Moving Forward (2011),Documentary,1781069,54293.0,7521
84374,No Strings Attached (2011),Comedy|Romance,1411238,41630.0,7522
84392,"Lincoln Lawyer, The (2011)",Crime|Drama|Thriller,1189340,50348.0,7523
84414,All-Star Superman (2011),Action|Adventure|Animation|Sci-Fi,1699114,56590.0,7524
84512,Girls About Town (1931),Comedy,0021910,120843.0,7525
84523,Kill! (Kiru) (1968),Action|Comedy|Drama,0063186,39029.0,7526
84553,Pekka ja Pätkä salapoliiseina (1957),Comedy,0050832,148432.0,7527
84601,Unknown (2011),Drama|Mystery|Thriller,1401152,48138.0,7528
84615,Cedar Rapids (2011),Comedy,1477837,52067.0,7529
84637,Gnomeo & Juliet (2011),Adventure|Animation|Children|Comedy|Fantasy|Romance,0377981,45772.0,7530
84696,Burke and Hare (2010),Comedy|Thriller,1320239,50204.0,7531
84716,Castaway on the Moon (Kimssi pyoryugi) (2009),Comedy|Drama|Romance,1499666,18438.0,7532
84772,Paul (2011),Adventure|Comedy|Sci-Fi,1092026,39513.0,7533
84799,"Asphyx, The (1973)",Horror|Sci-Fi,0069738,37618.0,7534
84844,Brother 2 (Brat 2) (2000),Crime|Drama,0238883,20993.0,7535
84847,Emma (2009),Comedy|Drama|Romance,1366312,183894.0,7536
84942,Drive Angry (2011),Action|Fantasy|Thriller,1502404,47327.0,7537
84944,Rango (2011),Action|Adventure|Animation|Children|Comedy|Western,1192628,44896.0,7538
84950,Take Me Home Tonight (2011),Comedy|Drama,0810922,50725.0,7539
84952,Confessions (Kokuhaku) (2010),Drama|Horror,1590089,54186.0,7540
84954,"Adjustment Bureau, The (2011)",Romance|Sci-Fi|Thriller,1385826,38050.0,7541
85020,"Mechanic, The (2011)",Action|Drama|Thriller,0472399,27582.0,7542
85022,Hall Pass (2011),Comedy,0480687,48988.0,7543
85025,"Eagle, The (2011)",Adventure|Drama,1034389,49494.0,7544
85056,I Am Number Four (2011),Action|Sci-Fi|Thriller|IMAX,1464540,46529.0,7545
85131,Battle: Los Angeles (2011),Action|Sci-Fi|War,1217613,44943.0,7546
85179,Summer Wars (Samâ wôzu) (2009),Adventure|Animation|Comedy|Sci-Fi,1474276,28874.0,7547
85213,"Sunset Limited, The (2011)",Drama,1510938,56831.0,7548
85259,Winnie the Pooh and the Honey Tree (1966),Animation|Children,0061199,36540.0,7549
85261,Mars Needs Moms (2011),Action|Adventure|Animation|Children|Comedy|Sci-Fi|IMAX,1305591,50321.0,7550
85295,Scooby-Doo! Curse of the Lake Monster (2010),Adventure|Children|Comedy|Mystery,1618435,47533.0,7551
85316,Winnie the Pooh and Tigger Too (1974),Animation|Children,0072410,72185.0,7552
85334,Hard Ticket to Hawaii (1987),Action|Comedy,0093146,26011.0,7553
85342,Elite Squad: The Enemy Within (Tropa de Elite 2 - O Inimigo Agora É Outro) (2010),Action|Crime|Drama,1555149,47931.0,7554
85354,Mesrine: Public Enemy #1 (L'ennemi public n°1) (2008),Action|Crime,0411272,15362.0,7555
85367,Just Go with It (2011),Comedy|Romance,1564367,50546.0,7556
85394,Cave of Forgotten Dreams (2010),Documentary,1664894,59490.0,7557
85397,Red Riding Hood (2011),Fantasy|Horror|Mystery|Thriller,1486185,49730.0,7558
85399,"Big Mommas: Like Father, Like Son (2011)",Comedy,1464174,38322.0,7559
85401,Super (2010),Action|Comedy|Drama,1512235,45132.0,7560
85412,"Troll Hunter, The (Trolljegeren) (2010)",Fantasy|Horror,1740707,46146.0,7561
85414,Source Code (2011),Action|Drama|Mystery|Sci-Fi|Thriller,0945513,45612.0,7562
85438,Jane Eyre (2011),Drama|Romance,1229822,38684.0,7563
85510,Sucker Punch (2011),Action|Fantasy|Thriller|IMAX,0978764,23629.0,7564
85565,Chalet Girl (2011),Comedy|Romance,1487118,58232.0,7565
85736,BURN-E (2008),Adventure|Animation|Children|Sci-Fi,1334585,13413.0,7566
85774,Senna (2010),Documentary,1424432,58496.0,7567
85780,Family Guy Presents: It's a Trap (2010),Animation|Comedy|Sci-Fi,1701991,110639.0,7568
85788,Insidious (2010),Fantasy|Horror|Thriller,1591095,49018.0,7569
85796,Hobo with a Shotgun (2011),Action|Adventure|Crime|Thriller,1640459,49010.0,7570
85881,Win Win (2011),Comedy|Drama,1606392,55725.0,7571
85885,Room in Rome (Habitación en Roma) (2010),Drama|Romance,1263750,48650.0,7572
86000,Boy (2010),Comedy|Drama,1560139,39356.0,7573
86014,Diary of a Wimpy Kid: Rodrick Rules (2011),Comedy,1650043,60307.0,7574
86028,Henry's Crime (2010),Comedy|Crime,1220888,53172.0,7575
86059,Hop (2011),Animation|Children|Comedy,1411704,50359.0,7576
86066,Playing the Victim (Izobrazhaya zhertvu) (2006),Comedy,0820096,64484.0,7577
86068,Films to Keep You Awake: The Christmas Tale (Películas para no dormir: Cuento de navidad) (2005),Horror|Thriller,0450827,75725.0,7578
86142,13 Assassins (Jûsan-nin no shikaku) (2010),Action,1436045,58857.0,7579
86190,Hanna (2011),Action|Adventure|Mystery|Thriller,0993842,50456.0,7580
86237,Connections (1978),Documentary,0078588,367647.0,7581
86279,Into Eternity (2010),Documentary,1194612,54527.0,7582
86286,Daffy Duck's Quackbusters (1988),Animation|Children|Comedy|Horror,0094939,23521.0,7583
86290,American: The Bill Hicks Story (2009),Comedy|Documentary,1179947,46105.0,7584
86293,Arthur (2011),Comedy,1334512,49012.0,7585
86295,Scream 4 (2011),Comedy|Horror|Mystery|Thriller,1262416,41446.0,7586
86298,Rio (2011),Adventure|Animation|Children|Comedy,1436562,46195.0,7587
86320,Melancholia (2011),Drama|Sci-Fi,1527186,62215.0,7588
86332,Thor (2011),Action|Adventure|Drama|Fantasy|IMAX,0800369,10195.0,7589
86345,Louis C.K.: Hilarious (2010),Comedy,1421373,45523.0,7590
86347,Louis C.K.: Chewed Up (2008),Comedy,1190722,30969.0,7591
86355,Atlas Shrugged: Part 1 (2011),Drama|Mystery|Sci-Fi,0480239,56780.0,7592
86377,Louis C.K.: Shameless (2007),Comedy,0927619,24447.0,7593
86487,Mildred Pierce (2011),Drama,1492030,202241.0,7594
86504,Voices from the List (2004),Documentary,0405455,167966.0,7595
86548,Water for Elephants (2011),Drama|Romance,1067583,55787.0,7596
86593,African Cats (2011),Adventure|Documentary,1223236,57586.0,7597
86628,Kill the Irishman (2011),Action|Crime,1416801,51209.0,7598
86644,"Fast Five (Fast and the Furious 5, The) (2011)",Action|Crime|Drama|Thriller|IMAX,1596343,51497.0,7599
86668,Louis Theroux: Law & Disorder (2008),Documentary,1347439,241620.0,7600
86721,Idiots and Angels (2008),Animation|Drama|Fantasy,1013607,42521.0,7601
86781,Incendies (2010),Drama|Mystery|War,1255953,46738.0,7602
86815,Soul Surfer (2011),Action|Drama,1596346,43959.0,7603
86817,Something Borrowed (2011),Comedy|Drama|Romance,0491152,49022.0,7604
86833,Bridesmaids (2011),Comedy,1478338,55721.0,7605
86835,Priest (2011),Action|Horror|Sci-Fi|Thriller,0822847,38321.0,7606
86864,Mothra (Mosura) (1961),Adventure|Fantasy|Sci-Fi,0055198,39410.0,7607
86880,Pirates of the Caribbean: On Stranger Tides (2011),Action|Adventure|Fantasy|IMAX,1298650,1865.0,7608
86882,Midnight in Paris (2011),Comedy|Fantasy|Romance,1605783,59436.0,7609
86892,The Man from Nowhere (2010),Action|Crime|Thriller,1527788,51608.0,7610
86898,"Tree of Life, The (2011)",Drama,0478304,8967.0,7611
86911,"Hangover Part II, The (2011)",Comedy,1411697,45243.0,7612
86922,Nothing to Declare (Rien à déclarer) (2010),Comedy,1528313,52077.0,7613
86960,Across the Hall (2009),Thriller,1176724,21469.0,7614
87028,"Roommate, The (2011)",Drama|Thriller,1265990,49950.0,7615
87192,Attack the Block (2011),Action|Comedy|Sci-Fi,1478964,59678.0,7616
87194,The Way (2010),Adventure|Comedy|Drama,1441912,59468.0,7617
87197,Let the Bullets Fly (2010),Action|Comedy,1533117,51533.0,7618
87222,Kung Fu Panda 2 (2011),Action|Adventure|Animation|Children|Comedy|IMAX,1302011,49444.0,7619
87232,X-Men: First Class (2011),Action|Adventure|Sci-Fi|Thriller|War,1270798,49538.0,7620
87234,Submarine (2010),Comedy|Drama|Romance,1440292,49020.0,7621
87287,American Grindhouse (2010),Documentary,1307861,70862.0,7622
87298,Everything Must Go (2010),Comedy|Drama,1531663,45658.0,7623
87304,Beginners (2010),Drama,1532503,55347.0,7624
87306,Super 8 (2011),Mystery|Sci-Fi|Thriller|IMAX,1650062,37686.0,7625
87413,Bernie (1996),Comedy|Drama,0115658,19963.0,7626
87430,Green Lantern (2011),Action|Adventure|Sci-Fi,1133985,44912.0,7627
87444,Elektra Luxx (2010),Comedy,1340773,56272.0,7628
87483,Mr. Popper's Penguins (2011),Comedy,1396218,58224.0,7629
87485,Bad Teacher (2011),Comedy,1284575,52449.0,7630
87520,Transformers: Dark of the Moon (2011),Action|Adventure|Sci-Fi|War|IMAX,1399103,38356.0,7631
87522,Larry Crowne (2011),Comedy|Drama|Romance,1583420,59861.0,7632
87529,Your Highness (2011),Action|Adventure|Comedy|Fantasy,1240982,38319.0,7633
87660,Too Big to Fail (2011),Drama,1742683,65034.0,7634
87785,Takers (2010),Action|Crime|Thriller,1135084,22907.0,7635
87834,My Life as McDull (Mak dau goo si) (2001),Animation|Comedy|Drama,0312941,73884.0,7636
87867,Zookeeper (2011),Comedy,1222817,38317.0,7637
87869,Horrible Bosses (2011),Comedy|Crime,1499658,51540.0,7638
87876,Cars 2 (2011),Adventure|Animation|Children|Comedy|IMAX,1216475,49013.0,7639
87960,Between the Folds (2008),Documentary,1253565,24792.0,7640
88069,Delhi Belly (2011),Comedy|Crime,1934231,67109.0,7641
88094,Upside Down: The Creation Records Story (2010),Documentary,1764726,64780.0,7642
88108,Monte Carlo (2011),Adventure|Comedy|Romance,1067774,59860.0,7643
88125,Harry Potter and the Deathly Hallows: Part 2 (2011),Action|Adventure|Drama|Fantasy|Mystery|IMAX,1201607,12445.0,7644
88129,Drive (2011),Crime|Drama|Film-Noir|Thriller,0780504,64690.0,7645
88140,Captain America: The First Avenger (2011),Action|Adventure|Sci-Fi|Thriller|War,0458339,1771.0,7646
88163,"Crazy, Stupid, Love. (2011)",Comedy|Drama|Romance,1570728,50646.0,7647
88179,One Day (2011),Drama|Romance,1563738,51828.0,7648
88235,"Guard, The (2011)",Comedy|Crime,1540133,67913.0,7649
88267,Winnie the Pooh (2011),Animation|Children|Comedy,1449283,51162.0,7650
88272,"Woman, The (2011)",Horror,1714208,65599.0,7651
88327,"New One-Armed Swordsman, The (Xin du bi dao) (1971)",Action|Drama|War,0069518,28039.0,7652
88345,Mike's New Car (2002),Animation|Comedy,0323250,13931.0,7653
88356,"Smurfs, The (2011)",Animation|Children|Comedy,0472181,41513.0,7654
88405,Friends with Benefits (2011),Comedy|Romance,1632708,50544.0,7655
88448,Paper Birds (Pájaros de papel) (2010),Comedy|Drama,1360822,50004.0,7656
88515,Blitz (2011),Action|Crime|Thriller,1297919,55846.0,7657
88593,"Yellow Sea, The (a.k.a. The Murderer) (Hwanghae) (2010)",Crime|Drama|Thriller,1230385,57361.0,7658
88672,Our Idiot Brother (2011),Comedy,1637706,59968.0,7659
88697,SUBWAYStories: Tales from the Underground (1997),Drama,0120240,209802.0,7660
88699,Death Race 2 (2010),Action|Sci-Fi|Thriller,1500491,51620.0,7661
88744,Rise of the Planet of the Apes (2011),Action|Drama|Sci-Fi|Thriller,1318514,61791.0,7662
88746,Terri (2011),Comedy,1687281,51993.0,7663
88785,"Change-Up, The (2011)",Comedy,1488555,49520.0,7664
88810,"Help, The (2011)",Drama,1454029,50014.0,7665
88812,30 Minutes or Less (2011),Action|Comedy|Crime,1622547,62206.0,7666
88911,My Afternoons with Margueritte (La tête en friche) (2010),Comedy,1455151,39413.0,7667
88932,Final Destination 5 (2011),Horror|Thriller|IMAX,1622979,55779.0,7668
88954,"Very Harold & Kumar 3D Christmas, A (2011)",Comedy,1268799,55465.0,7669
89028,Don't Be Afraid of the Dark (2010),Horror|Thriller,1270761,46261.0,7670
89030,Fright Night (2011),Comedy|Horror,1438176,58151.0,7671
89039,Another Earth (2011),Drama|Romance|Sci-Fi,1549572,55420.0,7672
89047,Hesher (2010),Drama,1403177,44835.0,7673
89072,Stake Land (2010),Horror,1464580,52015.0,7674
89085,"Debt, The (2011)",Drama|Thriller,1226753,48289.0,7675
89087,Colombiana (2011),Action|Adventure|Drama|Thriller,1657507,62835.0,7676
89090,Bill Cunningham New York (2011),Documentary,1621444,55244.0,7677
89118,"Skin I Live In, The (La piel que habito) (2011)",Drama,1189073,63311.0,7678
89190,Conan the Barbarian (2011),Action|Adventure|Fantasy,0816462,37430.0,7679
89208,Walled In (2009),Horror|Thriller,1104006,16335.0,7680
89281,Birdemic: Shock and Terror (2010),Romance|Thriller,1316037,40016.0,7681
89305,"Inbetweeners Movie, The (2011)",Adventure|Comedy,1716772,69798.0,7682
89343,Red State (2011),Action|Crime|Horror|Thriller,0873886,48572.0,7683
89386,Pearl Jam Twenty (2011),Documentary|Musical,1417592,72744.0,7684
89388,I Don't Know How She Does It (2011),Comedy,1742650,70868.0,7685
89427,Shark Night 3D (2011),Horror|Thriller,1633356,65055.0,7686
89470,Contagion (2011),Sci-Fi|Thriller|IMAX,1598778,39538.0,7687
89492,Moneyball (2011),Drama,1210166,60308.0,7688
89580,Neds (2010),Drama,1560970,55785.0,7689
89582,Cold Fish (Tsumetai nettaigyo) (2010),Drama|Thriller,1632547,68341.0,7690
89586,Phineas and Ferb the Movie: Across the 2nd Dimension (2011),Adventure|Animation|Children,1825918,71689.0,7691
89678,Northanger Abbey (2007),Drama|Romance,0844794,18093.0,7692
89745,"Avengers, The (2012)",Action|Adventure|Sci-Fi|IMAX,0848228,24428.0,7693
89753,Tinker Tailor Soldier Spy (2011),Drama|Film-Noir|Thriller,1340800,49517.0,7694
89759,"Separation, A (Jodaeiye Nader az Simin) (2011)",Drama,1832382,60243.0,7695
89761,"Dangerous Method, A (2011)",Drama|Thriller,1571222,48231.0,7696
89774,Warrior (2011),Drama,1291584,59440.0,7697
89804,"Ides of March, The (2011)",Drama,1124035,10316.0,7698
89837,Kill List (2011),Horror|Mystery|Thriller,1788391,74725.0,7699
89840,Killer Elite (2011),Action|Thriller,1448755,49021.0,7700
89862,Bellflower (2011),Action|Drama|Romance,1242599,58699.0,7701
89864,50/50 (2011),Comedy|Drama,1306980,40807.0,7702
89898,Generation P (2011),Comedy|Drama|Sci-Fi,0459748,63375.0,7703
89904,The Artist (2011),Comedy|Drama|Romance,1655442,74643.0,7704
89939,Gigi (1949),Comedy,0041414,123723.0,7705
89945,BlinkyTM (2011),Horror|Sci-Fi,1520494,59852.0,7706
90057,Take Shelter (2011),Drama,1675192,64720.0,7707
90243,Three Outlaw Samurai (Sanbiki no samurai) (1964),Action|Drama,0058652,58878.0,7708
90245,Antonio Gaudí (1985),Documentary,0086907,37239.0,7709
90249,Real Steel (2011),Action|Drama|Sci-Fi|IMAX,0433035,39254.0,7710
90343,Footloose (2011),Comedy|Drama|Musical,1068242,68817.0,7711
90345,"Thing, The (2011)",Horror|Mystery|Sci-Fi|Thriller,0905372,60935.0,7712
90353,Beautiful Boy (2010),Drama,1533013,59437.0,7713
90357,Tyrannosaur (2011),Drama,1204340,76543.0,7714
90374,Martha Marcy May Marlene (2011),Drama|Thriller,1441326,50837.0,7715
90376,We Need to Talk About Kevin (2011),Drama|Thriller,1242460,71859.0,7716
90384,Behind Enemy Lines II: Axis of Evil (2006),Action|Thriller|War,0497329,10005.0,7717
90403,"Three Musketeers, The (2011)",Action|Adventure,1509767,52451.0,7718
90405,In Time (2011),Crime|Sci-Fi|Thriller,1637688,49530.0,7719
90428,Margaret (2011),Drama,0466893,44754.0,7720
90430,Carnage (2011),Comedy|Drama,1692486,72113.0,7721
90439,Margin Call (2011),Drama|Thriller,1615147,50839.0,7722
90469,Paranormal Activity 3 (2011),Horror,1778304,72571.0,7723
90471,Puncture (2011),Drama,1582248,72432.0,7724
90522,Johnny English Reborn (2011),Adventure|Comedy|Thriller,1634122,58233.0,7725
90524,Abduction (2011),Action|Drama|Mystery|Thriller,1600195,59965.0,7726
90528,This Must Be the Place (2011),Crime|Drama|Thriller,1440345,53487.0,7727
90531,Shame (2011),Drama,1723811,76025.0,7728
90576,What's Your Number? (2011),Comedy|Romance,0770703,63492.0,7729
90600,Headhunters (Hodejegerne) (2011),Action|Crime|Thriller,1614989,70670.0,7730
90603,Batman: Year One (2011),Action|Animation|Crime,1672723,69735.0,7731
90630,Miss Representation (2011),Documentary,1784538,77801.0,7732
90647,Puss in Boots (2011),Adventure|Animation|Comedy|Fantasy|IMAX,0448694,58423.0,7733
90717,Tower Heist (2011),Action|Comedy|Crime,0471042,59108.0,7734
90719,J. Edgar (2011),Drama,1616195,88794.0,7735
90738,"Double, The (2011)",Action|Crime|Drama|Mystery|Thriller,1646980,73499.0,7736
90746,"Adventures of Tintin, The (2011)",Action|Animation|Mystery|IMAX,0983193,17578.0,7737
90769,Starsuckers (2009),Documentary,1510934,40658.0,7738
90809,Tomboy (2011),Drama,1847731,65229.0,7739
90863,George Harrison: Living in the Material World (2011),Documentary,1113829,75964.0,7740
90866,Hugo (2011),Children|Drama|Mystery,0970179,44826.0,7741
90888,Immortals (2011),Action|Drama|Fantasy,1253864,37958.0,7742
90890,Jack and Jill (2011),Comedy,0810913,71880.0,7743
90943,Into the Abyss (2011),Documentary,1972663,77365.0,7744
90945,"Sign of Four, The (1987)",Adventure|Crime|Drama,0685628,94174.0,7745
91077,"Descendants, The (2011)",Comedy|Drama,1033575,65057.0,7746
91079,Like Crazy (2011),Drama|Romance,1758692,60420.0,7747
91094,"Muppets, The (2011)",Children|Comedy|Musical,1204342,64328.0,7748
91104,"Twilight Saga: Breaking Dawn - Part 1, The (2011)",Adventure|Drama|Fantasy|Romance,1324999,50619.0,7749
91126,War Horse (2011),Drama|War,1568911,57212.0,7750
91128,"Rum Diary, The (2011)",Comedy|Drama|Thriller,0376136,23514.0,7751
91233,Lifted (2006),Animation|Comedy|Sci-Fi,0945571,13060.0,7752
91261,Hipsters (Stilyagi) (2008),Drama|Musical|Romance,1239426,38336.0,7753
91266,Another Cinderella Story (2008),Children|Comedy|Musical|Romance,1071358,15157.0,7754
91273,Bunraku (2010),Action|Drama|Fantasy,1181795,30618.0,7755
91323,"Sitter, The (2011)",Comedy,1366344,57431.0,7756
91325,Extremely Loud and Incredibly Close (2011),Drama,0477302,64685.0,7757
91337,Play the Game (2009),Comedy|Romance,1124388,45708.0,7758
91353,Asterix in America (a.k.a Asterix Conquers America) (Astérix et les Indiens) (1994),Adventure|Animation|Children|Comedy,0109162,9369.0,7759
91355,Asterix and the Vikings (Astérix et les Vikings) (2006),Adventure|Animation|Children|Comedy|Fantasy,0371552,9642.0,7760
91386,Happy Feet Two (2011),Animation|Children|Comedy|IMAX,1402488,65759.0,7761
91414,Arthur Christmas (2011),Animation|Children|Comedy|Drama,1430607,51052.0,7762
91470,Violet & Daisy (2011),Action|Drama,1634136,91550.0,7763
91483,Bullet to the Head (2012),Action|Crime|Film-Noir,1308729,70074.0,7764
91485,"Expendables 2, The (2012)",Action|Adventure,1764651,76163.0,7765
91488,"Snowman, The (1982)",Animation|Children|Musical,0084701,13396.0,7766
91500,The Hunger Games (2012),Action|Adventure|Drama|Sci-Fi|Thriller,1392170,70160.0,7767
91529,"Dark Knight Rises, The (2012)",Action|Adventure|Crime|IMAX,1345836,49026.0,7768
91535,"Bourne Legacy, The (2012)",Action|Adventure|Drama|Thriller|IMAX,1194173,49040.0,7769
91542,Sherlock Holmes: A Game of Shadows (2011),Action|Adventure|Comedy|Crime|Mystery|Thriller,1515091,58574.0,7770
91571,Coriolanus (2011),Drama|Thriller,1372686,101173.0,7771
91622,Young Adult (2011),Comedy|Drama,1625346,57157.0,7772
91628,New Year's Eve (2011),Comedy|Romance,1598822,62838.0,7773
91630,Mission: Impossible - Ghost Protocol (2011),Action|Adventure|Thriller|IMAX,1229238,56292.0,7774
91653,We Bought a Zoo (2011),Comedy|Drama,1389137,74465.0,7775
91658,"Girl with the Dragon Tattoo, The (2011)",Drama|Thriller,1568346,65754.0,7776
91660,"Darkest Hour, The (2011)",Action|Horror|Sci-Fi|Thriller,1093357,71469.0,7777
91666,Last Holiday (1950),Comedy|Drama|Romance,0042665,16939.0,7778
91671,Alvin and the Chipmunks: Chipwrecked (2011),Animation|Comedy,1615918,55301.0,7779
91688,Salvation Boulevard (2011),Comedy|Thriller,1251743,51995.0,7780
91690,Friends with Kids (2011),Comedy,1720616,80038.0,7781
91784,Girl Walks Into a Bar (2011),Comedy|Drama|Fantasy,1682246,59006.0,7782
91842,Contraband (2012),Action|Crime|Drama|Thriller,1524137,77866.0,7783
91860,"Way South, The (De weg naar het zuiden) (1981)",Documentary,0083318,269963.0,7784
91869,Being Elmo: A Puppeteer's Journey (2011),Documentary,1787660,75301.0,7785
91873,Joyful Noise (2012),Comedy|Musical,1710396,63574.0,7786
91890,"Iron Lady, The (2011)",Drama,1007029,71688.0,7787
91935,Albatross (2011),Drama,1541149,72842.0,7788
91947,"Revenant, The (2009)",Comedy|Horror,1336006,79896.0,7789
91974,Underworld: Awakening (2012),Action|Fantasy|Horror|IMAX,1496025,52520.0,7790
91976,"Grey, The (2012)",Action|Drama,1601913,75174.0,7791
91978,Man on a Ledge (2012),Crime|Thriller,1568338,49527.0,7792
91981,Sacrifice (Zhao shi gu er) (2010),Drama,1726738,55741.0,7793
92008,Haywire (2011),Action|Thriller,1506999,70435.0,7794
92046,Contact High (2009),Comedy,0780002,31337.0,7795
92048,"Whistleblower, The (2010)",Drama|Thriller,0896872,65760.0,7796
92094,Einstein and Eddington (2008),Drama,0995036,15044.0,7797
92192,Apollo 18 (2011),Horror|Sci-Fi|Thriller,1772240,50357.0,7798
92198,Seeking Justice (2011),Action|Drama|Thriller,1214962,74998.0,7799
92234,Red Tails (2012),Action|Adventure|Drama|War,0485985,72431.0,7800
92243,"Flowers of War, The (Jin líng shí san chai) (2011)",Drama|War,1410063,76758.0,7801
92259,Intouchables (2011),Comedy|Drama,1675434,77338.0,7802
92264,One for the Money (2012),Action|Comedy|Crime,1598828,54054.0,7803
92309,"Innkeepers, The (2011)",Horror|Thriller,1594562,58428.0,7804
92348,Puss in Boots (Nagagutsu o haita neko) (1969),Adventure|Animation|Children|Comedy|Fantasy|Romance,0064714,58704.0,7805
92391,Grave Encounters (2011),Horror,1703199,50698.0,7806
92420,Chronicle (2012),Action|Sci-Fi|Thriller,1706593,76726.0,7807
92422,"Woman in Black, The (2012)",Drama|Horror|Thriller,1596365,65086.0,7808
92427,Woman in Love (Rubbeldiekatz) (2011),Comedy,1802810,80125.0,7809
92439,"Art of Getting By, The (2011)",Drama|Romance,1645080,64678.0,7810
92475,All Watched Over by Machines of Loving Grace (2011),Documentary,1955162,192695.0,7811
92494,Dylan Moran: Monster (2004),Comedy|Documentary,0439553,13976.0,7812
92507,Safe House (2012),Action|Crime|Mystery|Thriller,1599348,59961.0,7813
92509,"Vow, The (2012)",Drama|Romance,1606389,72570.0,7814
92535,Louis C.K.: Live at the Beacon Theater (2011),Comedy,2112999,80379.0,7815
92637,Pitfall (Otoshiana) (1962),Crime|Drama|Fantasy,0203612,54146.0,7816
92643,Monsieur Lazhar (2011),Children|Comedy|Drama,2011971,78480.0,7817
92665,"For a Good Time, Call... (2012)",Comedy|Drama|Romance,1996264,84200.0,7818
92674,Janie Jones (2010),Drama|Musical,1509130,73700.0,7819
92681,Journey 2: The Mysterious Island (2012),Action|Adventure|Comedy|Sci-Fi|IMAX,1397514,72545.0,7820
92694,Perfect Sense (2011),Drama|Romance|Sci-Fi,1439572,51999.0,7821
92730,Rollo and the Woods Sprite (Rölli ja metsänhenki) (2001),Children|Fantasy,0249131,64029.0,7822
92760,"Atomic Brain, The (1963)",Horror|Sci-Fi,0057859,37464.0,7823
92938,Ghost Rider: Spirit of Vengeance (2012),Action|Fantasy|Thriller,1071875,71676.0,7824
92954,Prayers for Bobby (2009),Drama,1073510,21634.0,7825
93006,"Very Potter Musical, A (2009)",Comedy|Musical,2033193,54507.0,7826
93008,"Very Potter Sequel, A (2010)",Comedy|Musical,2040264,59017.0,7827
93022,Miss Nobody (2010),Comedy|Crime,1129427,51875.0,7828
93040,"Civil War, The (1990)",Documentary|War,0098769,26397.0,7829
93114,Ro.Go.Pa.G. (1963),Comedy|Drama,0056171,59045.0,7830
93134,"Women on the 6th Floor, The (Les Femmes du 6ème Étage) (2010)",Comedy,1805297,57243.0,7831
93139,Mega Shark vs. Crocosaurus (2010),Action|Adventure|Horror,1705773,52454.0,7832
93193,Red Hill (2010),Crime|Thriller|Western,1530983,45569.0,7833
93208,Mickey's The Prince and the Pauper (1990),Animation|Children,0100409,25831.0,7834
93242,Gone (2012),Drama|Thriller,1838544,79548.0,7835
93270,Project X (2012),Comedy,1636826,57214.0,7836
93272,Dr. Seuss' The Lorax (2012),Animation|Fantasy|Musical|IMAX,1482459,73723.0,7837
93287,"Big Year, The (2011)",Comedy,1053810,73937.0,7838
93297,Act of Valor (2012),Action|Thriller|War,1591479,75674.0,7839
93320,Trailer Park Boys (1999),Comedy|Crime,0383678,38674.0,7840
93326,This Means War (2012),Action|Comedy|Romance,1596350,59962.0,7841
93363,John Carter (2012),Action|Adventure|Sci-Fi|IMAX,0401729,49529.0,7842
93443,Goon (2011),Comedy|Drama,1456635,74387.0,7843
93502,"Ledge, The (2011)",Drama|Thriller,1535970,63493.0,7844
93510,21 Jump Street (2012),Action|Comedy|Crime,1232829,64688.0,7845
93512,"Jeff, Who Lives at Home (2012)",Comedy|Drama,1588334,82532.0,7846
93563,Lockout (2012),Action|Sci-Fi|Thriller,1592525,81796.0,7847
93598,"Snowtown (Snowtown Murders, The) (2011)",Crime|Drama|Thriller,1680114,67748.0,7848
93610,Space Battleship Yamato (2010),Action|Adventure|Drama,1477109,61984.0,7849
93721,Jiro Dreams of Sushi (2011),Documentary,1772925,80767.0,7850
93723,Damsels in Distress (2011),Comedy|Romance,1667307,82533.0,7851
93740,Salmon Fishing in the Yemen (2011),Comedy|Drama|Romance,1441952,81025.0,7852
93766,Wrath of the Titans (2012),Action|Adventure|Fantasy|IMAX,1646987,57165.0,7853
93790,Detachment (2011),Drama,1683526,74308.0,7854
93805,Iron Sky (2012),Action|Comedy|Sci-Fi,1034314,10679.0,7855
93819,Absentia (2011),Horror,1610996,74777.0,7856
93831,American Reunion (American Pie 4) (2012),Comedy,1605630,71552.0,7857
93838,The Raid: Redemption (2011),Action|Crime,1899353,94329.0,7858
93840,"Cabin in the Woods, The (2012)",Comedy|Horror|Sci-Fi|Thriller,1259521,22970.0,7859
93855,God Bless America (2011),Comedy|Drama,1912398,74306.0,7860
93980,"Three Stooges, The (2012)",Comedy,0383010,76489.0,7861
93982,"Raven, The (2012)",Mystery|Thriller,1486192,70436.0,7862
93988,North & South (2004),Drama|Romance,0417349,147269.0,7863
94011,"Big Bang, The (2011)",Action|Thriller,1307873,54271.0,7864
94015,Mirror Mirror (2012),Adventure|Comedy|Fantasy,1667353,62764.0,7865
94018,Battleship (2012),Action|Sci-Fi|Thriller|IMAX,1440129,44833.0,7866
94070,"Best Exotic Marigold Hotel, The (2011)",Comedy|Drama,1412386,74534.0,7867
94122,Comic-Con Episode IV: A Fan's Hope (2011),Documentary,1605782,91356.0,7868
94130,Bully (2011),Documentary,1682181,84404.0,7869
94150,Hysteria (2011),Comedy|Romance,1435513,75802.0,7870
94160,Dante's Inferno: An Animated Epic (2010),Action|Animation|Fantasy,1401113,31967.0,7871
94262,"Atomic Submarine, The (1959)",Sci-Fi|Thriller,0052587,37467.0,7872
94266,"Five-Year Engagement, The (2012)",Comedy|Romance,1195478,72207.0,7873
94323,Think Like a Man (2012),Comedy,1621045,67660.0,7874
94325,"Lucky One, The (2012)",Drama,1327194,77877.0,7875
94405,Safe (2012),Action|Crime|Thriller,1656190,72387.0,7876
94478,Dark Shadows (2012),Comedy|Horror|IMAX,1077368,62213.0,7877
94494,96 Minutes (2011) ,Drama|Thriller,1641385,89326.0,7878
94503,"Decoy Bride, The (2011)",Comedy|Romance,1657299,40161.0,7879
94661,Rocket Singh: Salesman of the Year (2009),Comedy|Drama,1434447,26815.0,7880
94677,"Dictator, The (2012)",Comedy,1645170,76493.0,7881
94735,Walking with Monsters (2005),Documentary,0490048,28500.0,7882
94777,Men in Black III (M.III.B.) (M.I.B.³) (2012),Action|Comedy|Sci-Fi|IMAX,1409024,41154.0,7883
94780,Snow White and the Huntsman (2012),Action|Adventure|Drama,1735898,58595.0,7884
94799,Sound of My Voice (2011),Drama|Mystery|Sci-Fi,1748207,86812.0,7885
94810,Eva (2011),Drama|Fantasy|Sci-Fi,1298554,77561.0,7886
94833,"Pirates! Band of Misfits, The (2012)",Adventure|Animation|Children|Comedy,1430626,72197.0,7887
94864,Prometheus (2012),Action|Horror|Sci-Fi|IMAX,1446714,70981.0,7888
94867,"Pact, The (2012)",Horror|Mystery|Thriller,2040560,111440.0,7889
94896,Bernie (2011),Comedy|Crime|Drama,1704573,92591.0,7890
94919,Inhale (2010),Drama|Thriller,1196340,12645.0,7891
94931,Take This Waltz (2011),Drama|Romance,1592281,86555.0,7892
94953,Wanderlust (2012),Comedy,1655460,50647.0,7893
94959,Moonrise Kingdom (2012),Comedy|Drama|Romance,1748122,83666.0,7894
94985,Get the Gringo (2012),Action|Crime|Drama|Thriller,1567609,80389.0,7895
95004,Superman/Doomsday (2007) ,Action|Animation,0934706,13640.0,7896
95067,"Thousand Words, A (2012)",Comedy|Drama,0763831,72358.0,7897
95088,Safety Not Guaranteed (2012),Comedy|Drama,1862079,84332.0,7898
95105,Madagascar 3: Europe's Most Wanted (2012),Adventure|Animation|Children|Comedy|IMAX,1277953,80321.0,7899
95135,Your Sister's Sister (2011),Comedy|Drama,1742336,84355.0,7900
95145,Dragon Ball: The Curse Of The Blood Rubies (Doragon bôru: Shenron no densetsu) (1986),Action|Adventure|Animation|Children,0142251,39144.0,7901
95147,Dragon Ball: Sleeping Princess in Devil's Castle (Doragon bôru: Majinjô no nemuri hime) (1987),Action|Adventure|Animation|Children,0142249,39145.0,7902
95149,Superman/Batman: Public Enemies (2009),Action|Animation|Fantasy,1398941,22855.0,7903
95163,Dragon Ball: Mystical Adventure (Doragon bôru: Makafushigi dai bôken) (1988),Action|Adventure|Animation|Children,0142248,116776.0,7904
95165,Dragon Ball Z the Movie: The World's Strongest (a.k.a. Dragon Ball Z: The Strongest Guy in The World) (Doragon bôru Z: Kono yo de ichiban tsuyoi yatsu) (1990),Action|Adventure|Animation|Sci-Fi|Thriller,0142240,39100.0,7905
95167,Brave (2012),Action|Adventure|Animation|Children,1217209,62177.0,7906
95170,Beauty and the Beast: The Enchanted Christmas (1997),Animation|Children|Fantasy|Musical,0118692,13313.0,7907
95175,Front of the Class (2008),Drama,1292594,63193.0,7908
95182,Dragon Ball Z the Movie: The Tree of Might (Doragon bôru Z 3: Chikyû marugoto chô kessen) (1990),Action|Adventure|Animation|Sci-Fi,0142233,39101.0,7909
95193,Pocahontas II: Journey to a New World (1998) ,Adventure|Animation|Children,0143808,13761.0,7910
95199,What to Expect When You're Expecting (2012),Comedy|Drama|Romance,1586265,76494.0,7911
95201,To Rome with Love (2012),Comedy,1859650,81836.0,7912
95207,Abraham Lincoln: Vampire Hunter (2012),Action|Fantasy|Horror|Thriller,1611224,72331.0,7913
95218,First Position (2011),Documentary,2008513,89874.0,7914
95307,Rock of Ages (2012),Comedy|Drama|Musical|IMAX,1336608,80585.0,7915
95309,Seeking a Friend for the End of the World (2012),Comedy|Drama|Romance,1307068,88005.0,7916
95311,Presto (2008),Animation|Children|Comedy|Fantasy,1245104,13042.0,7917
95313,Jack-Jack Attack (2005),Adventure|Animation|Children|Comedy,0455565,13932.0,7918
95377,One Man Band (2005),Animation|Comedy|Musical,0479113,13933.0,7919
95441,Ted (2012),Comedy|Fantasy,1637725,72105.0,7920
95449,Magic Mike (2012),Drama|Romance,1915581,77930.0,7921
95473,Dragon Ball Z: The Return of Cooler (Doragon bôru Z 6: Gekitotsu! Hyakuoku pawâ no senshi) (1992),Action|Adventure|Animation,0142237,39103.0,7922
95475,Dragon Ball Z: Cooler's Revenge (Doragon bôru Z 5: Tobikkiri no saikyô tai saikyô) (1991),Action|Adventure|Animation,1125254,24752.0,7923
95497,Dragon Ball Z: Super Android 13! (Doragon bôru Z 7: Kyokugen batoru!! San dai sûpâ saiyajin) (1992),Action|Adventure|Animation,0142241,39104.0,7924
95499,Dragon Ball Z: Broly - The Legendary Super Saiyan (Doragon bôru Z 8: Moetsukiro!! Nessen retsusen-chô gekisen) (1993),Action|Adventure|Animation,0142242,34433.0,7925
95508,Cleanskin (2012),Crime|Drama|Thriller,1598873,95516.0,7926
95510,"Amazing Spider-Man, The (2012)",Action|Adventure|Sci-Fi|IMAX,0948470,1930.0,7927
95519,Dragon Ball Z: Bojack Unbound (Doragon bôru Z 9: Ginga girigiri!! Butchigiri no sugoi yatsu) (1993),Action|Adventure|Animation|Fantasy,0142238,39105.0,7928
95543,Ice Age 4: Continental Drift (2012),Adventure|Animation|Comedy,1667889,57800.0,7929
95558,Beasts of the Southern Wild (2012),Drama|Fantasy,2125435,84175.0,7930
95583,Savages (2012),Crime|Drama|Thriller,1615065,82525.0,7931
95624,"Firm, The (2009)",Drama,1313113,31218.0,7932
95633,Spirit Camp (2009),Horror,1078933,40770.0,7933
95654,Geri's Game (1997),Animation|Children,0131409,13929.0,7934
95690,Some Guy Who Kills People (2011),Comedy|Thriller,1568341,80468.0,7935
95717,Treasure Island (2012),Adventure,1820723,83191.0,7936
95720,"Watch, The (2012)",Comedy|Sci-Fi,1298649,80035.0,7937
95738,"Adventures of Mary-Kate and Ashley, The: The Case of the Christmas Caper (1995)",Children|Musical|Mystery,0283851,193976.0,7938
95744,2 Days in New York (2012),Comedy,1602472,84165.0,7939
95761,Killer Joe (2011),Crime|Thriller,1726669,73567.0,7940
95771,Dragon Ball Z: Broly Second Coming (Doragon bôru Z 10: Kiken na futari! Sûpâ senshi wa nemurenai) (1994),Action|Adventure|Animation,0285036,44251.0,7941
95780,Dragon Ball Z: Bio-Broly (Doragon bôru Z 11: Sûpâ senshi gekiha! Katsu no wa ore da) (1994),Action|Adventure|Animation,0142234,39106.0,7942
95796,Anaconda: The Offspring (2008),Action|Horror|Sci-Fi|Thriller,1137996,14863.0,7943
95839,"Christmas Carol, A (1999)",Drama|Fantasy,0216621,16716.0,7944
95843,Goodbye Charlie (1964),Comedy|Fantasy|Romance,0058154,52906.0,7945
95858,For the Birds (2000),Animation|Children|Comedy,0248808,13930.0,7946
95873,Ruby Sparks (2012),Comedy|Fantasy|Romance,1839492,103332.0,7947
95875,Total Recall (2012),Action|Sci-Fi|Thriller,1386703,64635.0,7948
95939,"Angels' Share, The (2012)",Comedy|Drama,1924394,103747.0,7949
95949,"Immature, The (Immaturi) (2011)",Comedy,1630637,56909.0,7950
95965,Dragon Ball Z: Bardock - The Father of Goku (Doragon bôru Z: Tatta hitori no saishuu kessen - Furiiza ni itonda Z senshi Kakarotto no chichi) (1990),Action|Adventure|Animation,0142245,39323.0,7951
96004,Dragon Ball Z: The History of Trunks (Doragon bôru Z: Zetsubô e no hankô!! Nokosareta chô senshi - Gohan to Torankusu) (1993),Action|Adventure|Animation,0142247,39324.0,7952
96007,Dragon Ball GT: A Hero's Legacy (Doragon bôru GT: Gokû gaiden! Yûki no akashi wa sû-shin-chû) (1997),Action|Adventure|Animation,0142232,18095.0,7953
96020,Sidewalls (Medianeras) (2011),Drama,1235841,76696.0,7954
96079,Skyfall (2012),Action|Adventure|Thriller|IMAX,1074638,37724.0,7955
96084,Hands Over the City (Le mani sulla città) (1963),Drama,0057286,58383.0,7956
96110,"Campaign, The (2012)",Comedy,1790886,77953.0,7957
96114,Brake (2012),Crime|Thriller,1990181,85414.0,7958
96121,Hope Springs (2012),Comedy|Drama,1535438,82696.0,7959
96150,"Queen of Versailles, The (2012)",Documentary,2125666,84327.0,7960
96281,ParaNorman (2012),Adventure|Animation|Comedy,1623288,77174.0,7961
96283,Diary of a Wimpy Kid: Dog Days (2012),Children|Comedy,2023453,82650.0,7962
96373,Broken (2012),Drama,1441940,109584.0,7963
96411,6 Days to Air: The Making of South Park (2011),Documentary,2076781,76360.0,7964
96417,Premium Rush (2012),Action|Thriller,1547234,49526.0,7965
96430,"Odd Life of Timothy Green, The (2012)",Comedy|Drama|Fantasy,1462769,71864.0,7966
96432,Lawless (2012),Crime|Drama,1212450,82633.0,7967
96448,Piranha 3DD (a.k.a. Piranha DD) (2012),Comedy|Horror,1714203,71668.0,7968
96471,Prime Suspect 3 (1993),Crime|Drama|Mystery,0106104,202043.0,7969
96488,Searching for Sugar Man (2012),Documentary,2125608,84334.0,7970
96518,Prime Suspect 6: The Last Witness (2003),Drama|Thriller,0365651,263947.0,7971
96520,Prime Suspect: The Lost Child (1995),Drama|Mystery,0114182,215999.0,7972
96530,Conception (2011),Comedy|Romance,1619277,83403.0,7973
96563,Paradise Lost 3: Purgatory (2011),Documentary,2028530,83660.0,7974
96567,"Words, The (2012)",Drama|Romance,1840417,83686.0,7975
96588,Pitch Perfect (2012),Comedy|Musical,1981677,114150.0,7976
96606,Samsara (2011),Documentary,0770802,89708.0,7977
96608,Runaway Brain (1995) ,Animation|Comedy|Sci-Fi,0114308,67166.0,7978
96610,Looper (2012),Action|Crime|Sci-Fi,1276104,59967.0,7979
96616,That's My Boy (2012),Comedy,1232200,87428.0,7980
96655,Robot & Frank (2012),Comedy|Drama|Sci-Fi,1990314,84329.0,7981
96691,Resident Evil: Retribution (2012),Action|Horror|Sci-Fi|IMAX,1855325,71679.0,7982
96726,Lola Versus (2012),Comedy|Romance,1710417,100529.0,7983
96728,"Master, The (2012)",Drama,1560747,68722.0,7984
96737,Dredd (2012),Action|Sci-Fi,1343727,49049.0,7985
96811,End of Watch (2012),Crime|Drama|Thriller,1855199,77016.0,7986
96815,V/H/S (2012),Horror|Thriller,2105044,84348.0,7987
96821,"Perks of Being a Wallflower, The (2012)",Drama|Romance,1659337,84892.0,7988
96829,"Hunt, The (Jagten) (2012)",Drama,2106476,103663.0,7989
96832,Holy Motors (2012),Drama|Fantasy|Musical|Mystery|Sci-Fi,2076220,103328.0,7990
96861,Taken 2 (2012),Action|Crime|Drama|Thriller,1397280,82675.0,7991
96917,House at the End of the Street (2012),Horror|Thriller,1582507,82505.0,7992
96935,My Left Eye Sees Ghosts (Ngo joh aan gin diy gwai) (2002),Comedy|Fantasy|Romance,0319901,45397.0,7993
96945,Love Lasts Three Years (L'amour dure trois ans) (2011),Comedy|Drama|Romance,1638328,85735.0,7994
96964,"Tall Man, The (2012)",Crime|Drama|Mystery,1658837,86597.0,7995
96975,LOL (2012),Comedy|Drama|Romance,1592873,80271.0,7996
97024,Rust and Bone (De rouille et d'os) (2012),Drama|Romance,2053425,97365.0,7997
97168,Marley (2012),Documentary,1183919,90125.0,7998
97172,Frankenweenie (2012),Animation|Comedy|Horror|IMAX,1142977,62214.0,7999
97188,Sinister (2012),Horror|Thriller,1922777,82507.0,8000
97194,"Thing: Terror Takes Shape, The (1998)",Documentary,0376921,92171.0,8001
97225,Hotel Transylvania (2012),Animation|Children|Comedy,0837562,76492.0,8002
97230,Side by Side (2012),Documentary,2014338,110354.0,8003
97285,Take Aim at the Police Van (Sono gosôsha wo nerae: 'Jûsangô taihisen' yori) (1960),Action|Crime|Mystery,0054325,71723.0,8004
97304,Argo (2012),Drama|Thriller,1024648,68734.0,8005
97306,Seven Psychopaths (2012),Comedy|Crime,1931533,86838.0,8006
97328,Liberal Arts (2012),Comedy|Drama,1872818,84306.0,8007
97470,Catch .44 (2011),Action|Drama|Thriller,1886493,75736.0,8008
97643,[REC]³ 3 Génesis (2012),Horror|Thriller,1649444,80280.0,8009
97665,Asterix & Obelix: God Save Britannia (Astérix et Obélix: Au service de Sa Majesté) (2012),Adventure|Comedy,1597522,99770.0,8010
97701,Paranormal Activity 4 (2012),Horror|IMAX,2109184,82990.0,8011
97742,Alex Cross (2012),Action|Crime|Mystery|Thriller,1712170,94348.0,8012
97752,Cloud Atlas (2012),Drama|Sci-Fi|IMAX,1371111,83542.0,8013
97757,'Hellboy': The Seeds of Creation (2004),Action|Adventure|Comedy|Documentary|Fantasy,0424755,72867.0,8014
97785,Silent Hill: Revelation 3D (2012),Horror|Mystery|Thriller,0938330,61012.0,8015
97836,Here Comes the Boom (2012),Action|Comedy,1648179,87826.0,8016
97858,Mental (2012),Comedy|Drama,1655416,126797.0,8017
97860,Killing Them Softly (2012),Crime|Drama|Thriller,1764234,64689.0,8018
97866,"Imposter, The (2012)",Documentary,1966604,84287.0,8019
97870,"Sessions, The (Surrogate, The) (2012)",Drama,1866249,113947.0,8020
97904,Smashed (2012),Comedy|Drama,2063781,84341.0,8021
97913,Wreck-It Ralph (2012),Animation|Comedy,1772341,82690.0,8022
97921,Silver Linings Playbook (2012),Comedy|Drama,1045658,82693.0,8023
97923,Flight (2012),Drama,1907668,87502.0,8024
97936,Anna Karenina (2012),Drama,1781769,96724.0,8025
97938,Life of Pi (2012),Adventure|Drama|IMAX,0454876,87827.0,8026
97950,"Man with the Iron Fists, The (2012)",Action|Adventure|Crime,1258972,97430.0,8027
97988,"Bay, The (2012)",Horror|Sci-Fi|Thriller,1713476,123105.0,8028
98061,Himizu (2011),Children|Crime|Drama,1900893,98631.0,8029
98083,Jackass 3.5 (2011),Comedy|Documentary,1753968,65851.0,8030
98122,Indie Game: The Movie (2012),Documentary,1942884,80215.0,8031
98124,"Batman: The Dark Knight Returns, Part 1 (2012)",Action|Animation|Sci-Fi,2313197,123025.0,8032
98154,Lincoln (2012),Drama|War,0443272,72976.0,8033
98160,Nature Calls (2012),Comedy,1493157,135708.0,8034
98175,Vamps (2012),Comedy|Horror|Romance,1545106,73935.0,8035
98203,"Twilight Saga: Breaking Dawn - Part 2, The (2012)",Adventure|Drama|Fantasy|Romance|IMAX,1673434,50620.0,8036
98230,10 Years (2011),Comedy|Drama|Romance,1715873,58547.0,8037
98239,Red Dawn (2012),Action|War,1234719,60747.0,8038
98243,Rise of the Guardians (2012),Adventure|Animation|Children|Fantasy|IMAX,1446192,81188.0,8039
98279,"Fantastic Fear of Everything, A (2012)",Comedy,2006040,101519.0,8040
98296,Deadfall (2012),Crime|Drama|Thriller,1667310,97614.0,8041
98361,Byzantium (2012),Drama|Fantasy|Thriller,1531901,102780.0,8042
98491,Paperman (2012),Animation|Comedy|Romance,2388725,140420.0,8043
98499,"Fearless Hyena, The (Xiao quan guai zhao) (1979)",Action|Comedy,0079315,19274.0,8044
98503,Half a Loaf of Kung Fu (Dian zhi gong fu gan chian chan) (1980),Action|Comedy,0080623,18867.0,8045
98585,Hitchcock (2012),Drama,0975645,112336.0,8046
98604,From Up on Poppy Hill (Kokuriko-zaka kara) (2011),Animation|Drama|Romance,1798188,83389.0,8047
98607,Redline (2009),Action|Animation|Sci-Fi,1483797,71883.0,8048
98623,Winners and Sinners (Qi mou miao ji: Wu fu xing) (1983),Action|Comedy|Crime,0086605,25539.0,8049
98633,My Lucky Stars (Fuk sing go jiu) (1985),Action|Comedy,0089177,10044.0,8050
98697,"Money Money Money (L'aventure, c'est l'aventure) (1972)",Adventure|Comedy,0066798,34280.0,8051
98799,"Liar's Autobiography: The Untrue Story of Monty Python's Graham Chapman, A (2012)",Animation|Comedy,1979172,110392.0,8052
98809,"Hobbit: An Unexpected Journey, The (2012)",Adventure|Fantasy|IMAX,0903624,49051.0,8053
98836,Hyde Park on Hudson (2012),Comedy|Drama,1477855,87504.0,8054
98908,How to Make Love to a Woman (2010),Comedy|Romance,1241017,40722.0,8055
98961,Zero Dark Thirty (2012),Action|Drama|Thriller,1790885,97630.0,8056
99005,Fire with Fire (2012),Action|Crime|Drama,1925431,139567.0,8057
99007,Warm Bodies (2013),Comedy|Horror|Romance,1588173,82654.0,8058
99030,Wrong (2012),Comedy|Drama,1901040,83186.0,8059
99087,Playing for Keeps (2012),Comedy|Romance,1540128,77875.0,8060
99106,"Guilt Trip, The (2012)",Comedy,1694020,82687.0,8061
99112,Jack Reacher (2012),Action|Crime|Thriller,0790724,75780.0,8062
99114,Django Unchained (2012),Action|Drama|Western,1853728,68718.0,8063
99117,This Is 40 (2012),Drama,1758830,89492.0,8064
99122,I Bought a Vampire Motorcycle (1990),Comedy|Horror,0097550,41153.0,8065
99130,Ice Cream Man (1995),Comedy|Horror,0113376,44470.0,8066
99145,"Impossible, The (Imposible, Lo) (2012)",Drama|Thriller,1649419,80278.0,8067
99149,"Misérables, Les (2012)",Drama|Musical|Romance|IMAX,1707386,82695.0,8068
99191,Campfire Tales (1997),Horror,0115813,16315.0,8069
99415,Parental Guidance (2012),Comedy,1047540,88042.0,8070
99437,John Dies at the End (2012),Comedy|Fantasy|Horror,1783732,75761.0,8071
99532,"Misérables, Les (2000)",Drama|Romance,0230534,193380.0,8072
99574,Promised Land (2012),Drama,2091473,133694.0,8073
99636,English Vinglish (2012),Comedy|Drama,2181931,118628.0,8074
99638,Fish Story (Fisshu sutôrî) (2009),Comedy,1244666,38010.0,8075
99721,Texas Chainsaw 3D (2013),Horror|Mystery|Thriller,1572315,76617.0,8076
99728,Gangster Squad (2013),Action|Crime|Drama,1321870,82682.0,8077
99750,"Iceman, The (2012)",Crime|Drama|Thriller,1491044,68812.0,8078
99764,It's Such a Beautiful Day (2012),Animation|Comedy|Drama|Fantasy|Sci-Fi,2396224,147538.0,8079
99813,"Batman: The Dark Knight Returns, Part 2 (2013)",Action|Animation,2166834,142061.0,8080
99846,Everything or Nothing: The Untold Story of 007 (2012),Documentary,2366308,135921.0,8081
99853,Codependent Lesbian Space Alien Seeks Same (2011),Comedy|Romance|Sci-Fi,1762248,105538.0,8082
99910,"Last Stand, The (2013)",Action|Crime|Thriller,1549920,76640.0,8083
99917,Upstream Color (2013),Romance|Sci-Fi|Thriller,2084989,145197.0,8084
99992,Shadow Dancer (2012),Crime|Drama|Thriller,1770734,84336.0,8085
100044,Human Planet (2011),Documentary,1806234,69372.0,8086
100068,Comme un chef (2012),Comedy,1911553,85872.0,8087
100083,Movie 43 (2013),Comedy,1333125,87818.0,8088
100106,"Pervert's Guide to Ideology, The (2012)",Documentary,2152198,128190.0,8089
100159,Sightseers (2012),Comedy,2023690,117974.0,8090
100163,Hansel & Gretel: Witch Hunters (2013),Action|Fantasy|Horror|IMAX,1428538,60304.0,8091
100194,Jim Jefferies: Fully Functional (EPIX) (2012),Comedy,2274356,146837.0,8092
100226,Why Stop Now (2012),Comedy|Drama,1853643,118677.0,8093
100277,Tabu (2012),Drama|Romance,2153963,93858.0,8094
100302,Upside Down (2012),Drama|Romance|Sci-Fi,1374992,58244.0,8095
100304,"Liability, The (2012)",Action|Thriller,2081437,162145.0,8096
100306,Angst  (1983),Drama|Horror,0165623,18912.0,8097
100326,Stand Up Guys (2012),Comedy|Crime,1389096,121824.0,8098
100383,Side Effects (2013),Crime|Drama|Mystery|Thriller,2053463,109421.0,8099
100390,Identity Thief (2013),Comedy|Crime,2024432,109431.0,8100
100397,"ABCs of Death, The (2012)",Horror,1935896,87436.0,8101
100487,Beautiful Creatures (2013),Drama|Fantasy|Romance,1559547,109491.0,8102
100498,"Good Day to Die Hard, A (2013)",Action|Crime|Thriller|IMAX,1606378,47964.0,8103
100507,21 and Over (2013),Comedy,1711425,107811.0,8104
100527,Safe Haven (2013),Drama|Mystery|Romance,1702439,112949.0,8105
100553,Frozen Planet (2011),Documentary,2092588,134481.0,8106
100556,"Act of Killing, The (2012)",Documentary,2375605,123678.0,8107
100579,Universal Soldier: Day of Reckoning (2012),Action|Sci-Fi|Thriller,1659343,122857.0,8108
100611,Escape from Planet Earth (2013),Adventure|Animation|Comedy|Sci-Fi,0765446,68179.0,8109
100714,Before Midnight (2013),Drama|Romance,2209418,132344.0,8110
100737,Snitch (2013),Action|Drama|Thriller,0882977,134411.0,8111
100810,Dark Skies (2013),Horror|Sci-Fi|Thriller,2387433,145135.0,8112
100843,Oh Boy (A Coffee in Berlin) (2012),Comedy|Drama,1954701,130739.0,8113
100882,Journey to the West: Conquering the Demons (Daai wa sai you chi Chui mo chun kei) (2013),Adventure|Comedy|Fantasy|Romance|IMAX,2017561,170657.0,8114
100906,Maniac Cop 2 (1990),Action|Horror|Thriller,0100107,28090.0,8115
101025,Jack the Giant Slayer (2013),Adventure|Fantasy|IMAX,1351685,81005.0,8116
101070,Wadjda (2012),Drama,2258858,129112.0,8117
101072,"Unintentional Kidnapping of Mrs. Elfriede Ott, The (Die Unabsichtliche Entführung der Frau Elfriede Ott) (2010)",Comedy,1663636,59255.0,8118
101074,"Legend of Sleepy Hollow, The (1949)",Animation|Comedy|Horror|Musical,0051850,43650.0,8119
101076,G.I. Joe: Retaliation (2013),Action|Adventure|Sci-Fi|Thriller|IMAX,1583421,72559.0,8120
101088,Stoker (2013),Drama|Mystery|Thriller,1682180,86825.0,8121
101112,Oz the Great and Powerful (2013),Action|Adventure|Fantasy|IMAX,1623205,68728.0,8122
101142,"Croods, The (2013)",Adventure|Animation|Comedy,0481499,49519.0,8123
101283,"Incredible Burt Wonderstone, The (2013)",Comedy,0790628,124459.0,8124
101360,"Call, The (2013)",Drama|Thriller,1911644,158011.0,8125
101362,Olympus Has Fallen (2013),Action|Thriller,2302755,117263.0,8126
101415,"First Time, The (2012)",Comedy|Drama|Romance,1763303,84199.0,8127
101423,Mezzo Forte (1998),Action|Animation|Comedy,0427531,55892.0,8128
101525,"Place Beyond the Pines, The (2012)",Crime|Drama,1817273,97367.0,8129
101529,"Brass Teapot, The (2012)",Comedy|Fantasy|Thriller,1935902,127867.0,8130
101531,Phil Spector (2013),Drama,1745862,173153.0,8131
101577,"Host, The (2013)",Action|Adventure|Romance,1517260,72710.0,8132
101612,Admission (2013),Comedy|Romance,1814621,144340.0,8133
101739,Evil Dead (2013),Horror,1288558,109428.0,8134
101741,Trance (2013),Crime|Thriller,1924429,68727.0,8135
101765,"Perfect Plan, A (Plan parfait, Un) (2012)",Adventure|Comedy|Romance,1986843,133698.0,8136
101864,Oblivion (2013),Action|Adventure|Sci-Fi|IMAX,1483013,75612.0,8137
101884,Dark Tide (2012),Adventure|Drama|Thriller,1507563,59963.0,8138
101895,42 (2013),Drama,0453562,109410.0,8139
101962,Wolf Children (Okami kodomo no ame to yuki) (2012),Animation|Fantasy,2140203,110420.0,8140
101973,Disconnect (2012),Drama|Thriller,1433811,127517.0,8141
102007,"Invincible Iron Man, The (2007)",Animation,0903135,13647.0,8142
102025,Yongary: Monster from the Deep (1967),Children|Horror|Sci-Fi,0061549,42699.0,8143
102033,Pain & Gain (2013),Action|Comedy|Crime,1980209,134374.0,8144
102058,Hulk Vs. (2009),Animation,1325753,15257.0,8145
102066,Resolution (2012),Horror|Thriller,1977895,121606.0,8146
102070,Grabbers (2012),Comedy|Horror|Sci-Fi,1525366,84204.0,8147
102084,Justice League: Doom (2012) ,Action|Animation|Fantasy,2027128,76589.0,8148
102088,"Grandmaster, The (Yi dai zong shi) (2013)",Action|Drama|IMAX,1462900,44865.0,8149
102123,This Is the End (2013),Action|Comedy,1245492,109414.0,8150
102125,Iron Man 3 (2013),Action|Sci-Fi|Thriller|IMAX,1300854,68721.0,8151
102165,"English Teacher, The (2013)",Comedy|Drama,2055765,174321.0,8152
102194,Mud (2012),Adventure|Crime|Drama,1935179,103731.0,8153
102217,Bill Hicks: Revelations (1993),Comedy,0152183,25117.0,8154
102278,Pawn (2013),Crime|Thriller,1551630,165739.0,8155
102338,Shaolin Temple (Shao Lin si) (1976),Action|Adventure|Drama,0075202,45736.0,8156
102378,Syrup (2013),Comedy|Drama,0762138,72525.0,8157
102407,"Great Gatsby, The (2013)",Drama,1343092,64682.0,8158
102445,Star Trek Into Darkness (2013),Action|Adventure|Sci-Fi|IMAX,1408101,54138.0,8159
102481,"Internship, The (2013)",Comedy,2234155,116741.0,8160
102590,Darkon (2006),Documentary|Fantasy,0462246,16150.0,8161
102602,Mimino (1977),Comedy,0076391,27861.0,8162
102666,Ivan Vasilievich: Back to the Future (Ivan Vasilievich menyaet professiyu) (1973),Adventure|Comedy,0070233,20803.0,8163
102684,Only God Forgives (2013),Drama|Thriller,1602613,77987.0,8164
102686,"Hangover Part III, The (2013)",Comedy,1951261,109439.0,8165
102716,"Fast & Furious 6 (Fast and the Furious 6, The) (2013)",Action|Crime|Thriller|IMAX,1905041,82992.0,8166
102720,Epic (2013),Adventure|Animation|Fantasy,0848537,116711.0,8167
102735,Captain America (1979),Action|Drama,0078937,197467.0,8168
102742,Tie Xi Qu: West of the Tracks (Tiexi qu) (2003),Documentary,0389448,86282.0,8169
102747,"Rink, The (1916)",Comedy,0007264,2077.0,8170
102749,Captain America II: Death Too Soon (1979),Action|Crime,0078938,197481.0,8171
102760,Down Terrace (2009),Comedy|Crime|Drama,1489167,42151.0,8172
102800,Frances Ha (2012),Comedy|Drama,2347569,121986.0,8173
102802,"Lords of Salem, The (2012)",Horror|Thriller,1731697,104755.0,8174
102819,Behind the Candelabra (2013),Drama,1291580,119675.0,8175
102823,As I Was Moving Ahead Occasionally I Saw Brief Glimpses of Beauty (2000),Documentary,0262240,130824.0,8176
102852,With Great Power: The Stan Lee Story (2012),Documentary,1091863,86843.0,8177
102880,After Earth (2013),Action|Adventure|Sci-Fi|IMAX,1815862,82700.0,8178
102903,Now You See Me (2013),Crime|Mystery|Thriller,1670345,75656.0,8179
102984,Inhuman Resources (Redd Inc.) (2012),Horror|Thriller,1857842,133463.0,8180
102993,"Way, Way Back, The (2013)",Comedy|Drama,1727388,147773.0,8181
103027,Much Ado About Nothing (2012),Comedy|Drama|Romance,2094064,91739.0,8182
103042,Man of Steel (2013),Action|Adventure|Fantasy|Sci-Fi|IMAX,0770828,49521.0,8183
103048,"Kings of Summer, The (2013)",Comedy,2179116,156700.0,8184
103075,"Purge, The (2013)",Crime|Horror|Thriller,2184339,158015.0,8185
103085,Rapture-Palooza (2013),Comedy|Fantasy,1879032,174188.0,8186
103107,20 Feet from Stardom (Twenty Feet from Stardom) (2013),Documentary,2396566,159014.0,8187
103137,"Bling Ring, The (2013)",Crime|Drama,2132285,96936.0,8188
103141,Monsters University (2013),Adventure|Animation|Comedy,1453405,62211.0,8189
103171,Schlussmacher (2013),Comedy,1978524,160085.0,8190
103210,Fullmetal Alchemist: The Sacred Star of Milos (2011),Action|Adventure|Animation,1776196,80518.0,8191
103219,Maniac (2012),Horror|Thriller,2103217,103620.0,8192
103221,Not Suitable for Children (2012),Comedy|Romance,1935065,120292.0,8193
103228,Pacific Rim (2013),Action|Adventure|Sci-Fi|IMAX,1663662,68726.0,8194
103233,LEGO Batman: The Movie - DC Heroes Unite (2013),Action|Adventure|Animation,2465238,177271.0,8195
103235,"Best Offer, The (Migliore offerta, La) (2013)",Thriller,1924396,152742.0,8196
103245,Adam and Eve (National Lampoon's Adam & Eve) (2005),Comedy|Drama|Romance,0391728,53928.0,8197
103249,World War Z (2013),Action|Drama|Horror|IMAX,0816711,72190.0,8198
103253,Elysium (2013),Action|Drama|Sci-Fi|IMAX,1535108,68724.0,8199
103335,Despicable Me 2 (2013),Animation|Children|Comedy|IMAX,1690953,93456.0,8200
103339,White House Down (2013),Action|Drama|Thriller|IMAX,2334879,117251.0,8201
103341,"World's End, The (2013)",Action|Comedy|Sci-Fi,1213663,107985.0,8202
103366,Redemption (Hummingbird) (2013),Action|Crime|Thriller,1893256,136418.0,8203
103372,"Heat, The (2013)",Action|Comedy|Crime,2404463,136795.0,8204
103384,"Lone Ranger, The (2013)",Action|Adventure|Western|IMAX,1210819,57201.0,8205
103449,Passion (2012),Crime|Drama|Mystery|Thriller,1829012,109099.0,8206
103483,V/H/S/2 (2013),Horror|Thriller,2450186,159117.0,8207
103502,"Knot, The (2012)",Comedy|Romance,1877797,136386.0,8208
103539,The Spectacular Now (2013),Comedy|Drama|Romance,1714206,157386.0,8209
103543,"Lifeguard, The (2013)",Comedy|Drama,2265534,157375.0,8210
103596,Sharknado (2013),Sci-Fi,2724064,205321.0,8211
103602,Craig Ferguson: I'm Here To Help (2013),Comedy|Documentary,2523852,178946.0,8212
103606,Stuck in Love (2012),Comedy|Drama|Romance,2205697,111969.0,8213
103609,Class Act (1992),Comedy,0103978,30963.0,8214
103624,Fruitvale Station (2013),Drama,2334649,157354.0,8215
103655,R.I.P.D. (2013),Action|Comedy|Fantasy,0790736,49524.0,8216
103685,"Field in England, A (2013)",Drama|Fantasy|Thriller|War,2375574,179111.0,8217
103688,"Conjuring, The (2013)",Horror|Thriller,1457767,138843.0,8218
103755,Turbo (2013),Adventure|Animation|Children|Comedy|Fantasy,1860353,77950.0,8219
103772,"Wolverine, The (2013)",Action|Adventure|Fantasy|Sci-Fi,1430132,76170.0,8220
103801,Drinking Buddies (2013),Comedy|Drama|Romance,2265398,172533.0,8221
103810,Red 2 (2013),Action|Comedy|Crime|Thriller,1821694,146216.0,8222
103819,Coffee Town (2013),Comedy,2234025,198062.0,8223
103865,Revenge for Jolly! (2012),Comedy|Drama,2053423,192126.0,8224
103883,2 Guns (2013),Action|Comedy|Crime,1272878,136400.0,8225
103980,Blue Jasmine (2013),Drama,2334873,160588.0,8226
103984,"Great Beauty, The (Grande Bellezza, La) (2013)",Comedy|Drama,2358891,179144.0,8227
104017,3 dev adam (Three Giant Men) (1973) ,Action|Adventure|Sci-Fi,0181947,58447.0,8228
104069,Louis C.K.: Oh My God (2013),Comedy,2510998,185574.0,8229
104074,Percy Jackson: Sea of Monsters (2013),Adventure|Children|Fantasy,1854564,76285.0,8230
104076,"Smurfs 2, The (2013)",Animation|Children|Comedy,2017020,77931.0,8231
104078,Alan Partridge: Alpha Papa (2013),Comedy,0469021,177699.0,8232
104129,Man of Tai Chi (2013),Action|IMAX,2016940,76544.0,8233
104141,Batman: Mystery of the Batwoman (2003),Action|Animation|Children|Crime,0346578,21683.0,8234
104211,We're the Millers (2013),Comedy|Crime,1723121,138832.0,8235
104218,Grown Ups 2 (2013),Comedy,2191701,109418.0,8236
104241,Kick-Ass 2 (2013),Action|Comedy|Crime,1650554,59859.0,8237
104243,Riddick (2013),Action|Sci-Fi|Thriller|IMAX,1411250,87421.0,8238
104245,Planes (2013),Adventure|Animation|Comedy,1691917,151960.0,8239
104272,Blackfish (2013),Documentary,2545118,158999.0,8240
104283,"Wind Rises, The (Kaze tachinu) (2013)",Animation|Drama|Romance,2013293,149870.0,8241
104303,Jobs (2013),Drama,2357129,115782.0,8242
104337,Lee Daniels' The Butler (2013),Drama,1327773,132363.0,8243
104339,In a World... (2013),Comedy,2294677,157360.0,8244
104374,About Time (2013),Drama|Fantasy|Romance,2194499,122906.0,8245
104419,Justice League: Crisis on Two Earths (2010),Action|Animation|Sci-Fi,1494772,30061.0,8246
104457,You're Next (2011),Horror|Thriller,1853739,83899.0,8247
104644,Maria Bamford: The Special Special Special! (2012),Comedy,2546038,147129.0,8248
104760,Getaway (2013),Action|Crime,2167202,146227.0,8249
104780,"Mystery of the Third Planet, The (Tayna tretey planety) (1981)",Adventure|Animation|Sci-Fi,0211653,49802.0,8250
104837,Rage of Honor (1987),Action|Crime,0093820,17282.0,8251
104841,Gravity (2013),Action|Sci-Fi|IMAX,1454468,49047.0,8252
104863,What If (2013),Comedy|Drama|Romance,1486834,212716.0,8253
104875,"History of Future Folk, The (2012)",Adventure|Comedy|Musical|Sci-Fi,2245195,115199.0,8254
104879,Prisoners (2013),Drama|Mystery|Thriller,1392214,146233.0,8255
104906,Austenland (2013),Comedy|Romance,1985019,156711.0,8256
104908,Insidious: Chapter 2 (2013),Horror|Thriller,2226417,91586.0,8257
104913,Rush (2013),Action|Drama,1979320,96721.0,8258
104925,"Family, The (2013)",Action|Comedy|Crime,2404311,112205.0,8259
104944,Short Term 12 (2013),Drama,2370248,169813.0,8260
105020,Collision Course (1989),Action|Comedy|Thriller,0097081,102059.0,8261
105037,"To Do List, The (2013)",Comedy,1758795,129139.0,8262
105121,Inescapable (2012),Action|Drama|War,1844203,121676.0,8263
105197,Nebraska (2013),Adventure|Drama,1821549,129670.0,8264
105211,Enough Said (2013),Comedy|Drama|Romance,2390361,209263.0,8265
105213,Don Jon (2013),Comedy|Drama|Romance,2229499,138697.0,8266
105246,Mood Indigo (L'écume des jours) (2013),Drama|Fantasy,2027140,157820.0,8267
105250,"Century of the Self, The (2002)",Documentary,0432232,51452.0,8268
105254,Crystal Fairy & the Magical Cactus and 2012 (2013),Adventure|Comedy,2332579,157409.0,8269
105325,Bad Milo (Bad Milo!) (2013),Comedy|Horror,2274570,172828.0,8270
105351,Runner Runner (2013),Crime|Drama|Thriller,2364841,146238.0,8271
105355,Blue Is the Warmest Color (La vie d'Adèle) (2013),Drama|Romance,2278871,152584.0,8272
105468,Cloudy with a Chance of Meatballs 2 (2013),Animation|Children|Comedy|Fantasy,1985966,109451.0,8273
105504,Captain Phillips (2013),Adventure|Drama|Thriller|IMAX,1535109,109424.0,8274
105540,"All Dogs Christmas Carol, An (1998)",Animation|Children|Comedy|Musical,0166960,51985.0,8275
105585,Machete Kills (Machete 2) (2013),Action|Crime|Thriller,2002718,106747.0,8276
105593,Filth (2013),Comedy|Crime|Drama,1450321,85889.0,8277
105653,Escape Plan (2013),Action|Mystery|Thriller,1211956,107846.0,8278
105720,"Thief of Paris, The (Le voleur) (1967)",Comedy|Crime|Drama,0062457,55370.0,8279
105731,Carrie (2013),Drama|Horror,1939659,133805.0,8280
105746,UnHung Hero (2013),Documentary,2708946,173495.0,8281
105755,"Counselor, The (2013)",Crime|Drama|Thriller,2193215,109091.0,8282
105801,Escape From Tomorrow (2013),Drama|Fantasy|Horror,2187884,158752.0,8283
105835,"Double, The (2013)",Comedy|Drama|Thriller,1825157,146015.0,8284
105844,12 Years a Slave (2013),Drama,2024544,76203.0,8285
105954,All Is Lost (2013),Action|Adventure|Drama,2017038,152747.0,8286
106002,Ender's Game (2013),Action|Adventure|Sci-Fi|IMAX,1731141,80274.0,8287
106062,Jackass Presents: Bad Grandpa (2013),Comedy,3063516,208134.0,8288
106072,Thor: The Dark World (2013),Action|Adventure|Fantasy|IMAX,1981115,76338.0,8289
106100,Dallas Buyers Club (2013),Drama,0790636,152532.0,8290
106144,"Selfish Giant, The (2013)",Drama,2304426,194101.0,8291
106330,Last Vegas (2013),Comedy|Drama|Romance,1204975,137093.0,8292
106438,Philomena (2013),Comedy|Drama,2431286,205220.0,8293
106441,"Book Thief, The (2013)",Children|Drama|War,0816442,203833.0,8294
106487,The Hunger Games: Catching Fire (2013),Action|Adventure|Sci-Fi|IMAX,1951264,101299.0,8295
106489,"Hobbit: The Desolation of Smaug, The (2013)",Adventure|Fantasy|IMAX,1170358,57158.0,8296
106491,47 Ronin (2013),Action|Adventure|Fantasy,1335975,64686.0,8297
106540,Delivery Man (2013),Comedy,2387559,146239.0,8298
106542,Charlie Countryman (2013),Action|Comedy|Romance,1196948,41602.0,8299
106594,Red Flag (2012),Comedy|Drama|Romance,2147048,137312.0,8300
106642,"Day of the Doctor, The (2013)",Adventure|Drama|Sci-Fi,2779318,253941.0,8301
106648,Guilty of Romance (Koi no tsumi) (2011) ,Crime|Drama|Horror,1743724,80662.0,8302
106696,Frozen (2013),Adventure|Animation|Comedy|Fantasy|Musical|Romance,2294629,109445.0,8303
106766,Inside Llewyn Davis (2013),Drama,2042568,86829.0,8304
106782,"Wolf of Wall Street, The (2013)",Comedy|Crime|Drama,0993846,106646.0,8305
106785,Homefront (2013),Action|Crime|Thriller,2312718,204082.0,8306
106839,Mandela: Long Walk to Freedom (2013),Drama,2304771,192136.0,8307
106873,Evangelion: 3.0 You Can (Not) Redo (2012),Action|Animation|Drama,0860907,75629.0,8308
106883,All is Bright (2013),Comedy|Drama,1462901,174311.0,8309
106889,Tim's Vermeer (2013),Documentary,3089388,212063.0,8310
106916,American Hustle (2013),Crime|Drama,1800241,168672.0,8311
106918,"Secret Life of Walter Mitty, The (2013)",Adventure|Comedy|Drama,0359950,116745.0,8312
106920,Her (2013),Drama|Romance|Sci-Fi,1798709,152601.0,8313
106927,RoboGeisha (Robo-geisha) (2009),Action|Comedy|Sci-Fi,1381512,39260.0,8314
107013,"Christmas Carol, A (1977)",Drama|Fantasy,0188504,45697.0,8315
107069,Lone Survivor (2013),Action|Drama|Thriller|War,1091191,193756.0,8316
107141,Saving Mr. Banks (2013),Comedy|Drama,2140373,140823.0,8317
107159,Zatoichi and the Chest of Gold (Zatôichi senryô-kubi) (Zatôichi 6) (1964),Action|Drama,0130377,40897.0,8318
107314,Oldboy (2013),Action|Drama|Mystery,1321511,87516.0,8319
107338,Dampfnudelblues (2013),Comedy|Crime,2969050,209232.0,8320
107348,Anchorman 2: The Legend Continues (2013),Comedy,1229340,109443.0,8321
107406,Snowpiercer (2013),Action|Drama|Sci-Fi,1706620,110415.0,8322
107408,Only Old Men Are Going to Battle (V boy idut odni stariki) (1973),Comedy|Drama|War,0070861,37129.0,8323
107410,Guest from the Future (Gostya iz buduschego) (1985),Adventure|Drama|Sci-Fi,0086723,20894.0,8324
107412,"Kidnapping, Caucasian Style (Kavkazskaya plennitsa) (1967)",Comedy|Romance,0060584,20878.0,8325
107436,Haunter (2013),Horror|Mystery|Thriller,2345567,166271.0,8326
107447,Wrong Cops (2013),Comedy|Crime,2166616,158990.0,8327
107449,"Muppet Christmas: Letters to Santa, A (2008)",Children|Comedy,1292569,27190.0,8328
107462,Ninja: Shadow of a Tear (2013),Action|Crime|Thriller,2458106,180894.0,8329
107565,"Fuck You, Goethe (Fack Ju Göhte) (2013)",Comedy,2987732,233063.0,8330
107630,High School (2010),Comedy,1247667,27584.0,8331
107702,Grudge Match (2013),Comedy,1661382,64807.0,8332
107723,Highlander: The Search for Vengeance (2007),Action|Adventure|Fantasy,0465657,13194.0,8333
107771,Only Lovers Left Alive (2013),Drama|Horror|Romance,1714915,152603.0,8334
107780,Cats (1998),Musical,2227830,230657.0,8335
107846,MacGyver: Trail to Doomsday (1994),Action|Adventure,0110420,13632.0,8336
107945,Bad Karma (2012),Thriller,1847548,122796.0,8337
107951,Hunting Elephants (2013),Comedy|Crime,2295196,204810.0,8338
107953,Dragon Ball Z: Battle of Gods (2013),Action|Animation|Fantasy|IMAX,2263944,126963.0,8339
107962,Freezer (2014),Action|Thriller,2325002,243531.0,8340
107997,We Are What We Are (2013),Drama|Horror|Mystery|Thriller,2309021,159128.0,8341
107999,Dragon ball Z 04: Lord Slug (1991),Animation|Children,0142244,39102.0,8342
108078,Chinese Puzzle (Casse-tête chinois) (2013),Comedy|Romance,1937118,206408.0,8343
108090,Dragon Ball: The Path to Power (Doragon bôru: Saikyô e no michi) (1996),Action|Adventure|Animation|Children,0142250,39148.0,8344
108156,Ride Along (2014),Action|Comedy,1408253,168530.0,8345
108188,Jack Ryan: Shadow Recruit (2014),Action|Drama|Thriller|IMAX,1205537,137094.0,8346
108190,Divergent (2014),Adventure|Romance|Sci-Fi|IMAX,1840309,157350.0,8347
108192,Hotel Chevalier (Part 1 of 'The Darjeeling Limited') (2007),Drama,1094249,6418.0,8348
108540,Ernest & Célestine (Ernest et Célestine) (2012),Adventure|Animation|Children|Comedy|Drama|Romance,1816518,126319.0,8349
108601,Drift (2013),Drama,1714833,137968.0,8350
108689,"I, Frankenstein (2014)",Action|Fantasy|Sci-Fi|IMAX,1418377,100241.0,8351
108715,Better Living Through Chemistry (2014),Comedy|Drama,1609479,157099.0,8352
108727,Nymphomaniac: Volume I (2013),Drama,1937390,110414.0,8353
108729,Enemy (2013),Mystery|Thriller,2316411,181886.0,8354
108795,Wonder Woman (2009),Action|Adventure|Animation|Fantasy,1186373,15359.0,8355
108928,"Monuments Men, The (2014)",Action|Drama|War,2177771,152760.0,8356
108932,The Lego Movie (2014),Action|Adventure|Animation|Children|Comedy|Fantasy,1490017,137106.0,8357
108945,RoboCop (2014),Action|Crime|Sci-Fi|IMAX,1234721,97020.0,8358
108949,"Art of the Steal, The (2013)",Crime,2172985,209247.0,8359
108981,Nymphomaniac: Volume II (2013),Drama|Mystery,2382009,249397.0,8360
109042,Knights of Badassdom (2013),Adventure|Comedy|Fantasy,1545660,74461.0,8361
109161,Venus in Fur (La Vénus à la fourrure) (2013),Drama,2406252,197082.0,8362
109183,Date and Switch (2014),Comedy,1878942,99367.0,8363
109187,"Zero Theorem, The (2013)",Drama|Fantasy|Sci-Fi,2333804,157834.0,8364
109191,Winter's Tale (2014),Drama|Fantasy|Mystery,1837709,137321.0,8365
109241,On the Other Side of the Tracks (De l'autre côté du périph) (2012),Action|Comedy|Crime,1937133,146375.0,8366
109282,GLOW: The Story of the Gorgeous Ladies of Wrestling (2012),Documentary,1559038,103732.0,8367
109295,Cold Comes the Night (2013),Crime|Drama|Thriller,2511428,210047.0,8368
109313,Chouchou (2003),Comedy,0328955,17684.0,8369
109317,Someone Marry Barry (2014),Comedy,1978532,249923.0,8370
109372,About Last Night (2014),Comedy|Romance,1826590,222899.0,8371
109374,"Grand Budapest Hotel, The (2014)",Comedy|Drama,2278388,120467.0,8372
109383,"Oversimplification of Her Beauty, An (2012)",Animation|Comedy|Drama|Romance,2073520,84319.0,8373
109416,Bring It On: Fight to the Finish (2009),Comedy,1349482,21474.0,8374
109483,That Awkward Moment (2014),Comedy|Romance,1800246,225565.0,8375
109487,Interstellar (2014),Sci-Fi|IMAX,0816692,157336.0,8376
109569,3 Days to Kill (2014),Action|Crime|Drama,2172934,192102.0,8377
109576,Welcome to the Jungle (2013),Comedy,2193265,205724.0,8378
109578,Non-Stop (2014),Action|Mystery|Thriller,2024469,225574.0,8379
109596,Wrinkles (Arrugas) (2011),Animation|Drama,1407052,85444.0,8380
109633,"Garden of Words, The (Koto no ha no niwa) (2013)",Animation|Romance,2591814,198375.0,8381
109673,300: Rise of an Empire (2014),Action|Drama|War|IMAX,1253863,53182.0,8382
109687,Particle Fever (2013),Documentary,1385956,202141.0,8383
109723,"Bag Man, The (2014)",Crime|Drama|Thriller,2212008,242076.0,8384
109846,Mr. Peabody & Sherman (2014),Adventure|Animation|Comedy,0864835,82703.0,8385
109848,Under the Skin (2013),Horror|Sci-Fi|Thriller,1441395,97370.0,8386
109850,Need for Speed (2014),Action|Crime|Drama|IMAX,2369135,136797.0,8387
109853,Barefoot (2014),Comedy|Drama|Romance,2355495,242042.0,8388
109864,Veronica Mars (2014),Comedy|Crime|Drama,2771372,177494.0,8389
109895,Bad Words (2013),Comedy,2170299,209403.0,8390
109897,Son of God (2014),Drama,3210686,235260.0,8391
109941,Puss in Boots: The Three Diablos (2012),Animation|Comedy,2268617,83201.0,8392
109968,Why Don't You Play In Hell? (Jigoku de naze warui) (2013),Action|Drama,2409302,134350.0,8393
109971,Ocho apellidos vascos (2014),Comedy,2955316,236737.0,8394
110102,Captain America: The Winter Soldier (2014),Action|Adventure|Sci-Fi|IMAX,1843866,100402.0,8395
110127,Noah (2014),Adventure|Drama|IMAX,1959490,86834.0,8396
110130,"Nut Job, The (2014)",Adventure|Animation|Children|Comedy,1821658,227783.0,8397
110281,King of Comedy (Hei kek ji wong) (1999),Comedy|Drama|Romance,0188766,53168.0,8398
110286,13 Sins (2014),Horror|Thriller,2059171,155084.0,8399
110297,Muppets Most Wanted (2014),Adventure|Comedy|Crime,2281587,145220.0,8400
110330,Me and you (io e te) (2012),Drama,1801061,119360.0,8401
110350,Free to Play (2014),Documentary,3203290,256561.0,8402
110387,"Unknown Known, The (2013)",Documentary,2390962,209799.0,8403
110501,The Raid 2: Berandal (2014),Action|Crime|Thriller,2265171,180299.0,8404
110541,"Brain Smasher... A Love Story (Bouncer and the Lady, The) (1993)",Action|Comedy,0106475,25706.0,8405
110553,The Amazing Spider-Man 2 (2014),Action|Sci-Fi|IMAX,1872181,102382.0,8406
110586,Calvary (2014),Comedy|Drama,2234003,157832.0,8407
110591,Oculus (2013),Horror,2388715,157547.0,8408
110603,God's Not Dead (2014),Drama,2528814,249660.0,8409
110611,Cold in July (2014),Drama|Thriller,1179031,244509.0,8410
110655,Rio 2 (2014),Adventure|Animation|Children|Comedy,2357291,172385.0,8411
110669,"Honest Liar, An (2014)",Comedy|Documentary,2246565,262481.0,8412
110718,Fading Gigolo (2013),Comedy,2258345,214030.0,8413
110730,Transcendence (2014),Drama|Sci-Fi|IMAX,2209764,157353.0,8414
110746,Hatchet III (2013),Comedy|Horror,1870419,167575.0,8415
110771,"Other Woman, The (2014)",Comedy|Romance,2203939,193610.0,8416
110773,"Haunted House 2, A (2014)",Comedy|Horror,2828996,184345.0,8417
110781,Mulan II (2004),Action|Animation|Children|Comedy|Musical,0279967,12242.0,8418
110826,Brick Mansions (2014),Action|Crime|Drama,1430612,254473.0,8419
110882,Locke (2013),Drama,2692904,210479.0,8420
111113,Neighbors (2014),Comedy,2004420,195589.0,8421
111146,Alpha and Omega 3: The Great Wolf Games (2014),Action|Adventure|Animation|Children|Comedy,3600760,258096.0,8422
111320,Mom's Night Out (2014),Comedy,3014666,252680.0,8423
111360,Lucy (2014),Action|Sci-Fi,2872732,240832.0,8424
111362,X-Men: Days of Future Past (2014),Action|Adventure|Sci-Fi,1877832,127585.0,8425
111364,Godzilla (2014),Action|Adventure|Sci-Fi|IMAX,0831387,124905.0,8426
111375,Walk of Shame (2014),Comedy,2463288,187596.0,8427
111384,Blue Ruin (2013),Thriller,2359024,188166.0,8428
111443,Chef (2014),Comedy,2883512,212778.0,8429
111551,Afflicted (2013),Horror|Sci-Fi|Thriller,2309961,210947.0,8430
111617,Blended (2014),Comedy,1086772,232672.0,8431
111622,Begin Again (2013),Comedy|Romance,1980929,198277.0,8432
111659,Maleficent (2014),Action|Adventure|Children|IMAX,1587310,102651.0,8433
111663,Zombeavers (2014),Action|Comedy|Horror,2784512,254474.0,8434
111680,At Middleton (2013),Comedy|Romance,1483324,194722.0,8435
111732,"Dance of Reality, The (Danza de la realidad, La) (2013)",Drama|Fantasy,2301592,137698.0,8436
111743,A Million Ways to Die in the West (2014),Comedy|Western,2557490,188161.0,8437
111759,Edge of Tomorrow (2014),Action|Sci-Fi|IMAX,1631867,137113.0,8438
111781,Mission: Impossible - Rogue Nation (2015),Action|Adventure|Thriller,2381249,177677.0,8439
111785,Midnight Chronicles (2009),Action|Adventure|Fantasy,1079372,20880.0,8440
111795,Million Dollar Arm (2014),Comedy|Drama,1647668,198185.0,8441
111800,G.B.F. (2013),Comedy,2429074,174323.0,8442
111817,Jimi: All Is by My Side (2013),Drama,2402085,192133.0,8443
111844,Bad Asses (Bad Ass 2) (2014),Action|Drama,2996648,255268.0,8444
111913,Lilting (2014),Drama,2560102,248212.0,8445
111921,The Fault in Our Stars (2014),Drama|Romance,2582846,222935.0,8446
112006,Tangled Ever After (2012),Action|Animation|Children,2112281,82881.0,8447
112070,Maps to the Stars (2014),Drama,2172584,157851.0,8448
112138,22 Jump Street (2014),Action|Comedy|Crime,2294449,187017.0,8449
112171,"Equalizer, The (2014)",Action|Crime|Thriller,0455944,156022.0,8450
112175,How to Train Your Dragon 2 (2014),Action|Adventure|Animation,1646971,82702.0,8451
112183,Birdman: Or (The Unexpected Virtue of Ignorance) (2014),Comedy|Drama,2562232,194662.0,8452
112290,Boyhood (2014),Drama,1065073,85350.0,8453
112303,Think Like a Man Too (2014),Comedy|Romance,2239832,184098.0,8454
112316,Jersey Boys (2014),Drama|Musical,1742044,209451.0,8455
112326,Nick Fury: Agent of S.H.I.E.L.D. (1998),Action|Sci-Fi,0119781,27460.0,8456
112334,"Internet's Own Boy: The Story of Aaron Swartz, The (2014)",Documentary,3268458,250658.0,8457
112370,Transformers: Age of Extinction (2014),Action|Adventure|Sci-Fi,2109248,91314.0,8458
112421,Frank (2014),Comedy|Drama|Mystery,1605717,171372.0,8459
112450,They Came Together (2014),Comedy|Romance,2398249,180296.0,8460
112454,Honey (Miele) (2013),Drama,2357461,186988.0,8461
112460,Planes: Fire & Rescue (2014),Adventure|Animation|Comedy,2980706,218836.0,8462
112497,Tammy (2014),Comedy,2103254,226486.0,8463
112512,Colourful (Karafuru) (2010),Animation|Drama|Fantasy|Mystery,1677561,64246.0,8464
112515,"Babadook, The (2014)",Drama|Horror|Thriller,2321549,242224.0,8465
112552,Whiplash (2014),Drama,2582802,244786.0,8466
112556,Gone Girl (2014),Drama|Thriller,2267998,210577.0,8467
112580,"Angriest Man in Brooklyn, The (2014)",Comedy|Drama,1294970,152790.0,8468
112623,Dawn of the Planet of the Apes (2014),Sci-Fi,2103281,119450.0,8469
112727,Deliver Us from Evil (2014),Crime|Horror|Thriller,2377322,184346.0,8470
112749,And So It Goes (2014),Comedy|Drama|Romance,2465146,253235.0,8471
112788,Sex Tape (2014),Comedy,1956620,225886.0,8472
112804,I Origins (2014),Drama|Sci-Fi,2884206,244267.0,8473
112818,"Purge: Anarchy, The (2014)",Action|Horror|Thriller,2975578,238636.0,8474
112852,Guardians of the Galaxy (2014),Action|Adventure|Sci-Fi,2015381,118340.0,8475
112868,"Signal, The (2014)",Sci-Fi|Thriller,2910814,242095.0,8476
112897,The Expendables 3 (2014),Action|Adventure,2333784,138103.0,8477
112911,Hercules (2014),Action|Adventure,1267297,184315.0,8478
112940,A Most Wanted Man (2014),Thriller,1972571,157849.0,8479
113159,Life After Beth (2014),Comedy|Horror|Romance,2581244,244566.0,8480
113186,Felony (2013),Thriller,2402603,209269.0,8481
113207,Get on Up (2014),Drama|Musical,2473602,239566.0,8482
113225,Magic in the Moonlight (2014),Comedy|Drama|Romance,2870756,229297.0,8483
113252,Housebound (2014),Comedy|Horror|Thriller,3504048,253306.0,8484
113275,The Hundred-Foot Journey (2014),Comedy|Drama,2980648,228194.0,8485
113278,Batman: Assault on Arkham (2014),Action|Animation|Crime|Thriller,3139086,242643.0,8486
113280,White Frog (2012),Drama,1967697,192623.0,8487
113313,"Den, The (2013)",Horror|Thriller,2503154,244610.0,8488
113345,Jupiter Ascending (2015),Action|Adventure|Sci-Fi,1617661,76757.0,8489
113348,Teenage Mutant Ninja Turtles (2014),Action|Adventure|Comedy,1291150,98566.0,8490
113350,I'll Follow You Down (2013),Drama|Mystery|Sci-Fi,2048770,273404.0,8491
113374,"Old Lady and the Pigeons, The (La vieille dame et les pigeons) (1997)",Animation|Comedy,0127710,48347.0,8492
113378,"Giver, The (2014)",Drama|Sci-Fi,0435651,227156.0,8493
113394,"Pretty One, The (2013)",Comedy|Drama,2140577,174337.0,8494
113416,Revenge of the Green Dragons (2014),Action|Crime|Drama,1396523,286709.0,8495
113453,Let's Be Cops (2014),Comedy|Crime,1924435,193893.0,8496
113532,"Inbetweeners 2, The (2014)",Comedy,3097204,242022.0,8497
113565,"Sacrament, The (2013)",Horror|Thriller,2383068,211067.0,8498
113573,Sin City: A Dame to Kill For (2014),Action|Crime|Thriller,0458481,189.0,8499
113604,If I Stay (2014),Drama,1355630,249164.0,8500
113705,"Two Days, One Night (Deux jours, une nuit) (2014)",Drama,2737050,221902.0,8501
113741,Coherence (2013),Drama|Mystery|Sci-Fi|Thriller,2866360,220289.0,8502
113780,"As Above, So Below (2014)",Horror|Thriller,2870612,256274.0,8503
113829,"One I Love, The (2014)",Comedy|Drama|Romance,2756032,242090.0,8504
113849,Headshot (2011),Crime|Drama|Thriller,1682186,88573.0,8505
113862,"Guest, The (2014)",Thriller,2980592,241848.0,8506
114028,Pride (2014),Comedy|Drama,3169706,234200.0,8507
114044,Honeymoon (2014),Horror,3177316,254191.0,8508
114060,The Drop (2014),Crime|Drama|Thriller,1600196,154400.0,8509
114066,"20,000 Days on Earth (2014)",Documentary|Drama|Musical,2920540,246400.0,8510
114074,The Skeleton Twins (2014),Drama,1571249,244772.0,8511
114126,Beautiful Losers (2008),Documentary,0430916,27286.0,8512
114180,"Maze Runner, The (2014)",Action|Mystery|Sci-Fi,1790864,198663.0,8513
114184,Camp X-Ray (2014),Drama,2994190,244506.0,8514
114246,"Walk Among the Tombstones, A (2014)",Action|Crime|Mystery|Thriller,0365907,169917.0,8515
114265,Laggies (2014),Comedy|Romance,2034031,244264.0,8516
114335,La cravate (1957),(no genres listed),0121731,32891.0,8517
114396,Cesar Chavez (2014),Drama,1621046,230779.0,8518
114494,Who Am I (Kein System Ist Sicher) (2014),Thriller,3042408,284427.0,8519
114554,"Tale of Princess Kaguya, The (Kaguyahime no monogatari) (2013)",Animation|Drama|Fantasy,2576852,149871.0,8520
114601,This Is Where I Leave You (2014),Comedy|Drama,1371150,239678.0,8521
114627,Angel's Egg (Tenshi no tamago) (1985),Animation|Drama|Fantasy,0208502,15916.0,8522
114662,American Sniper (2014),Action|War,2179136,190859.0,8523
114670,Tusk (2014),Comedy|Drama|Horror,3099498,246403.0,8524
114678,Hector and the Search for Happiness (2014),Adventure|Comedy|Drama,1626146,254375.0,8525
114707,Horns (2014),Horror|Mystery,1528071,149509.0,8526
114713,Annabelle (2014),Horror,3322940,250546.0,8527
114762,Two Night Stand (2014),Comedy|Romance,2140619,286554.0,8528
114795,Dracula Untold (2014),Action|Drama|Fantasy,0829150,49017.0,8529
114818,Stretch (2014),Action|Comedy|Crime,2494280,227300.0,8530
114847,Autómata (Automata) (2014),Sci-Fi|Thriller,1971325,262543.0,8531
114925,"Captive, The (2014)",Crime|Drama|Thriller,2326612,244761.0,8532
114935,Predestination (2014),Action|Mystery|Sci-Fi|Thriller,2397535,206487.0,8533
115065,Justin and the Knights of Valour (2013),Adventure|Animation,1639826,146381.0,8534
115111,Ward 13 (2003),Action|Animation|Comedy|Horror,0379000,48585.0,8535
115122,What We Do in the Shadows (2014),Comedy|Horror,3416742,246741.0,8536
115149,John Wick (2014),Action|Thriller,2911666,245891.0,8537
115151,Plastic (2014),Action|Crime,2556874,208869.0,8538
115170,"Judge, The (2014)",Drama,1872194,205587.0,8539
115203,"Culture High, The (2014)",Documentary,1778338,295538.0,8540
115210,Fury (2014),Action|Drama|War,2713180,228150.0,8541
115216,"Salvation, The (2014)",Drama|Western,2720680,266285.0,8542
115231,St. Vincent (2014),Comedy,2170593,239563.0,8543
115502,"Rewrite, The (2014)",Comedy|Romance,2509850,289727.0,8544
115569,Nightcrawler (2014),Crime|Drama|Thriller,2872718,242582.0,8545
115617,Big Hero 6 (2014),Action|Animation|Comedy,2245084,177572.0,8546
115664,The Book of Life (2014),Adventure|Animation|Romance,2262227,228326.0,8547
115667,"Love, Rosie (2014)",Comedy|Romance,1638002,200727.0,8548
115680,Time Lapse (2014),Crime|Drama|Sci-Fi|Thriller,2669336,273271.0,8549
115713,Ex Machina (2015),Drama|Sci-Fi|Thriller,0470752,264660.0,8550
115727,Crippled Avengers (Can que) (Return of the 5 Deadly Venoms) (1981),Action|Adventure,0077292,40081.0,8551
115819,Mr Hublot (2013),Animation|Comedy,3043542,234862.0,8552
115828,Copenhagen (2014),Adventure|Drama|Romance,2459156,251232.0,8553
115877,"Simpsons: The Longest Daycare, The (2012)",Animation|Comedy,2175842,116440.0,8554
115969,Generation War (2013),Drama|War,1883092,178446.0,8555
116044,Christmas in Connecticut (1992),Comedy|Romance,0103961,55596.0,8556
116138,Leviathan (2014),Drama,2802154,265180.0,8557
116169,Reign of Assassins (2010),Action,1460743,44092.0,8558
116207,Zulu (2013),Crime|Drama|Thriller,2249221,185567.0,8559
116411,Tangerines (2013),Drama,2991224,238628.0,8560
116413,Life Partners (2014),Comedy|Romance,2870808,260001.0,8561
116419,Drive Hard (2014),Action|Comedy|Crime,2968804,256092.0,8562
116505,New Kids Nitro (2011),Action|Comedy,2043932,79723.0,8563
116529,Stalingrad (2013),Action|Drama|War|IMAX,1966566,203793.0,8564
116668,Dead Snow 2: Red vs. Dead (2014) ,Action|Comedy|Horror,2832470,241842.0,8565
116718,Volga - Volga (1938),Comedy|Musical,0030947,37133.0,8566
116724,You Are the Apple of My Eye (2011),Comedy|Drama|Romance,2036416,84111.0,8567
116738,DeadHeads (2011),Adventure|Comedy|Horror,1273207,77067.0,8568
116797,The Imitation Game (2014),Drama|Thriller|War,2084970,205596.0,8569
116799,Inherent Vice (2014),Comedy|Crime|Drama|Mystery|Romance,1791528,171274.0,8570
116817,Rudderless (2014),Comedy|Drama,1798243,244403.0,8571
116823,The Hunger Games: Mockingjay - Part 1 (2014),Adventure|Sci-Fi|Thriller,1951265,131631.0,8572
116849,Sex Ed (2014),Comedy|Romance,2751310,295315.0,8573
116887,Exodus: Gods and Kings (2014),Action|Adventure|Drama,1528100,147441.0,8574
116897,Wild Tales (2014),Comedy|Drama|Thriller,3011894,265195.0,8575
116941,Jetsons: The Movie (1990),Animation|Children|Comedy|Musical|Sci-Fi,0099878,17009.0,8576
116963,Ski School (1991),Comedy,0102940,21811.0,8577
116977,Dumb and Dumber To (2014),Comedy,2096672,100042.0,8578
116985,The Longest Week (2014),Comedy|Drama,2064968,206821.0,8579
117107,Miss Meadows (2014),Drama,3128900,261037.0,8580
117109,Too Many Cooks (2014),Comedy,3534838,301566.0,8581
117133,Painted Skin (2008),Action|Drama|Thriller,1055300,17808.0,8582
117176,The Theory of Everything (2014),Drama|Romance,2980516,266856.0,8583
117192,Doctor Who: The Time of the Doctor (2013),Adventure|Drama,2986512,282848.0,8584
117364,Virunga (2014),Documentary|War,3455224,263614.0,8585
117368,The Madagascar Penguins in a Christmas Caper (2005),Animation|Comedy,0484439,10258.0,8586
117444,Song of the Sea (2014),Animation|Children|Fantasy,1865505,110416.0,8587
117466,In the Heart of the Sea (2015),Action|Adventure|Drama,1390411,205775.0,8588
117511,Hello Ladies: The Movie (2014),Comedy,3762944,303623.0,8589
117529,Jurassic World (2015),Action|Adventure|Drama|Sci-Fi|Thriller,0369610,135397.0,8590
117531,Watermark (2014),Documentary,3106868,215032.0,8591
117533,Citizenfour (2014),Documentary,4044364,293310.0,8592
117545,Asterix: The Land of the Gods (Astérix: Le domaine des dieux) (2014),Animation,3759416,170522.0,8593
117572,Hit by Lightning (2014),Comedy|Crime|Romance,2402619,294538.0,8594
117590,Horrible Bosses 2 (2014),Comedy|Crime,2170439,227159.0,8595
117630,Double Trouble (1992),Action|Comedy|Crime|Romance,0104135,88107.0,8596
117646,Dragonheart 2: A New Beginning (2000),Action|Adventure|Comedy|Drama|Fantasy|Thriller,0214641,10473.0,8597
117849,La Belle Verte (1996),Comedy,0115650,25518.0,8598
117851,Penguins of Madagascar (2014),Adventure|Animation|Children|Comedy,1911658,270946.0,8599
117867,'71 (2014),Action|Drama|Thriller|War,2614684,252178.0,8600
117877,The Rabbi's Cat (Le chat du rabbin) (2011),Adventure|Animation,1355638,75491.0,8601
117881,Still Alice (2014),Drama,3316960,284293.0,8602
117887,Paddington (2014),Children|Comedy,1109624,116149.0,8603
117895,Maze Runner: Scorch Trials (2015),Action|Thriller,4046784,294254.0,8604
117922,Ice Age: A Mammoth Christmas (2011),Adventure|Animation|Children,2100546,79218.0,8605
118082,The Voices (2014),Comedy|Crime|Thriller,1567437,244458.0,8606
118166,Courier (1987),Comedy|Drama|Romance,0091364,70966.0,8607
118198,The Green Prince (2014),Documentary|Drama|Thriller,2304915,250798.0,8608
118248,Dying of the Light (2014),Drama|Thriller,1274586,297596.0,8609
118270,Hellbenders (2012),Comedy|Horror|Thriller,1865393,123107.0,8610
118290,Omega Doom (1996),Sci-Fi,0117238,17135.0,8611
118326,By the Gun (2014),Crime|Drama|Thriller,2543702,270005.0,8612
118354,Kill the Messenger (2014),Crime|Drama|Mystery|Thriller,1216491,245916.0,8613
118512,Bring It On: In It To Win It (2007),Comedy,0972785,15261.0,8614
118530,Fans (1999),Comedy,0200215,42441.0,8615
118572,The Mule (2014),Comedy|Crime|Drama,2130270,253272.0,8616
118696,The Hobbit: The Battle of the Five Armies (2014),Adventure|Fantasy,2310332,122917.0,8617
118700,Selma (2014),Drama,1020072,273895.0,8618
118702,Unbroken (2014),Drama|War,1809398,227306.0,8619
118706,Black Sea (2015),Adventure|Mystery|Thriller,2261331,246080.0,8620
118784,Good Copy Bad Copy (2007),Documentary,1782451,22285.0,8621
118814,Playing It Cool (2014),Comedy|Romance,2139555,277547.0,8622
118834,National Lampoon's Bag Boy (2007),Comedy,0906325,24388.0,8623
118862,Closer to the Moon (2013),Comedy|Drama,2017486,137347.0,8624
118880,"Girl Walks Home Alone at Night, A (2014)",Horror|Romance|Thriller,2326554,252171.0,8625
118888,Dave Chappelle: For What it's Worth (2004),Comedy,0424934,20147.0,8626
118894,Scooby-Doo! Abracadabra-Doo (2010),Animation|Children|Mystery,1599351,32916.0,8627
118896,Mommy (2014),Drama,3612616,265177.0,8628
118900,Wild (2014),Drama,2305051,228970.0,8629
118924,Top Five (2014),Comedy,2784678,284296.0,8630
118930,Bill Burr: I'm Sorry You Feel That Way (2014),Comedy,3823690,308571.0,8631
118985,Big Eyes (2014),Drama,1126590,87093.0,8632
118997,Into the Woods (2014),Children|Comedy|Fantasy|Musical,2180411,224141.0,8633
119068,"Men, Women & Children (2014)",Comedy|Drama,3179568,243684.0,8634
119141,The Interview (2014),Action|Comedy,2788710,228967.0,8635
119145,Kingsman: The Secret Service (2015),Action|Adventure|Comedy|Crime,2802144,207703.0,8636
119153,Bill Burr: You People Are All the Same (2012),Comedy,2290153,191489.0,8637
119155,Night at the Museum: Secret of the Tomb (2014),Adventure|Children|Comedy|Fantasy,2692250,181533.0,8638
119167,Paradox (2010),Sci-Fi|Thriller,1343740,51239.0,8639
119218,The Punisher: Dirty Laundry (2012),Action|Crime|Drama,2280378,120605.0,8640
119655,Seventh Son (2014),Adventure|Children|Fantasy,1121096,68737.0,8641
119714,Corner Gas: The Movie (2014),Comedy,3788052,298533.0,8642
119828,A Man Called Blade (1977),Action|Drama|Thriller|Western,0076360,19946.0,8643
119964,A Merry Friggin' Christmas (2014),Comedy,0910885,286532.0,8644
120130,Into the Forest of Fireflies' Light (2011),Animation|Drama|Fantasy,2061702,92321.0,8645
120138,PK (2014),Comedy|Drama|Fantasy|Mystery|Romance,2338151,297222.0,8646
120466,Chappie (2015),Action|Thriller,1823672,198184.0,8647
120478,The Salt of the Earth (2014),Documentary,3674140,265297.0,8648
120625,The Fool (2014),Drama,3560686,285700.0,8649
120635,Taken 3 (2015),Action|Crime|Thriller,2446042,260346.0,8650
120637,Blackhat (2015),Action|Crime|Drama|Mystery|Thriller,2717822,201088.0,8651
120761,By the Law (1926),Drama,0017271,126644.0,8652
120783,Son of a Gun (2014),Action|Crime|Drama,2452200,294652.0,8653
120799,Terminator Genisys (2015),Action|Adventure|Sci-Fi|Thriller,1340138,87101.0,8654
120807,John Mulaney: New In Town (2012),Comedy,2246779,86705.0,8655
120813,Patton Oswalt: My Weakness Is Strong (2009),Comedy,1503646,27317.0,8656
120827,The Hound of the Baskervilles (1988),Crime|Drama|Horror|Mystery,0095330,68352.0,8657
120919,Man on High Heels (2014),Action|Comedy,3837196,267573.0,8658
121007,Space Buddies (2009),Adventure|Children|Fantasy|Sci-Fi,1164647,14749.0,8659
121035,Houdini (2014),Drama,3132738,289394.0,8660
121097,To Grandmother's House We Go (1992),Adventure|Children|Comedy,0105606,50327.0,8661
121099,101 Dalmatians II: Patch's London Adventure (2003),Animation|Children,0324941,13654.0,8662
121129,The Hungover Games (2014),Comedy,3138104,244688.0,8663
121169,The Duke of Burgundy (2014),Drama,2570858,250225.0,8664
121171,Red Army (2014),Documentary,3264102,256876.0,8665
121231,It Follows (2014),Horror,3235888,270303.0,8666
121253,The Town that Dreaded Sundown (2014),Horror|Thriller,2561546,287084.0,8667
121338,Carry on Cabby (1963),Adventure|Comedy|Romance,0056912,19254.0,8668
121342,Carry on Cruising (1962),Comedy|Romance,0055831,26190.0,8669
121372,Bill Burr: Let It Go (2010),Comedy,1717578,46967.0,8670
121374,Bill Burr: Why Do I Do This? (2008),Comedy,1254947,32836.0,8671
121469,Killer Movie (2008),Comedy|Horror|Mystery|Thriller,0988083,14862.0,8672
121715,Sebastian Maniscalco: What's Wrong with People? (2012),Comedy,2215489,102517.0,8673
121781,Stuart Little 3: Call of the Wild (2005),Animation|Children|Comedy|Fantasy,0472602,30178.0,8674
122092,Guy X (2005),Comedy|War,0408828,14407.0,8675
122246,Tooth Fairy 2 (2012),Children|Comedy,1935929,84575.0,8676
122260,The Diary of Anne Frank (2009),Drama|War,1127205,133365.0,8677
122433,The Deadly Bees (1967),Horror|Mystery|Thriller,0061557,47003.0,8678
122490,Wicked Blood (2014),Action|Drama|Thriller,2761578,256740.0,8679
122627,Oblivion 2: Backlash (1996),Sci-Fi,0117223,80985.0,8680
122882,Mad Max: Fury Road (2015),Action|Adventure|Sci-Fi|Thriller,1392190,76341.0,8681
122884,Insidious: Chapter 3 (2015),Fantasy|Horror|Thriller,3195644,280092.0,8682
122886,Star Wars: Episode VII - The Force Awakens (2015),Action|Adventure|Fantasy|Sci-Fi|IMAX,2488496,140607.0,8683
122888,Ben-hur (2016),(no genres listed),2638144,271969.0,8684
122890,Warcraft (2016),Action|Adventure|Fantasy,0803096,68735.0,8685
122892,Avengers: Age of Ultron (2015),Action|Adventure|Sci-Fi,2395427,99861.0,8686
122896,Pirates of the Caribbean: Dead Men Tell No Tales (2017),(no genres listed),1790809,166426.0,8687
122898,Justice League (2017),Action|Adventure|Sci-Fi,0974015,141052.0,8688
122900,Ant-Man (2015),Action|Adventure|Sci-Fi,0478970,102899.0,8689
122902,Fantastic Four (2015),Action|Adventure|Fantasy|Sci-Fi,1502712,166424.0,8690
122904,Deadpool (2016),Action|Adventure|Comedy|Sci-Fi,1431045,293660.0,8691
122906,Black Panther (2017),Action|Adventure|Sci-Fi,1825683,284054.0,8692
122912,Avengers: Infinity War - Part I (2018),Action|Adventure|Sci-Fi,4154756,299536.0,8693
122916,Thor: Ragnarok (2017),Action|Adventure|Sci-Fi,3501632,284053.0,8694
122918,Guardians of the Galaxy 2 (2017),Action|Adventure|Sci-Fi,3896198,283995.0,8695
122920,Captain America: Civil War (2016),Action|Sci-Fi|Thriller,3498820,271110.0,8696
122922,Doctor Strange (2016),Action|Adventure|Sci-Fi,1211837,284052.0,8697
122924,X-Men: Apocalypse (2016),Action|Adventure|Fantasy|Sci-Fi,3385516,246655.0,8698
122926,Untitled Spider-Man Reboot (2017),Action|Adventure|Fantasy,2250912,202249.0,8699
122932,Elsa & Fred (2014),Children|Comedy|Romance,2113659,268171.0,8700
123200,Jim Jefferies: I Swear to God (2009),Comedy,1439235,31981.0,8701
123310,Tornado! (1996),Action,0117942,36983.0,8702
123545,The Blue Lagoon (1949),Drama|Romance,0041190,228074.0,8703
123553,In the Name of the King III (2014),Action|Adventure|Drama|Fantasy,2379386,252360.0,8704
123947,Cake (2014),Drama,3442006,284276.0,8705
124273,Kevin Smith: Too Fat For 40 (2010),Comedy,1705115,48132.0,8706
124404,"Snowflake, the White Gorilla (2011)",Adventure|Animation|Children|Comedy,1429433,85439.0,8707
124484,Kenny & Company (1976),Comedy|Drama,0074739,114735.0,8708
124851,Delirium (2014),Adventure|Romance|Sci-Fi,1698647,279828.0,8709
124853,Why Man Creates (1968),Animation|Documentary,0063804,72585.0,8710
124859,The Gambler (2014),Crime|Drama|Thriller,2039393,284536.0,8711
125221,The Beast of Hollow Mountain (1956),Horror|Sci-Fi|Western,0048992,108181.0,8712
125914,Mortdecai (2015),Adventure|Comedy|Mystery|Romance,3045616,210860.0,8713
125916,Fifty Shades of Grey (2015),Drama|Romance,2322441,216015.0,8714
125970,Halloweentown (1998),Adventure|Children|Comedy|Fantasy,0173886,27850.0,8715
125974,Halloweentown High (2004),Adventure|Children|Comedy|Fantasy,0414078,34560.0,8716
126088,A Flintstones Christmas Carol (1994),Animation|Children|Comedy,0193164,48874.0,8717
126090,Hedgehog in the Fog (1975),Animation,0073099,36129.0,8718
126142,The Cave of the Golden Rose (1991),Adventure|Children|Fantasy,0101095,159704.0,8719
126420,American Heist (2015),Action,2923316,250066.0,8720
126426,Solyaris (1968),Drama|Sci-Fi,1808482,321130.0,8721
126430,The Pacific (2010),Action|Adventure|Drama|War,0374463,189197.0,8722
126482,Strange Magic (2015),Animation|Children|Fantasy|Musical,4191054,302429.0,8723
126548,The DUFF (2015),Comedy,1666801,272693.0,8724
126577,"Daddy, I'm A Zombie (2012)",Animation|Comedy|Fantasy,2243469,89247.0,8725
126921,The Fox and the Hound 2 (2006),Adventure|Animation|Children|Comedy,0465997,9948.0,8726
127052,Operation 'Y' & Other Shurik's Adventures (1965),Comedy|Crime|Romance,0059550,20875.0,8727
127096,Project Almanac (2015),Sci-Fi|Thriller,2436386,227719.0,8728
127098,Louis C.K.: Live at The Comedy Store (2015),Comedy,4368814,321594.0,8729
127108,Brooklyn (2015),Drama|Romance,2381111,167073.0,8730
127114,The End of the Tour (2015),Drama,3416744,249688.0,8731
127116,Experimenter (2015),Drama,3726704,309299.0,8732
127130,Mistress America (2015),Comedy,2872462,309245.0,8733
127132,Zipper (2015),Drama|Thriller,3346224,309503.0,8734
127134,A Walk in the Woods (2015),Adventure|Comedy|Drama,1178665,232572.0,8735
127136,True Story (2015),Drama|Mystery|Thriller,2273657,245706.0,8736
127146,Kurt Cobain: Montage of Heck (2015),Documentary,4229236,319075.0,8737
127152,Going Clear: Scientology and the Prison of Belief (2015),Documentary,4257858,318224.0,8738
127164,"What Happened, Miss Simone? (2015)",Documentary,4284010,318044.0,8739
127172,A Story of Children and Film (2013),Documentary,2917506,194537.0,8740
127180,"Story of Film: An Odyssey, The (2011)",Documentary,2044056,125336.0,8741
127184,Eden (2014),Drama,3090634,283330.0,8742
127194,The D Train (2015),Comedy,3534602,308638.0,8743
127198,Dope (2015),Comedy|Drama,3850214,308639.0,8744
127202,Me and Earl and the Dying Girl (2015),Drama,2582496,308369.0,8745
127204,The Overnight (2015),Comedy,3844362,308024.0,8746
127212,The Stanford Prison Experiment (2015),Drama|Thriller,0420293,308032.0,8747
127298,A Pigeon Sat on a Branch Reflecting on Existence (2014),Comedy|Drama,1883180,110390.0,8748
127319,The Loft (2014),Thriller,1850397,72784.0,8749
127323,Vice (2015),Action|Adventure|Sci-Fi|Thriller,3480796,307663.0,8750
127390,Family Guy Presents: Blue Harvest (2007),Animation|Comedy,0888817,278468.0,8751
128087,Trinity and Sartana Are Coming (1972),Comedy|Western,0069409,102959.0,8752
128089,Kevin Hart: I'm a Grown Little Man (2009),Comedy,1420554,27866.0,8753
128097,Jim Norton: American Degenerate (2013),Comedy,3234126,216553.0,8754
128099,Jim Jefferies: BARE (2014),Comedy,3958494,289333.0,8755
128197,Hard Promises (1991),Comedy|Romance,0102002,89292.0,8756
128360,The Hateful Eight (2015),Western,3460252,273248.0,8757
128366,Patton Oswalt: Tragedy Plus Comedy Equals Time (2014),Comedy,3628334,251016.0,8758
128488,Wild Card (2015),Action|Crime|Drama|Thriller,2231253,265208.0,8759
128512,Paper Towns (2015),Drama|Mystery|Romance,3622592,286565.0,8760
128520,The Wedding Ringer (2015),Comedy,0884732,252838.0,8761
128542,Wyrmwood (2015),Action|Horror|Sci-Fi,2535470,290999.0,8762
128592,The Boy Next Door (2015),Mystery|Thriller,3181822,241251.0,8763
128594,Boy Meets Girl (2015),Comedy|Drama|Romance,3007302,263105.0,8764
128620,Victoria (2015),Crime|Drama|Romance,4226388,320007.0,8765
128695,The Dark Valley (2014),Western,2650978,248933.0,8766
128736,I'm Here (2010),Drama,1571404,37058.0,8767
128832,The Last Five Years (2014),Comedy|Drama|Musical|Romance,2474024,206296.0,8768
128838,Crimson Peak (2015),Horror,2554274,201085.0,8769
128842,Dragonheart 3: The Sorcerer's Curse (2015),Action|Adventure|Fantasy,3829170,300803.0,8770
128852,Chris Rock: Bigger & Blacker (1999),Comedy,0206636,17870.0,8771
128900,The Natural Love (1996),Documentary,0137355,195862.0,8772
128902,The Forgotten Space (2010),Documentary,1772382,105554.0,8773
128908,Cloudburst (2011),Adventure|Comedy|Drama,1466054,117098.0,8774
128914,Tom Segura: Completely Normal (2014),Comedy,3500822,259395.0,8775
128944,"Honey, We Shrunk Ourselves (1997)",Action|Adventure|Children|Comedy|Sci-Fi,0119310,11425.0,8776
128968,Stitch! The Movie (2003),Animation|Children|Comedy,0348124,15567.0,8777
128975,Hot Tub Time Machine 2 (2015),Comedy|Sci-Fi,2637294,243938.0,8778
128991,Johnny Express (2014),Animation|Comedy|Sci-Fi,3723996,269711.0,8779
129011,Eddie Izzard: Glorious (1997),Comedy,0195753,13590.0,8780
129229,Northmen - A Viking Saga (2014),Action|Adventure,2290553,286873.0,8781
129250,Superfast! (2015),(no genres listed),2933474,325358.0,8782
129313,Reality (2014),Comedy,2392672,179150.0,8783
129333,Julia (2014),Horror|Thriller,2582426,278632.0,8784
129354,Focus (2015),Comedy|Crime|Drama|Romance,2381941,256591.0,8785
129397,Marvel One-Shot: Item 47 (2012),Action|Fantasy|Sci-Fi,2247732,119569.0,8786
129428,The Second Best Exotic Marigold Hotel (2015),Comedy|Drama,2555736,268238.0,8787
129514,George Carlin: It's Bad for Ya! (2008),Comedy,0963207,13643.0,8788
129657,Tracers (2015),Action,2401097,290764.0,8789
129659,"McFarland, USA (2015)",Drama,2097298,228203.0,8790
129737,Unfinished Business (2015),Comedy,2358925,239573.0,8791
129779,Ghost in the Shell Arise - Border 1: Ghost Pain (2013),Action|Animation|Sci-Fi,2636124,196750.0,8792
129937,Run All Night (2015),Action|Crime|Drama|Thriller,2199571,241554.0,8793
130050,Digging Up the Marrow (2014),Drama|Fantasy|Horror|Mystery|Thriller,1991031,279972.0,8794
130052,Clown (2014),Drama|Horror,1780798,112454.0,8795
130073,Cinderella (2015),Children|Drama|Fantasy|Romance,1661199,150689.0,8796
130083,Kidnapping Mr. Heineken (2015),Action|Crime|Drama|Thriller,2917388,228968.0,8797
130087,The Cobbler (2015),Comedy|Drama|Fantasy,3203616,238215.0,8798
130444,Ruby Red (2013),Adventure|Children|Fantasy|Sci-Fi,2418558,175774.0,8799
130450,Pan (2015),Adventure|Children|Fantasy,3332064,266647.0,8800
130452,While We're Young (2014),Comedy|Drama,1791682,252512.0,8801
130482,Too Late for Tears (1949),Crime|Drama|Film-Noir|Mystery|Thriller,0041968,27036.0,8802
130490,Insurgent (2015),Action|Sci-Fi|Thriller,2908446,262500.0,8803
130498,La vérité si je mens ! (1997),Comedy,0120471,39385.0,8804
130518,The Amazing Screw-On Head (2006),Action|Adventure|Animation|Comedy|Sci-Fi,0468445,213110.0,8805
130520,Home (2015),Adventure|Animation|Children|Comedy|Fantasy|Sci-Fi,2224026,228161.0,8806
130576,Midnight Special (2015),Drama|Sci-Fi,2649554,245703.0,8807
130578,"Gunman, The (2015)",Action|Thriller,2515034,266396.0,8808
130634,Furious 7 (2015),Action|Crime|Thriller,2820852,168259.0,8809
130686,The Final Girls (2015),Comedy|Horror,2118624,293970.0,8810
130840,Spring (2015),Horror|Romance|Sci-Fi,3395184,241855.0,8811
130842,Power/Rangers (2015),Action|Adventure|Sci-Fi,4475970,327029.0,8812
130970,George Carlin: Life Is Worth Losing (2005),Comedy,0484855,13015.0,8813
130976,Legend No. 17 (2013),Drama,2182001,184155.0,8814
130978,Love and Pigeons (1985),Comedy|Romance,0087650,32334.0,8815
131013,Get Hard (2015),Comedy|Crime,2561572,257091.0,8816
131023,That Sugar Film (2014),Documentary,3892434,305091.0,8817
131098,Saving Santa (2013),Animation|Children|Comedy,2204315,238302.0,8818
131104,The Brain (1969),Comedy|Crime,0064146,33436.0,8819
131130,Tom and Jerry: A Nutcracker Tale (2007),Animation|Comedy,1114698,24696.0,8820
131237,What Men Talk About (2010),Comedy,1595366,35428.0,8821
131439,Kill Me Three Times (2014),Thriller,2393845,237756.0,8822
131480,Poker Night (2014),Action|Crime|Thriller,2548208,298093.0,8823
131578,Reckless Kelly (1994),Comedy,0107930,44664.0,8824
131610,Willy/Milly (1986),Comedy|Fantasy,0092216,46836.0,8825
131656,Shaun the Sheep Movie (2015),Adventure|Animation|Children|Comedy,2872750,263109.0,8826
131714,Last Knights (2015),Action|Adventure,2493486,308504.0,8827
131724,The Jinx: The Life and Deaths of Robert Durst (2015),Documentary,4299972,321640.0,8828
131739,Batman vs. Robin (2015),Action|Adventure|Animation,4324274,321528.0,8829
131749,Libre et assoupi (2014),Comedy,2922440,268523.0,8830
131796,Woman in Gold (2015),Drama,2404425,304357.0,8831
131826,Iliza Shlesinger: Freezing Hot (2015),Comedy,4073952,320996.0,8832
131920,The Road Within (2014),Comedy|Drama,2962876,228108.0,8833
131934,The Malibu Bikini Shop (1986),Comedy,0089538,30296.0,8834
132046,Tomorrowland (2015),Action|Adventure|Children|Mystery|Sci-Fi,1964418,158852.0,8835
132084,Let It Be Me (1995),(no genres listed),0113638,335145.0,8836
132153,Buzzard (2015),Comedy|Drama|Horror,2656588,253303.0,8837
132157,Paul Blart: Mall Cop 2 (2015),Action|Comedy|Crime,3450650,256961.0,8838
132333,Seve (2014),Documentary|Drama,3149640,278990.0,8839
132335,Breathe (2014),Drama,3365778,270400.0,8840
132362,Patlabor 2: The Movie (1993),Action|Animation|Sci-Fi,0124770,14572.0,8841
132422,Da Sweet Blood of Jesus (2014),Comedy|Romance|Thriller,3104930,278316.0,8842
132424,The Longest Ride (2015),Drama|Romance,2726560,228205.0,8843
132454,Girltrash: All Night Long (2014),Comedy|Crime|Drama,1555440,254936.0,8844
132462,Sword of Vengeance (2014),Action|Adventure|Drama,3622332,313074.0,8845
132488,Lovesick (2014),Comedy|Romance,2404299,319389.0,8846
132496,Danny Collins (2015),Comedy|Drama,1772288,256924.0,8847
132584,The Even Stevens Movie (2003),Children|Comedy,0327698,50794.0,8848
132618,Kite (2014),Action|Crime|Drama|Mystery|Thriller,2044801,192712.0,8849
132660,Man Up (2015),Comedy|Romance,3064298,332340.0,8850
132796,San Andreas (2015),Action|Drama|Thriller,2126355,254128.0,8851
132800,Welcome to Me (2014),Comedy|Drama,2788716,284537.0,8852
132888,Comedy Central Roast of James Franco (2013),Comedy,3098812,300302.0,8853
133115,We Could Be King (2014),Documentary,3699674,268159.0,8854
133195,Hitman: Agent 47 (2015),Action|Crime|Thriller,2679042,249070.0,8855
133217,B/W (2015),Comedy|Crime|Sci-Fi,4312536,335819.0,8856
133281,Ricki and the Flash (2015),Comedy|Drama,3623726,275601.0,8857
133365,Partisan (2015),Drama|Thriller,3155242,306482.0,8858
133377,Infini (2015),Horror|Sci-Fi|Thriller,3327624,301728.0,8859
133419,Pitch Perfect 2 (2015),Comedy,2848292,254470.0,8860
133545,Just Before I Go (2014),Comedy|Drama,2980472,258099.0,8861
133645,Carol (2015),Drama|Romance,2402927,258480.0,8862
133712,Office Romance (1977),Comedy|Romance,0076727,31139.0,8863
133716,Bootleggers (1961),Comedy|Crime,0055400,42279.0,8864
133771,The Lobster (2015),Comedy|Romance|Sci-Fi,3464902,254320.0,8865
133780,Güeros (2014),Comedy|Drama,3499048,256057.0,8866
133782,Maggie (2015),Drama|Horror|Thriller,1881002,287424.0,8867
133798,Hot Pursuit (2015),Action|Comedy,2967224,268920.0,8868
133802,Slow West (2015),Action|Thriller|Western,3205376,223485.0,8869
133832,The Green Inferno (2014),Horror|Thriller,2403021,171424.0,8870
133867,Barely Lethal (2015),Action|Adventure|Comedy,1731701,248574.0,8871
133879,Carry On Don't Lose Your Head (1966),Comedy,0060330,5061.0,8872
134004,What Love Is (2007),Comedy|Romance,0439876,25973.0,8873
134019,The Monkey King (1964),Animation,0059855,47759.0,8874
134021,5 to 7 (2014),Comedy|Drama|Romance,2486678,259954.0,8875
134041,Afonya (1975),Comedy|Drama|Romance,0072613,20870.0,8876
134095,My Love (2006),Animation|Drama,0874952,104522.0,8877
134109,Radio Day (2008),Comedy,1217565,25936.0,8878
134130,The Martian (2015),Adventure|Drama|Sci-Fi,3659388,286217.0,8879
134158,Return to Sender (2015),Thriller,2948790,333381.0,8880
134170,Kung Fury (2015),Action|Comedy|Fantasy|Sci-Fi,3472226,251516.0,8881
134184,Elections Day (2007),Comedy,1198196,20963.0,8882
134214,Youth (2015),Drama,3312830,310593.0,8883
134246,Survivor (2015),Action|Thriller,3247714,334074.0,8884
134248,Hot Girls Wanted (2015),Documentary,4382552,318256.0,8885
134252,That Munchhausen (1979),Comedy|Drama|Fantasy,0080037,27937.0,8886
134326,The Taming of the Scoundrel (1980),Comedy,0080439,10986.0,8887
134334,Phir Hera Pheri (2006),Comedy,0419058,20359.0,8888
134368,Spy (2015),Action|Comedy|Crime,3079380,238713.0,8889
134393,Trainwreck (2015),Comedy|Romance,3152624,271718.0,8890
134515,BMX Bandits (1983),Adventure|Crime|Drama,0085204,17381.0,8891
134524,Turtle Power: The Definitive History of the Teenage Mutant Ninja Turtles (2014),Documentary,3817848,280276.0,8892
134528,Aloha (2015),Comedy|Drama|Romance,1243974,222936.0,8893
134775,Dragon Blade (2015),Action|Adventure|Drama,3672840,300168.0,8894
134783,Entourage (2015),Comedy,1674771,188222.0,8895
134796,Bitter Lake (2015),Documentary,4393514,321109.0,8896
134808,No Way Jose (2015),Comedy,3133722,343371.0,8897
134847,Ghost Graduation (2012),Comedy,1924273,86541.0,8898
134849,Duck Amuck (1953),Animation|Children|Comedy,0045708,53210.0,8899
134853,Inside Out (2015),Adventure|Animation|Children|Comedy|Drama|Fantasy,2096673,150540.0,8900
134859,The Wolfpack (2015),Documentary,2415458,307931.0,8901
134861,Trevor Noah: African American (2013),(no genres listed),3043546,250556.0,8902
134881,Love & Mercy (2014),Drama,0903657,271714.0,8903
135133,The Hunger Games: Mockingjay - Part 2 (2015),Adventure|Sci-Fi,1951266,131634.0,8904
135137,Pixels (2015),Action|Comedy|Sci-Fi,2120120,257344.0,8905
135143,Fantastic Beasts and Where to Find Them (2016),Fantasy,3183660,259316.0,8906
135198,The Hairdresser (2010),Comedy|Drama,1585255,42293.0,8907
135216,The Star Wars Holiday Special (1978),Adventure|Children|Comedy|Sci-Fi,0193524,74849.0,8908
135288,Mr. Holmes (2015),Drama|Mystery,3168230,280996.0,8909
135436,The Secret Life of Pets (2016),Animation|Comedy,2709768,328111.0,8910
135456,Ghost in the Shell: Stand Alone Complex - The Laughing Man (2005),Action|Animation|Crime|Sci-Fi,1024215,18839.0,8911
135518,Self/less (2015),Action|Mystery|Sci-Fi|Thriller,2140379,238615.0,8912
135532,The Last Witch Hunter (2015),Action|Adventure|Fantasy,1618442,274854.0,8913
135534,Krampus (2015),Comedy|Fantasy|Horror,3850590,287903.0,8914
135536,Suicide Squad (2016),Action|Crime|Sci-Fi,1386697,297761.0,8915
135567,Independence Day: Resurgence (2016),Action|Adventure|Sci-Fi,1628841,47933.0,8916
135569,Star Trek Beyond (2016),Action|Adventure|Sci-Fi,2660888,188927.0,8917
135777,Golmaal (2006),Children|Comedy,0495034,19670.0,8918
135787,Bruce Lee: A Warrior's Journey (2000),Documentary,0297814,37588.0,8919
135803,Five Element Ninjas (1982),Action,0084921,41378.0,8920
135815,The Magnificent Ruffians (1979),Action|Drama,0079043,141131.0,8921
135861,Ted 2 (2015),Comedy,2637276,214756.0,8922
135885,Absolutely Anything (2015),Comedy|Sci-Fi,1727770,86828.0,8923
135887,Minions (2015),Adventure|Animation|Children|Comedy,2293640,211672.0,8924
135937,The Silence of the Hams (1994),Comedy|Thriller,0111190,10450.0,8925
136012,Bloodsport III (1996),Action|Thriller,0115714,36692.0,8926
136016,The Good Dinosaur (2015),Adventure|Animation|Children|Comedy|Fantasy,1979388,105864.0,8927
136018,Black Mass (2015),Crime|Drama,1355683,261023.0,8928
136020,Spectre (2015),Action|Adventure|Crime,2379713,206647.0,8929
136024,The Professional: Golgo 13 (1983),Action|Animation|Crime,0086148,17922.0,8930
136297,Mortal Kombat: The Journey Begins (1995),Action|Animation,0363828,72886.0,8931
136305,Sharknado 3: Oh Hell No! (2015),Horror|Sci-Fi,3899796,331446.0,8932
136341,Scooby-Doo! and the Samurai Sword (2009),Animation|Children|Comedy,1421378,16390.0,8933
136353,Scooby-Doo! and the Loch Ness Monster (2004),Animation|Children|Comedy,0418141,12902.0,8934
136355,Big Top Scooby-Doo! (2012),Animation|Children|Comedy,2235542,119321.0,8935
136359,Scooby-Doo Goes Hollywood (1979),Animation|Children|Comedy,0191423,36972.0,8936
136443,Gabriel Iglesias: Hot and Fluffy (2007),Comedy,1082588,20720.0,8937
136445,George Carlin: Back in Town (1996),Comedy,0246641,34509.0,8938
136447,George Carlin: You Are All Diseased (1999),Comedy,0246645,34513.0,8939
136449,Ghost in the Shell 2.0 (2008),Action|Animation|Sci-Fi,1260502,14092.0,8940
136469,Larry David: Curb Your Enthusiasm (1999),Comedy,0218388,261414.0,8941
136471,Kevin Hart: Laugh at My Pain (2011),Comedy|Documentary,1999192,74510.0,8942
136503,Tom and Jerry: Shiver Me Whiskers (2006),Animation|Children|Comedy,0808508,60293.0,8943
136511,Jeff Dunham: All Over the Map (2014),Comedy,4209802,300685.0,8944
136540,The FP (2012),Comedy,1296373,85860.0,8945
136556,Kung Fu Panda: Secrets of the Masters (2011),Animation|Children,1980162,81003.0,8946
136562,Steve Jobs (2015),Drama,2080374,321697.0,8947
136564,Macbeth (2015),Drama,2884018,225728.0,8948
136598,Vacation (2015),Adventure|Comedy,1524930,296099.0,8949
136602,Creep (2014),Horror|Thriller,2428170,250574.0,8950
136654,The Face of an Angel (2015),Drama,2967008,254024.0,8951
136664,Wild Horses (2015),Crime|Drama,4442130,324333.0,8952
136666,Search Party (2014),Comedy,2758904,239568.0,8953
136778,The Squeeze (2015),Comedy|Drama,3248600,312796.0,8954
136786,Careful What You Wish For (2015),Thriller,1629242,317744.0,8955
136800,Robot Overlords (2014),Action|Adventure|Sci-Fi,2145829,240483.0,8956
136816,Bad Asses on the Bayou (2015),Action|Comedy,3525346,309887.0,8957
136834,The Eye: Infinity (2005),Horror,0455135,33723.0,8958
136838,Kiss me Kismet (2006),Comedy|Romance,0496325,38918.0,8959
136840,Da geht noch was! (2013),Comedy|Drama|Romance,2517558,217412.0,8960
136850,Villain (1971),Crime|Drama|Thriller,0067952,30341.0,8961
136859,The Lovers (2015),Action|Adventure|Romance|Sci-Fi,1321869,79698.0,8962
136864,Batman v Superman: Dawn of Justice (2016),Action|Adventure|Fantasy|Sci-Fi,2975590,209112.0,8963
136912,God Loves Caviar (2012),Adventure,2181959,128767.0,8964
136958,Mortuary (1983),Horror,0087746,44859.0,8965
137218,April Morning (1988),Drama,0094673,88673.0,8966
137337,Amy (2015),Documentary,2870648,331781.0,8967
137345,That Demon Within (2014),Crime|Thriller,3511542,253622.0,8968
137517,Carnival Magic (1981),Drama|Fantasy,0207374,29419.0,8969
137595,Magic Mike XXL (2015),Comedy|Drama,2268016,264999.0,8970
137857,The Jungle Book (2016),Adventure|Drama|Fantasy,3040964,278927.0,8971
137859,Dragon Ball Z Gaiden: The Plot to Destroy the Saiyans (1993),Action|Adventure|Animation,1286785,65973.0,8972
137863,Dragon Ball Z: Resurrection of F (2015),Action|Adventure|Animation|Fantasy,3819668,303857.0,8973
138036,The Man from U.N.C.L.E. (2015),Action|Adventure|Comedy,1638355,203801.0,8974
138186,Sorrow (2015),Crime|Drama|Horror,2140423,337879.0,8975
138204,7 Days in Hell (2015),Comedy,3895884,287689.0,8976
138208,The Walk (2015),Adventure|Drama|Thriller,3488710,285783.0,8977
138210,13 Hours (2016),Drama,4172430,300671.0,8978
138396,There Will Come a Day (2013),Comedy|Drama,1951299,158182.0,8979
138546,The Opposite Sex (2014),Comedy,2796678,301748.0,8980
138610,The Gallows (2015),Horror|Thriller,2309260,299245.0,8981
138632,Tokyo Tribe (2014),Action|Crime|Drama|Sci-Fi,2808986,240566.0,8982
138702,Feast (2014),Animation|Children|Comedy|Drama|Romance,3689498,293299.0,8983
138798,Joe Dirt 2: Beautiful Loser (2015),Comedy,4126340,335970.0,8984
138835,Return to Treasure Island (1988),Adventure|Animation|Comedy,0122227,49418.0,8985
138966,Nasu: Summer in Andalusia (2003),Animation,0382868,60843.0,8986
139052,Dark Places (2015),Drama|Mystery|Thriller,2402101,182560.0,8987
139130,Afro Samurai (2007),Action|Adventure|Animation|Drama|Fantasy,0465316,62931.0,8988
139157,Massu Engira Maasilamani (2015),Comedy|Horror|Thriller,4328798,329134.0,8989
139385,The Revenant (2015),Adventure|Drama,1663202,281957.0,8990
139415,Irrational Man (2015),Crime|Drama,3715320,282984.0,8991
139511,Exte: Hair Extensions (2007),Horror,0904049,21784.0,8992
139640,Ooops! Noah is Gone... (2015),Animation,3411432,326215.0,8993
139642,Southpaw (2015),Action|Drama,1798684,307081.0,8994
139644,Sicario (2015),Crime|Drama|Mystery,3397884,273481.0,8995
139655,Goodnight Mommy (Ich seh ich seh) (2014),Drama|Fantasy|Horror|Thriller,3086442,284303.0,8996
139717,10 Cent Pistol (2015),Crime|Thriller,2134170,346592.0,8997
139747,Before We Go (2014),Romance,0443465,283350.0,8998
139855,Anomalisa (2015),Animation|Comedy|Fantasy,2401878,291270.0,8999
139857,Colonia (2016),Thriller,4005402,318781.0,9000
139859,Ghost in the Shell Arise - Border 2: Ghost Whispers (2013),Action|Animation|Sci-Fi|Thriller,3017864,212168.0,9001
139915,How to Make Love Like an Englishman (2014),Comedy|Romance,1725986,253344.0,9002
139994,Fracchia contro Dracula (1985),Comedy|Horror,0128221,30459.0,9003
140016,Always Watching: A Marble Hornets Story (2015),Horror,2737926,329289.0,9004
140038,Madly in Love (1981),Comedy,0082562,11441.0,9005
140110,The Intern (2015),Comedy,2361509,257211.0,9006
140133,Hollywood Chainsaw Hookers (1988),Comedy|Horror,0095312,27412.0,9007
140162,Love (2015),Drama|Romance,3774694,292431.0,9008
140174,Room (2015),Drama,3170832,264644.0,9009
140237,The Runner (2015),Drama,3687398,277546.0,9010
140247,The Gift (2015),Drama|Horror,4178092,328425.0,9011
140265,George Carlin: Jammin' in New York (1992),Comedy,0246643,25161.0,9012
140267,The Witch (2015),Horror,4263482,310131.0,9013
140289,Men & Chicken (2015),Comedy|Drama,3877674,296313.0,9014
140301,The Escort (2015),Comedy|Romance,3793788,351964.0,9015
140359,Doctor Who: The Waters of Mars (2009),Adventure|Children|Sci-Fi,1413314,281979.0,9016
140481,"Family Guy Presents: Something, Something, Something, Dark Side (2009)",Animation|Comedy|Sci-Fi,1329665,278604.0,9017
140523,"Visit, The (2015)",Comedy|Horror,3567288,298312.0,9018
140525,Secret in Their Eyes (2015),Crime|Drama|Mystery,1741273,290751.0,9019
140541,The Electric Hotel (1908),Animation|Comedy|Sci-Fi,0000516,143634.0,9020
140561,Jeff Ross Roasts Criminals: Live at Brazos County Jail (2015),Comedy|Documentary,4705522,343295.0,9021
140627,Battle For Sevastopol (2015),Drama|Romance|War,4084744,332270.0,9022
140711,American Ultra (2015),Action|Comedy|Sci-Fi|Thriller,3316948,261392.0,9023
140715,Straight Outta Compton (2015),Drama,1398426,277216.0,9024
140725,Cop Car (2015),Crime|Thriller,3813310,310133.0,9025
140737,The Lost Room (2006),Action|Fantasy|Mystery,0830361,134777.0,9026
140816,Tangerine (2015),Comedy|Drama,3824458,308084.0,9027
140850,Every Secret Thing (2014),Crime|Drama|Mystery|Thriller,1706598,258284.0,9028
140852,964 Pinocchio (1991),Horror|Sci-Fi,0225009,50162.0,9029
140928,Joy (2015),Comedy|Drama,2446980,274479.0,9030
140956,Ready Player One,Action|Sci-Fi|Thriller,1677720,333339.0,9031
141004,Victor Frankenstein (2015),Drama|Horror|Sci-Fi,1976009,228066.0,9032
141131,Guardians (2016),(no genres listed),4600952,354556.0,9033
141400,Invincible Shaolin (1978),Action,0077973,48297.0,9034
141408,Scouts Guide to the Zombie Apocalypse (2015),Action|Comedy|Horror,1727776,273477.0,9035
141422,Suffragette (2015),Drama,3077214,245168.0,9036
141513,Fort Tilden (2014),Comedy,3457734,253255.0,9037
141544,Turbo Kid (2015),Action|Adventure|Sci-Fi,3672742,310135.0,9038
141646,The Unauthorized Saved by the Bell Story (2014),Comedy|Drama,3816372,287241.0,9039
141668,War Room (2015),Drama,3832914,323272.0,9040
141688,Legend (2015),Crime|Thriller,3569230,276907.0,9041
141718,Deathgasm (2015),Comedy|Horror,3705412,323373.0,9042
141749,The Danish Girl (2015),Drama,0810819,306819.0,9043
141799,Cooties (2015),Comedy|Horror,2490326,241843.0,9044
141810,Autumn Marathon (1979),Comedy|Drama,0079679,27924.0,9045
141816,12 Chairs (1976),Adventure|Comedy,0075468,27934.0,9046
141818,Ordinary Miracle (1978),Comedy|Drama|Fantasy|Romance,0186408,27935.0,9047
141820,Old Men: Robbers (1971),Comedy,0067789,46010.0,9048
141830,Unbelievable Adventures of Italians in Russia (1974),Adventure|Comedy,0070439,57778.0,9049
141836,It Can't Be! (1975),Comedy,0073442,42275.0,9050
141844,12 Chairs (1971),Adventure|Comedy,0065670,31648.0,9051
141846,Steve Jobs: The Man in the Machine (2015),Documentary,4425064,324308.0,9052
141866,Green Room (2015),(no genres listed),4062536,313922.0,9053
141890,Beasts of No Nation (2015),Drama|War,1365050,283587.0,9054
141928,Bloodsucking Bastards (2015),Comedy|Horror,3487994,317981.0,9055
141994,Saving Christmas (2014),Children|Comedy,4009460,295884.0,9056
142020,Oscar (1967),Comedy,0062083,2798.0,9057
142056,Iron Man & Hulk: Heroes United (2013),Action|Adventure|Animation,3221698,230896.0,9058
142074,Knock Knock (2015),Crime|Horror|Thriller,3605418,263472.0,9059
142115,The Blue Planet (2001),Documentary,0296310,200813.0,9060
142196,Cornered! (2009),Comedy|Horror,1151911,32285.0,9061
142222,Demolition (2016),Drama,1172049,303991.0,9062
142366,Cigarette Burns (2005),Horror|Thriller,0643109,327389.0,9063
142372,Our Brand Is Crisis (2015),Comedy|Drama,1018765,10317.0,9064
142420,High Rise (2015),Action|Drama|Sci-Fi,0462335,254302.0,9065
142422,The Night Before (2015),Comedy,3530002,296100.0,9066
142424,Into the Forest (2015),Drama|Sci-Fi,2625810,334538.0,9067
142444,The Editor (2015),Comedy|Horror|Mystery,3067274,285840.0,9068
142448,Everest (2015),Adventure|Drama|Thriller,2719848,253412.0,9069
142456,The Brand New Testament (2015),(no genres listed),3792960,330764.0,9070
142488,Spotlight (2015),Thriller,1895587,314365.0,9071
142507,Pawn Sacrifice (2015),Drama,1596345,245698.0,9072
142509,Hardcore Henry (2015),Action|Adventure|Sci-Fi,3072482,325348.0,9073
142536,Burnt (2015),Drama,2503944,295964.0,9074
142550,Ryuzo and the Seven Henchmen (2015),Action|Comedy,4176776,315841.0,9075
142558,If I Were a Rich Man (2002),Comedy,0315152,18303.0,9076
142598,Last Shift (2014),Horror,2965466,296065.0,9077
142602,"F*ck You, Goethe 2 (2015)",Comedy,3702996,329263.0,9078
142831,Garam Masala (2005),Comedy,0453671,19636.0,9079
142961,Life Eternal (2015),Comedy|Crime|Thriller,3642618,277967.0,9080
142997,Hotel Transylvania 2 (2015),Animation|Comedy,2510894,159824.0,9081
143001,Anti-Social (2015),Crime,3475596,330206.0,9082
143031,Jump In! (2007),Comedy|Drama|Romance,0805559,13968.0,9083
143245,The Little Prince (2015),Animation|Fantasy,1754656,309809.0,9084
143255,Narcopolis (2014),Mystery|Sci-Fi|Thriller,1957938,301228.0,9085
143257,Ashby (2015),Comedy|Drama,3774466,330112.0,9086
143355,Wonder Woman (2017),Action|Adventure|Fantasy,0451279,297762.0,9087
143365,The Circle (2016),Drama|Sci-Fi|Thriller,4287320,339988.0,9088
143367,Silence (2016),Drama|Thriller,0490215,68730.0,9089
143385,Bridge of Spies (2015),Drama|Thriller,3682448,296098.0,9090
143410,Hyena Road,(no genres listed),4034452,316042.0,9091
143458,The Great Hypnotist (2014),Drama|Mystery|Thriller,3720058,273197.0,9092
143472,Into the Grizzly Maze (2015),Action|Horror|Thriller,1694021,244316.0,9093
143511,Human (2015),Documentary,3327994,359364.0,9094
143525,Chasuke's Journey (2015),Comedy|Drama,3560464,319996.0,9095
143559,L.A. Slasher (2015),Comedy|Crime|Fantasy,2735292,323792.0,9096
143859,"Hail, Caesar! (2016)",Comedy,0475290,270487.0,9097
143896,How To Change The World (2015),Documentary,4144504,319073.0,9098
143969,Er ist wieder da (2015),Comedy,4176826,318917.0,9099
144210,Just Eat It: A Food Waste Story (2014),Documentary,3597400,259985.0,9100
144222,Bros Before Hos (2013),Comedy,2947832,230211.0,9101
144262,Slow Learners (2015),Comedy|Romance,2537390,333287.0,9102
144352,Unforgiven (2013),Action|Crime|Drama,2347134,141819.0,9103
144478,"Sex, Drugs & Taxation (2013)",Comedy|Drama,2191400,211005.0,9104
144522,Sky High (2003),Action|Horror|Thriller,0398563,5846.0,9105
144606,Confessions of a Dangerous Mind (2002),Comedy|Crime|Drama|Romance|Thriller,0270288,4912.0,9106
144620,Goosebumps (2015),Adventure|Comedy|Horror,1051904,257445.0,9107
144714,The Perfect Guy (2015),Drama|Thriller,3862750,304372.0,9108
144716,Rock the Kasbah (2015),Comedy,3164256,253414.0,9109
144734,Freaks of Nature (2015),Comedy|Horror|Sci-Fi,1817771,218784.0,9110
144976,Bone Tomahawk (2015),Horror|Western,2494362,294963.0,9111
145080,Extraordinary Tales (2015),Animation|Horror|Mystery,3454574,329020.0,9112
145150,The Dressmaker (2015),Comedy|Drama|Thriller,2910904,298382.0,9113
145283,Nowitzki: The Perfect Shot (2014),Documentary,3626804,291343.0,9114
145418,Trumbo (2015),Drama,3203606,294016.0,9115
145491,Our Lips Are Sealed (2000),Children|Comedy|Drama,0270560,34729.0,9116
145724,Idaho Transfer (1973),Sci-Fi,0071647,74836.0,9117
145745,Witch Hunt (1999),Crime|Drama,0187598,268788.0,9118
145839,Concussion (2015),Drama,3322364,321741.0,9119
145935,"Peanuts Movie, The (2015)",Adventure|Animation|Children|Comedy,2452042,227973.0,9120
145951,Bloodsport: The Dark Kumite (1999),Action|Thriller,0172184,36693.0,9121
145994,Formula of Love (1984),Comedy,0216755,27940.0,9122
146024,A Man from Boulevard des Capucines (1987),Comedy|Romance|Western,0092745,45227.0,9123
146028,The Adventures of Sherlock Holmes and Dr. Watson: The Hound of the Baskervilles (1981),Crime|Mystery,0083100,84254.0,9124
146210,Blue Mountain State: The Rise of Thadland (2015),Comedy,3748440,288171.0,9125
146244,Dil To Pagal Hai (1997),Comedy|Drama|Romance,0118983,13986.0,9126
146309,The Boy and the Beast (2015),Action|Adventure|Animation,4272866,315465.0,9127
146656,Creed (2015),Drama,3076658,312221.0,9128
146662,Dragons: Gift of the Night Fury (2011),Adventure|Animation|Comedy,2065968,91417.0,9129
146682,Twinsters (2015),Documentary,2980626,324325.0,9130
146684,Cosmic Scrat-tastrophe (2015),Animation|Children|Comedy,5184298,367326.0,9131
146688,Solace (2015),Fantasy|Mystery|Thriller,1291570,339527.0,9132
146730,Lost in the Sun (2015),Action|Drama|Thriller,3593046,360203.0,9133
146986,Le Maître d'école (1981),Comedy,0082726,53179.0,9134
147002,Eros (2004),Drama|Romance,0343663,39850.0,9135
147142,Those Happy Days (2006),Children|Comedy,0478566,19100.0,9136
147196,The Girls (1961),Comedy|Romance,0134614,20975.0,9137
147250,The Adventures of Sherlock Holmes and Doctor Watson,(no genres listed),0229922,127605.0,9138
147282,What Men Still Talk About (2011),Comedy,1863347,83456.0,9139
147286,The Adventures of Sherlock Holmes and Doctor Watson: The Treasures of Agra (1983),Crime|Mystery,0086333,127608.0,9140
147300,Adventures Of Sherlock Holmes And Dr. Watson: The Twentieth Century Approaches (1986),Crime|Mystery,0091942,270393.0,9141
147326,The Adventures of Sherlock Holmes and Doctor Watson: King of Blackmailers (1980),Crime|Mystery,0459944,126846.0,9142
147328,The Adventures of Sherlock Holmes and Dr. Watson: Bloody Signature (1979),Crime,0080263,72093.0,9143
147330,Sherlock Holmes and Dr. Watson: Acquaintance (1979),Crime,0079902,72095.0,9144
147372,Doctor Who: Last Christmas (2014),Adventure|Drama|Fantasy|Sci-Fi,4050552,317182.0,9145
147374,"Doctor Who: The Doctor, the Widow and the Wardrobe (2011)",Adventure|Drama,1998643,315623.0,9146
147376,Doctor Who: A Christmas Carol (2010),Sci-Fi,1672218,315620.0,9147
147378,Doctor Who: Planet of the Dead (2009),Adventure|Children|Drama|Sci-Fi,1337072,282963.0,9148
147380,Doctor Who: The Next Doctor (2008),Adventure|Children|Drama|Sci-Fi,1321969,317190.0,9149
147382,Doctor Who: Voyage Of The Damned (2007),Action|Sci-Fi,1061123,335209.0,9150
147384,Doctor Who: The Runaway Bride (2007),Sci-Fi,0827573,282758.0,9151
147410,A Perfect Day (2015),Comedy|Drama,3577624,321751.0,9152
147657,Masked Avengers (1981),Action,0082153,63441.0,9153
147662,Return of the One-Armed Swordsman (1969),Action|Adventure,0064265,48300.0,9154
147936,The Lord's Lantern in Budapest (1999),Comedy|Drama,0185534,104515.0,9155
148166,Hitchcock/Truffaut (2015),Documentary,3748512,339751.0,9156
148172,The 5th Wave (2016),Adventure|Sci-Fi|Thriller,2304933,299687.0,9157
148238,A Very Murray Christmas (2015),Comedy,4537842,364067.0,9158
148424,Chi-Raq (2015),Comedy|Drama,4594834,340275.0,9159
148482,Truth (2015),Drama,3859076,300693.0,9160
148592,Just Jim (2015),Comedy,3291148,323656.0,9161
148626,"Big Short, The (2015)",Drama,1596363,318846.0,9162
148632,Applesauce (2015),Comedy,4270878,333088.0,9163
148652,The Ridiculous 6 (2015),Comedy|Western,2479478,347969.0,9164
148667,John Mulaney: The Comeback Kid (2015),Comedy,5069564,367735.0,9165
148671,Saw (2003),Crime|Horror,0495241,246355.0,9166
148675,North Pole: Open For Christmas (2015),Children|Fantasy,4843046,369879.0,9167
148709,Mojave (2015),Thriller,2322517,237584.0,9168
148775,Wizards of Waverly Place: The Movie (2009),Adventure|Children|Comedy|Drama|Fantasy|Sci-Fi,1369845,26736.0,9169
148881,World of Tomorrow (2015),Animation|Comedy,4171032,303867.0,9170
148888,Zoolander 2 (2016),Comedy,1608290,329833.0,9171
148956,How to Be Single (2016),Comedy|Romance,1292566,259694.0,9172
148978,Blue Exorcist: The Movie (2012),Animation|Fantasy|Horror|Mystery,3028018,201223.0,9173
148982,Devil Dog: The Hound of Hell (1978),Horror,0077429,26702.0,9174
149011,He Never Died (2015),Comedy|Drama|Horror,2386404,279690.0,9175
149144,Parasyte: Part 1 (2014),Horror|Sci-Fi,3345472,282069.0,9176
149146,Parasyte: Part 2 (2015),Horror|Sci-Fi,3345474,282070.0,9177
149330,A Cosmic Christmas (1977),(no genres listed),0182015,125464.0,9178
149334,Nocturnal Animals,Drama|Thriller,4550098,340666.0,9179
149350,Lumberjack Man (2015),Comedy|Horror,3201722,356486.0,9180
149352,Daddy's Home (2015),Comedy,1528854,274167.0,9181
149354,Sisters (2015),Children|Comedy,1850457,266294.0,9182
149380,'Tis the Season for Love (2015),Romance,5056034,362886.0,9183
149406,Kung Fu Panda 3 (2016),Action|Adventure|Animation,2267968,140300.0,9184
149508,Spellbound (2011),Comedy|Romance,2132405,92499.0,9185
149566,Unicorn City (2012),Comedy|Romance,1734589,102051.0,9186
149590,Standoff (2016),Thriller,3703908,344041.0,9187
149612,Swelter (2014),Action|Drama|Thriller,2112277,256687.0,9188
149830,Pride and Prejudice and Zombies (2016),Comedy|Horror|Romance|Thriller,1374989,58431.0,9189
149902,Garm Wars: The Last Druid (2014),Action|Sci-Fi|Thriller,2504640,302026.0,9190
150254,The Devil's Candy (2015),Horror,4935372,354216.0,9191
150401,Close Range (2015),Action|Crime,3511596,325173.0,9192
150548,Sherlock: The Abominable Bride (2016),Action|Crime|Drama|Mystery|Thriller,3845232,370646.0,9193
150554,The Love Bug (1997),Adventure|Children|Comedy|Fantasy,0119571,32643.0,9194
150596,Doctor Who: The Husbands of River Song (2015),Comedy|Drama|Sci-Fi,4701546,371759.0,9195
150604,Moonwalkers (2015),Comedy,2718440,272548.0,9196
150696,Tomorrow (2015),Documentary,4449576,371492.0,9197
150993,Anacleto: Agente secreto (2015),Action|Comedy,3510480,284514.0,9198
151311,Wiener-Dog (2016),Comedy,4144190,326094.0,9199
151315,Ride Along 2 (2016),Action|Comedy,2869728,323675.0,9200
151317,Maggie's Plan (2015),Comedy,3471098,312669.0,9201
151455,Eddie the Eagle (2016),Comedy,1083452,319888.0,9202
151479,The Flash 2 - Revenge of the Trickster (1991),Action|Fantasy|Sci-Fi,0101893,222619.0,9203
151501,Exposed (2016),Drama,4019560,331962.0,9204
151557,Stonewall (2015),Drama,3018070,273899.0,9205
151559,Frankenstein (2015),Horror|Thriller,4086032,337029.0,9206
151653,Welcome to Happiness (2015),Comedy|Drama|Fantasy,3564794,340255.0,9207
151687,Risen (2016),Children|Drama,3231054,335778.0,9208
151695,The Survivalist (2015),Drama|Sci-Fi|Thriller,2580382,329004.0,9209
151739,Dirty Grandpa (2016),Comedy,1860213,291870.0,9210
151745,Reptilicus (1961),Horror|Sci-Fi,0056405,21266.0,9211
151759,Requiem for the American Dream (2015),Documentary,3270538,333377.0,9212
151763,Death Note Rewrite: Genshisuru Kami (2007),Mystery,3355694,333040.0,9213
151769,Three from Prostokvashino (1978),Animation,0189160,77294.0,9214
151777,The Finest Hours (2016),Drama|Thriller,2025690,300673.0,9215
151781,Ghost in the Shell: Solid State Society (2006),Action|Animation|Crime|Sci-Fi|Thriller,0856797,18874.0,9216
152037,Grease Live (2016),(no genres listed),4366830,348089.0,9217
152063,Gods of Egypt (2016),Adventure|Fantasy,2404233,205584.0,9218
152065,Embrace of the Serpent (2016),Adventure|Drama,4285496,336808.0,9219
152071,Race (2016),Drama,3499096,323677.0,9220
152077,10 Cloverfield Lane (2016),Thriller,1179933,333371.0,9221
152079,London Has Fallen (2016),Action|Crime|Thriller,3300542,267860.0,9222
152081,Zootopia (2016),Action|Adventure|Animation|Children|Comedy,2948356,269149.0,9223
152083,Whiskey Tango Foxtrot (2016),Comedy|War,3553442,279641.0,9224
152085,Desierto (2016),Drama,3147312,258363.0,9225
152091,The Brothers Grimsby (2016),Comedy,3381008,267193.0,9226
152105,Dad's Army (1971),Comedy,0066963,20051.0,9227
152173,Michael Jackson's Thriller (1983),Horror,0088263,92060.0,9228
152270,The Wait (2015),Drama,3715122,330348.0,9229
152284,War and Peace (2016),Drama|Romance,3910804,378779.0,9230
152372,Southbound (2016),Horror,4935334,354251.0,9231
152591,Ip Man 3 (2015),Action,2888046,365222.0,9232
152658,Santa's Little Helper (2015),Children,4592572,353609.0,9233
152711,Who Killed Chea Vichea? (2010),Documentary,1276121,148184.0,9234
152970,Hunt for the Wilderpeople (2016),Adventure|Comedy,4698684,371645.0,9235
153070,Rabbits (2002),Comedy|Drama|Fantasy,0347840,44351.0,9236
153236,Genius Party (2007),Animation,0962762,40123.0,9237
153386,Long Live Ghosts! (1977),Children|Comedy|Fantasy,0075703,46632.0,9238
153408,Tears for Sale (2008),Comedy|Drama|Fantasy,0380249,16403.0,9239
154065,Dad's Army (2016),Comedy,4104054,332721.0,9240
154358,The Barkley Marathons: The Race That Eats Its Young (2015),Documentary,2400291,334495.0,9241
154975,Merci Patron ! (2016),Comedy|Documentary,5326448,383809.0,9242
155064,The Neon Demon (2016),Drama|Horror|Mystery,1974419,301365.0,9243
155168,Fraktus (2012),Comedy,1971571,140554.0,9244
155288,Eye in the Sky (2016),Drama|Thriller|War,2057392,333352.0,9245
155358,Camino (2016),Action|Adventure|Thriller,4991652,359025.0,9246
155509,Mr. Right (2016),Action|Comedy|Romance,2091935,333385.0,9247
155589,Noin 7 veljestä (1968),(no genres listed),0134854,55495.0,9248
155659,Florence Foster Jenkins (2016),Comedy|Drama,4136084,315664.0,9249
155743,My Big Fat Greek Wedding 2 (2016),Comedy,3760922,302688.0,9250
155774,Neon Bull (2015),Adventure,4899406,314029.0,9251
155812,Get a Job (2016),Comedy,1468846,186759.0,9252
155820,Keanu (2016),Comedy,4139124,342521.0,9253
155892,Me Him Her (2015),Comedy,2507238,254952.0,9254
156025,Ice Age: The Great Egg-Scapade (2016),Adventure|Animation|Children|Comedy,5480340,387893.0,9255
156371,Everybody Wants Some (2016),Comedy,2937696,295699.0,9256
156387,Sing Street (2016),Drama,3544112,369557.0,9257
156553,Zoom (2015),Animation|Comedy|Drama,3763866,351065.0,9258
156605,Paterson,(no genres listed),5247022,370755.0,9259
156607,The Huntsman Winter's War (2016),Action|Adventure|Drama|Fantasy,2381991,290595.0,9260
156609,Neighbors 2: Sorority Rising (2016),Comedy,4438848,325133.0,9261
156675,Project X (1968),Mystery|Sci-Fi,0063465,29398.0,9262
156706,The Trust (2016),Crime|Thriller,3733774,301608.0,9263
156726,Hush (2016),Thriller,5022702,376570.0,9264
156781,Jimmy Carr: Telling Jokes (2009),Comedy,1585985,24784.0,9265
156783,Jimmy Carr: Making People Laugh (2010),Comedy,1794821,49381.0,9266
157108,Texas - Doc Snyder hält die Welt in Atem (1993),Comedy|Western,0108317,1659.0,9267
157110,00 Schneider - Jagd auf Nihil Baxter (1994),Comedy|Crime,0109000,1652.0,9268
157122,The Man Who Knew Infinity (2016),Drama,0787524,353326.0,9269
157130,Despite the Falling Snow (2016),Drama|Romance|Thriller,2474932,366901.0,9270
157172,Wizards of the Lost Kingdom II (1989),Action|Fantasy,0090334,7237.0,9271
157200,Money Monster (2016),Drama|Thriller,2241351,303858.0,9272
157270,Barbershop: The Next Cut (2016),Comedy,3628584,326423.0,9273
157296,Finding Dory (2016),Adventure|Animation|Comedy,2277860,127380.0,9274
157312,The Boss (2016),Comedy,2702724,323676.0,9275
157340,The Angry Birds Movie (2016),Animation|Comedy,1985949,153518.0,9276
157369,Bakuman (2015),Comedy|Drama,3715854,327536.0,9277
157407,I Am Wrath (2016),Action|Crime|Drama|Thriller,3212232,332411.0,9278
157432,Precious Cargo (2016),Action|Crime,4651410,384737.0,9279
157699,Snowden (2016),Drama|Thriller,3774114,302401.0,9280
157775,Tenchi Muyô! In Love (1996),Animation|Comedy,0117876,34935.0,9281
157865,Ratchet & Clank (2016),Action|Adventure|Animation|Children|Comedy|Sci-Fi,2865120,234004.0,9282
158022,Kicking Off (2016),Comedy,3703750,386891.0,9283
158027,SORI: Voice from the Heart (2016),Drama|Sci-Fi,4788944,380254.0,9284
158035,Gintama: The Final Chapter - Be Forever Yorozuya (2013),Action|Animation|Comedy,2374144,245917.0,9285
158238,The Nice Guys (2016),Crime|Mystery|Thriller,3799694,290250.0,9286
158254,Kindergarten Cop 2 (2016),Action|Comedy,4763168,383121.0,9287
158388,Buck Rogers in the 25th Century (1979),Sci-Fi,0077278,3786.0,9288
158398,World of Glory (1991),Comedy,0102083,44238.0,9289
158402,The Crew (2016),Action,5653294,380111.0,9290
158528,The Shallows (2016),Drama|Thriller,4052882,332567.0,9291
158721,Gen-X Cops (1999),Action|Comedy|Thriller,0206334,13099.0,9292
158783,The Handmaiden (2016),Drama|Romance|Thriller,4016934,290098.0,9293
158813,Alice Through the Looking Glass (2016),Adventure|Children|Fantasy,2567026,241259.0,9294
158830,The BFG (2016),Children|Fantasy,3691740,267935.0,9295
158842,My Scientology Movie (2016),Documentary,5111874,359871.0,9296
158872,Sausage Party (2016),Animation|Comedy,1700841,223702.0,9297
158874,Karate Bullfighter (1975),Action|Drama,0165348,13125.0,9298
158882,All Yours (2016),Comedy|Drama|Romance,5368354,387398.0,9299
158956,Kill Command (2016),Action|Horror|Sci-Fi,2667380,384798.0,9300
158966,Captain Fantastic (2016),Drama,3553976,334533.0,9301
158972,Toni Erdmann (2016),Drama,4048272,374475.0,9302
159061,The Wailing (2016),Mystery|Thriller,5215952,293670.0,9303
159069,Comedy of the Strict Regime (1993),Comedy,0106591,83501.0,9304
159077,The Meddler (2016),Comedy|Drama,4501454,337154.0,9305
159093,Now You See Me 2 (2016),Action|Comedy|Thriller,3110958,291805.0,9306
159161,Ali Wong: Baby Cobra (2016),(no genres listed),5066574,396292.0,9307
159193,Café Society (2016),Comedy|Drama|Romance,4513674,339397.0,9308
159403,Neo Tokyo (1987),Adventure|Animation|Fantasy|Horror|Sci-Fi,0185481,37433.0,9309
159415,Swiss Army Man (2016),Comedy|Drama|Romance,4034354,347031.0,9310
159441,The Do-Over (2016),Comedy,4769836,389053.0,9311
159510,Death Smiles on a Murderer (1973),Horror,0068972,5434.0,9312
159690,Teenage Mutant Ninja Turtles: Out of the Shadows (2016),Action|Adventure|Comedy,3949660,308531.0,9313
159717,The Fundamentals of Caring (2016),Drama,2452386,318121.0,9314
159755,Popstar: Never Stop Never Stopping (2016),Comedy,3960412,341012.0,9315
159779,A Midsummer Night's Dream (2016),(no genres listed),5051278,398854.0,9316
159811,The Bremen Town Musicians (1969),Animation|Drama|Fantasy,0211281,33108.0,9317
159817,Planet Earth (2006),Documentary,0795176,192040.0,9318
159849,Bo Burnham: Make Happy (2016),Comedy,5192124,400608.0,9319
159858,The Conjuring 2 (2016),Horror,3065204,259693.0,9320
159976,Pelé: Birth of a Legend (2016),Drama,0995868,245913.0,9321
160080,Ghostbusters (2016),Action|Comedy|Horror|Sci-Fi,1289401,43074.0,9322
160271,Central Intelligence (2016),Action|Comedy,1489889,302699.0,9323
160289,O.J.: Made in America (2016),Documentary,5275892,377462.0,9324
160341,Bloodmoon (1997),Action|Thriller,0118745,30948.0,9325
160400,Genius (2016),Drama,1703957,267192.0,9326
160422,The Wooden Horse (1950),Drama|War,0043147,68309.0,9327
160438,Jason Bourne (2016),Action,4196776,324668.0,9328
160440,The Maid's Room (2014),Thriller,2263814,278348.0,9329
160527,Sympathy for the Underdog (1971),Action|Crime|Drama,0066806,90351.0,9330
160563,The Legend of Tarzan (2016),Action|Adventure,0918940,258489.0,9331
160565,The Purge: Election Year (2016),Action|Horror|Sci-Fi,4094724,316727.0,9332
160567,Mike & Dave Need Wedding Dates (2016),Comedy,2823054,316023.0,9333
160569,Ice Age: Collision Course (2016),Adventure|Animation|Children|Comedy,3416828,278154.0,9334
160571,Lights Out (2016),Horror,4786282,345911.0,9335
160573,Pete's Dragon (2016),Adventure|Children|Fantasy,2788732,294272.0,9336
160644,Indignation (2016),Drama,4193394,340611.0,9337
160646,Goat (2016),Drama,4437216,337874.0,9338
160684,Marauders (2016),Action,3963816,359412.0,9339
160718,Piper (2016),Animation,5613056,399106.0,9340
160730,The Adderall Diaries (2015),Action|Drama|Thriller,1735907,274504.0,9341
160836,Hazard (2005),Action|Drama|Thriller,0798722,70193.0,9342
160848,The Red Turtle (2016),Animation,3666024,337703.0,9343
160872,Satanic (2016),Horror,4796122,400411.0,9344
160954,Nerve (2016),Drama|Thriller,3531824,328387.0,9345
160978,Hellevator (2004),Horror|Sci-Fi,0422370,49037.0,9346
160980,Sully (2016),Drama,3263904,363676.0,9347
161008,The Forbidden Dance (1990),(no genres listed),0099595,118430.0,9348
161024,Jim Jefferies: Freedumb (2016),Comedy,5849950,404022.0,9349
161032,The Grandmother (1970),Action|Drama,0065794,44510.0,9350
161044,Webmaster (1998),Sci-Fi,0136535,16909.0,9351
161127,The Infiltrator (2016),Crime|Drama,1355631,325789.0,9352
161131,War Dogs (2016),Comedy,2005151,308266.0,9353
161290,Vigilante Diaries (2016),Action,3903852,403232.0,9354
161354,Batman: The Killing Joke (2016),Action|Animation|Crime|Drama,4853102,382322.0,9355
161580,Bad Moms (2016),Comedy,4651520,376659.0,9356
161582,Hell or High Water (2016),Crime|Drama,2582782,338766.0,9357
161594,Kingsglaive: Final Fantasy XV (2016),Action|Adventure|Animation|Drama|Fantasy|Sci-Fi,5595168,390734.0,9358
161634,Don't Breathe (2016),Thriller,4160708,300669.0,9359
161830,Body (2015),Drama|Horror|Thriller,3732950,314420.0,9360
161918,Sharknado 4: The 4th Awakens (2016),Action|Adventure|Horror|Sci-Fi,4831420,390989.0,9361
161922,The Edge of Seventeen (2016),Comedy,1878870,376660.0,9362
161966,Elle (2016),Thriller,3716530,337674.0,9363
162082,Train to Busan (2016),Action|Thriller,5700672,396535.0,9364
162344,Tom Segura: Mostly Stories (2016),Comedy,4970632,376482.0,9365
162350,The Magnificent Seven (2016),Action|Western,2404435,333484.0,9366
162414,Moonlight,Drama,4975722,376867.0,9367
162478,Masterminds (2016),Action|Comedy|Crime,2461150,213681.0,9368
162578,Kubo and the Two Strings (2016),Adventure|Animation|Children|Fantasy,4302938,313297.0,9369
162590,Bridget Jones's Baby (2016),Comedy|Romance,1473832,95610.0,9370
162598,Deepwater Horizon (2016),Drama,1860357,296524.0,9371
162600,Miss Peregrine's Home for Peculiar Children (2016),Fantasy,1935859,283366.0,9372
162602,The Girl on the Train (2016),Thriller,3631112,346685.0,9373
162606,The Accountant (2016),Crime|Drama|Thriller,2140479,302946.0,9374
162828,Imperium (2016),Crime|Drama|Thriller,4781612,374617.0,9375
162968,Kizumonogatari Part 1: Tekketsu (2016),Action|Animation|Mystery,3138698,357786.0,9376
162982,Steins;Gate the Movie: The Burden of Déjà vu (2013),Animation|Drama|Sci-Fi,2967286,225745.0,9377
163056,Shin Godzilla (2016),Action|Adventure|Fantasy|Sci-Fi,4262980,315011.0,9378
163072,Winnie Pooh (1969),Animation|Children,0211729,36161.0,9379
163112,Winnie the Pooh Goes Visiting (1971),Animation,0211730,36163.0,9380
163134,Your Name. (2016),Animation|Drama|Fantasy|Romance,5311514,372058.0,9381
163386,Winnie the Pooh and the Day of Concern (1972),Animation,0208558,36162.0,9382
163527,Comedy Central Roast of David Hasselhoff (2010),Comedy,1694505,296193.0,9383
163639,DC Super Hero Girls: Hero of the Year (2016),Animation,5836262,401650.0,9384
163645,Hacksaw Ridge (2016),Drama|War,2119532,324786.0,9385
163653,David Cross: Making America Great Again (2016),Comedy,5943936,408546.0,9386
163809,Over the Garden Wall (2013),Adventure|Animation|Drama,3718778,409696.0,9387
163925,"Wings, Legs and Tails (1986)",Animation|Comedy,1350929,333372.0,9388
163937,Blair Witch (2016),Horror|Thriller,1540011,351211.0,9389
163981,31 (2016),Horror,3835080,284564.0,9390
163985,ARQ (2016),Sci-Fi|Thriller,5640450,410199.0,9391
164179,Arrival (2016),Sci-Fi,2543164,329865.0,9392
164200,Storks (2016),Animation|Children|Comedy,4624424,332210.0,9393
164226,Maximum Ride (2016),Action|Adventure|Comedy|Fantasy|Sci-Fi|Thriller,0825283,339116.0,9394
164280,Endless Poetry (2016),Drama|Fantasy,4451458,325385.0,9395
164367,The Girl with All the Gifts (2016),Drama|Horror|Sci-Fi|Thriller,4547056,375366.0,9396
164375,All Roads Lead to Rome (2016),Comedy,4119278,298583.0,9397
164540,Amanda Knox (2016),Documentary,5952332,411009.0,9398
164647,Dirty 30 (2016),Comedy|Romance,5521550,377492.0,9399
164655,Gimme Danger (2016),Documentary,1714917,392820.0,9400
164707,Go Figure (2005),Children|Comedy|Drama,0447987,55504.0,9401
164753,Anything for Love (2016),Romance,5340362,379990.0,9402
164881,Night Guards (2016),Action|Sci-Fi,5487524,402193.0,9403
164909,La La Land (2016),Comedy|Drama|Romance,3783958,313369.0,9404
164917,13th (2016),Documentary,5895028,407806.0,9405
165075,London Town (2016),Drama,1724597,394822.0,9406
165101,Inferno (2016),Mystery|Thriller,3062096,207932.0,9407
165103,Keeping Up with the Joneses (2016),Comedy,2387499,331313.0,9408
165139,Wild Oats (2016),Comedy,1655461,406992.0,9409
165343,The Rocky Horror Picture Show: Let's Do the Time Warp Again (2016),Comedy|Horror|Sci-Fi|Thriller,1267299,377448.0,9410
165347,Jack Reacher: Never Go Back (2016),Action|Crime|Drama|Mystery|Thriller,3393786,343611.0,9411
165483,Joe Rogan: Triggered (2016),Comedy,6023444,421854.0,9412
165489,Ethel & Ernest (2016),(no genres listed),1725969,413770.0,9413
165529,Flowers for Algernon (2000),Drama,0210044,29136.0,9414
165549,Manchester by the Sea (2016),Drama,4034228,334541.0,9415
165551,Lion (2016),Drama,3741834,334543.0,9416
165635,The Thinning (2016),Thriller,5254868,419639.0,9417
165639,While You Were Fighting: A Thor Mockumentary (2016),Comedy|Fantasy|Sci-Fi,6016776,413279.0,9418
165645,Bad Santa 2 (2016),Comedy,1798603,338964.0,9419
165671,Ice Guardians (2016),Documentary,4431208,413361.0,9420
165843,Risk (2016),Documentary,4964772,393561.0,9421
165947,The True Memoirs of an International Assassin (2016),Action|Comedy,1542768,339396.0,9422
165959,Alesha Popovich and Tugarin the Dragon (2004),Animation|Comedy|Drama,0415481,33065.0,9423
165969,HyperNormalisation (2016),Documentary,6156350,419546.0,9424
166015,The African Doctor (2016),Comedy|Drama,5555502,393764.0,9425
166024,Whiplash (2013),(no genres listed),2654430,367412.0,9426
166183,Junior and Karlson (1968),Adventure|Animation|Children,0756316,77304.0,9427
166203,Sapphire Blue (2014),Adventure|Children|Fantasy|Sci-Fi,3260022,279229.0,9428
166291,A Silent Voice (2016),Animation|Drama|Romance,5323662,378064.0,9429
166461,Moana (2016),Adventure|Animation|Children|Comedy|Fantasy,3521164,277834.0,9430
166492,Office Christmas Party (2016),Comedy,1711525,384682.0,9431
166526,The Space Between Us (2016),Adventure|Sci-Fi,3922818,365942.0,9432
166528,Rogue One: A Star Wars Story (2016),Action|Adventure|Fantasy|Sci-Fi,3748528,330459.0,9433
166534,Split (2017),Drama|Horror|Thriller,4972582,381288.0,9434
166558,Underworld: Blood Wars (2016),Action|Horror,3717252,346672.0,9435
166568,Miss Sloane (2016),Thriller,4540710,376290.0,9436
166635,Passengers (2016),Adventure|Drama|Romance|Sci-Fi,1355644,274870.0,9437
166643,Hidden Figures (2016),Drama,4846340,381284.0,9438
166705,Fences (2016),Drama,2671706,393457.0,9439
166946,The Founder (2016),Drama,4276820,310307.0,9440
167018,Why Him? (2016),Comedy,4501244,356305.0,9441
167036,Sing (2016),Animation|Children|Comedy,3470600,335797.0,9442
167064,I Am Not Your Negro (2017),Documentary,5804038,411019.0,9443
167296,Iron Man (1931),Drama,0022002,194310.0,9444
167370,Assassin's Creed (2016),Action|Adventure|Sci-Fi,2094766,121856.0,9445
167380,A Dog's Purpose (2017),Comedy|Drama,1753383,381289.0,9446
167538,Microwave Massacre (1983),Horror,0085937,87852.0,9447
167570,The OA,(no genres listed),4635282,432192.0,9448
167634,Fist Fight (2017),Comedy,3401882,345922.0,9449
167706,Shakespeare Behind Bars (2005),Documentary,0368264,146836.0,9450
167732,A Street Cat Named Bob (2016),Comedy|Drama,3606888,404378.0,9451
167746,The Lego Batman Movie (2017),Action|Animation|Comedy,4116284,324849.0,9452
167772,The Spirit of Christmas (1995),Animation|Comedy,0122264,16487.0,9453
167790,The Good Boy (2016),Children|Comedy|Drama,5358714,417427.0,9454
167854,"Dana Carvey: Straight White Male, 60 (2016)",Comedy,6217368,423122.0,9455
168026,Marvel One-Shot: Agent Carter (2013),Action|Adventure|Fantasy|Sci-Fi,3067038,211387.0,9456
168090,Kizumonogatari II: Passionate Blood (2016),Animation|Fantasy|Mystery,5084196,362584.0,9457
168144,Joe Rogan: Live (2006),Comedy,0822818,24439.0,9458
168174,Jim Gaffigan: Cinco (2017),Comedy,6090102,432959.0,9459
168218,Kizumonogatari III: Cold Blood (2017),Animation|Fantasy|Mystery,5084198,362585.0,9460
168248,John Wick: Chapter Two (2017),Action|Crime|Thriller,4425200,324552.0,9461
168250,Get Out (2017),Horror,5052448,419430.0,9462
168252,Logan (2017),Action|Sci-Fi,3315342,263115.0,9463
168254,Kong: Skull Island (2017),Action|Adventure|Fantasy,3731562,293167.0,9464
168266,T2: Trainspotting (2017),Crime|Drama,2763304,180863.0,9465
168326,The Big Sick (2017),Comedy|Romance,5462602,416477.0,9466
168350,100 Streets (2016),Drama,2990126,334532.0,9467
168358,Saturn 3 (1980),Sci-Fi|Thriller,0079285,19761.0,9468
168366,Beauty and the Beast (2017),Fantasy|Romance,2771200,321612.0,9469
168418,The Boss Baby (2017),Animation|Children|Comedy,3874544,295693.0,9470
168456,Mercury Plains (2016),Action|Adventure|Drama,1753786,376003.0,9471
168492,Call Me by Your Name (2017),Drama|Romance,5726616,398818.0,9472
168608,Mudbound (2017),Drama,2396589,414425.0,9473
168612,Ghost in the Shell (2017),Action|Drama|Sci-Fi,1219827,315837.0,9474
168632,Bill Burr: Walk Your Way Out (2017),Comedy,6184894,437752.0,9475
168712,Fifty Shades Darker (2017),Drama|Romance,4465564,341174.0,9476
168846,Neal Brennan: 3 Mics (2017),Comedy,6438918,435351.0,9477
169034,Lemonade (2016),(no genres listed),5662106,394269.0,9478
169180,American Fable (2017),Thriller,4671002,381064.0,9479
169670,The Void (2016),Horror,4255304,378018.0,9480
169904,Guyver: Dark Hero (1994),Sci-Fi,0109965,11795.0,9481
169912,Denis Leary: No Cure for Cancer (1993),Comedy,0248752,26797.0,9482
169958,Buster's Mal Heart (2017),Drama|Mystery,5173032,367147.0,9483
169982,Power Rangers (2017),Action|Adventure|Sci-Fi,3717490,305470.0,9484
169984,Alien: Covenant (2017),Action|Horror|Sci-Fi|Thriller,2316204,126889.0,9485
169992,Free Fire (2017),Action|Crime|Drama,4158096,334521.0,9486
170289,Species III (2004),Action|Horror|Sci-Fi,0410650,9711.0,9487
170297,Ultimate Avengers 2 (2006),Action|Animation|Sci-Fi,0803093,14611.0,9488
170355,Mulholland Dr. (1999),Drama|Mystery|Romance,1619856,185789.0,9489
170357,Dave Chappelle: The Age of Spin (2017),Comedy,6648926,444705.0,9490
170399,CHiPS (2017),Action|Comedy|Drama,0493405,417644.0,9491
170401,Table 19 (2017),Comedy|Drama,1412528,353569.0,9492
170411,Dave Chappelle: Deep in the Heart of Texas (2017),Comedy,6649108,444706.0,9493
170551,The Quiet Family (1998),Comedy,0188503,74336.0,9494
170597,A Plasticine Crow (1981),Animation,0219251,129229.0,9495
170697,Gifted (2017),Drama,4481414,400928.0,9496
170705,Band of Brothers (2001),Action|Drama|War,0185906,331214.0,9497
170777,There Once Was a Dog (1982),Animation|Children|Comedy,0216434,72215.0,9498
170813,Baywatch (2017),Action|Comedy,1469304,339846.0,9499
170817,Snatched (2017),Action|Comedy,2334871,373569.0,9500
170827,The Mummy (2017),Action|Adventure|Fantasy|Horror|Thriller,2345759,282035.0,9501
170837,Life-Size (2000),Children|Comedy|Fantasy,0200809,36968.0,9502
170875,The Fate of the Furious (2017),Action|Crime|Drama|Thriller,4630562,337339.0,9503
170897,Sandy Wexler (2017),Comedy,5893332,419700.0,9504
170907,Betting on Zero (2016),Documentary,3762912,385805.0,9505
170937,Win It All (2017),Comedy,3155328,397442.0,9506
170939,Captain Underpants: The First Epic Movie (2017),Action|Animation|Children|Comedy,2091256,268531.0,9507
170945,It Comes at Night (2017),Horror|Mystery|Thriller,4695012,418078.0,9508
170957,Cars 3 (2017),Adventure|Animation|Comedy,3606752,260514.0,9509
170993,Mini's First Time (2006),Comedy|Crime|Drama,0425253,15314.0,9510
171011,Planet Earth II (2016),Documentary,5491994,420714.0,9511
171023,The Hero (2017),Drama,5655222,425751.0,9512
171251,"Nobody Speak: Hulk Hogan, Gawker and Trials of a Free Press (2017)",Documentary,6333064,430830.0,9513
171495,Cosmos,(no genres listed),0081846,409926.0,9514
171631,Maria Bamford: Old Baby,(no genres listed),6264596,455601.0,9515
171695,Robin Williams: Live on Broadway (2002),Comedy,0330829,20211.0,9516
171701,The Death of Louis XIV (2016),Drama,5129510,371859.0,9517
171749,Death Note: Desu nôto (2006–2007),(no genres listed),0877057,419787.0,9518
171751,Munna bhai M.B.B.S. (2003),Comedy,0374887,19625.0,9519
171759,The Beguiled (2017),Drama|Thriller|Western,5592248,399019.0,9520
171763,Baby Driver (2017),Action|Crime|Thriller,3890160,339403.0,9521
171765,Okja (2017),Action|Adventure|Drama|Sci-Fi,3967856,387426.0,9522
171811,Embassy (2013),Comedy|Sci-Fi|War,3273632,256608.0,9523
171867,Rough Night (2017),Comedy|Drama,4799050,397422.0,9524
171891,Generation Iron 2,(no genres listed),6263642,447818.0,9525
171917,Mystère à la Tour Eiffel (2015),Drama|Mystery|Thriller,4471456,430423.0,9526
172013,Stefan Zweig: Farewell to Europe (2016),Drama,3397160,391663.0,9527
172215,Saved by the Bell: Hawaiian Style (1992),Comedy,0105321,37022.0,9528
172229,Plain Clothes (1988),Comedy|Mystery|Romance|Thriller,0095875,55728.0,9529
172233,The Prime Gig (2000),Drama|Romance,0223954,44015.0,9530
172253,The Night Before (1988),Comedy,0095730,38966.0,9531
172321,Late Night with Conan O'Brien: The Best of Triumph the Insult Comic Dog (2004),Comedy,0422618,263029.0,9532
172461,Get Me Roger Stone (2017),Documentary,6714534,448448.0,9533
172497,T2 3-D: Battle Across Time (1996),(no genres listed),0117880,65595.0,9534
172547,Despicable Me 3 (2017),Adventure|Animation|Children|Comedy,3469046,324852.0,9535
172577,Last Year's Snow Was Falling (1983),Animation|Children|Comedy|Fantasy,0219233,145760.0,9536
172583,Investigation Held by Kolobki (1986),Animation,3066856,213321.0,9537
172585,Karlson Returns (1970),Adventure|Animation|Children,0209074,72203.0,9538
172587,Vacations in Prostokvashino (1980),Animation,1315584,77759.0,9539
172589,Winter in Prostokvashino (1984),Animation,1318414,77762.0,9540
172591,The Godfather Trilogy: 1972-1990 (1992),(no genres listed),0150742,364150.0,9541
172637,Priklyucheniya Kapitana Vrungelya (1979),Action|Adventure|Animation|Comedy,0219263,74535.0,9542
172705,Tickling Giants (2017),Documentary,5494396,390319.0,9543
172793,Vovka in the Kingdom of Far Far Away (1965),Adventure|Animation|Children|Fantasy,0213309,160046.0,9544
172825,Adventures of Mowgli: The Kidnapping (1968),Adventure|Animation|Children,1259772,195065.0,9545
172875,A Detective Story (2003),Animation|Sci-Fi,0366177,24660.0,9546
172881,Final Flight of the Osiris (2003),Action|Animation|Sci-Fi,0350934,24357.0,9547
172887,Kid's Story (2003),Animation|Sci-Fi,0368574,24914.0,9548
172909,Cheburashka (1971),Animation,0201520,213313.0,9549
173145,War for the Planet of the Apes (2017),Action|Adventure|Drama|Sci-Fi,3450958,281338.0,9550
173197,The Square (2017),Drama,4995790,401246.0,9551
173205,The Meyerowitz Stories (2017),Comedy,5536736,396398.0,9552
173209,War Machine (2017),Comedy|Drama|War,4758646,354287.0,9553
173235,Tokyo Idols (2017),Documentary,6039532,433092.0,9554
173253,Vir Das: Abroad Understanding (2017),Comedy,6822400,454361.0,9555
173255,"Norm Macdonald: Hitler's Dog, Gossip & Trickery (2017)",Comedy,6878486,456193.0,9556
173291,Valerian and the City of a Thousand Planets (2017),Action|Adventure|Sci-Fi,2239822,339964.0,9557
173307,The Gracefield Incident (2015),Action|Horror|Sci-Fi,4464394,327253.0,9558
173317,Shadow World (2016),Documentary,2626338,390410.0,9559
173351,Wow! A Talking Fish! (1983),Animation|Children|Comedy|Fantasy,1352408,165095.0,9560
173355,Travels of an Ant (1983),Animation,0216126,193216.0,9561
173535,The Adventures of Sherlock Holmes and Doctor Watson: The Hunt for the Tiger (1980),(no genres listed),0459945,406403.0,9562
173619,Fugitives (1986),Comedy|Crime,0091093,30163.0,9563
173751,Tiger Raid (2016),Thriller,4447518,390587.0,9564
173873,Gulliver's Travels (1996),Adventure|Children|Fantasy,0115195,26787.0,9565
173925,Seven Sisters (2017),Sci-Fi|Thriller,1536537,406990.0,9566
173941,Atomic Blonde (2017),Thriller,2406566,341013.0,9567
173963,Empties (2007),Comedy,0809951,6079.0,9568
174045,Goon: Last of the Enforcers (2017),Comedy,2417712,336890.0,9569
174053,Black Mirror: White Christmas (2014),Drama|Horror|Mystery|Sci-Fi|Thriller,3973198,374430.0,9570
174055,Dunkirk (2017),Action|Drama|Thriller|War,5013056,374720.0,9571
174141,Belladonna of Sadness (1973),Animation|Drama|Fantasy,0071203,64847.0,9572
174403,The Putin Interviews (2017),(no genres listed),6840134,461805.0,9573
174479,Unedited Footage of a Bear (2014),Horror|Thriller,4289434,312174.0,9574
174551,Obsession (1965),Comedy,0862766,435041.0,9575
174681,"Oh, Hello: On Broadway (2017)",Comedy,6987652,460822.0,9576
174727,Good Time (2017),Crime|Drama,4846232,429200.0,9577
174737,Don Camillo in Moscow (1965),Comedy,0059049,37991.0,9578
174815,The House (2017),Comedy,4481514,345914.0,9579
174909,Logan Lucky (2017),Comedy,5439796,399170.0,9580
175197,The Dark Tower (2017),Fantasy|Horror|Sci-Fi|Western,1648190,353491.0,9581
175199,Annabelle: Creation (2017),Horror,5140878,396422.0,9582
175293,Gena the Crocodile (1969),Animation|Children,0146970,79701.0,9583
175303,It (2017),Horror,1396484,346364.0,9584
175387,On the Trail of the Bremen Town Musicians (1973),Adventure|Animation|Children,0251333,70061.0,9585
175397,"In the blue sea, in the white foam. (1984)",Animation|Children|Fantasy,0487132,196649.0,9586
175401,Wolf and Calf (1984),Animation,0882997,91673.0,9587
175431,Bobik Visiting Barbos (1977),Animation|Comedy,1070753,72199.0,9588
175435,The Magic Ring (1982),Animation|Fantasy,0189195,79216.0,9589
175475,The Emoji Movie (2017),Animation|Children|Comedy,4877122,378236.0,9590
175485,Death Note (2017),Horror|Thriller,1241317,351460.0,9591
175569,Wind River (2017),Action|Crime|Mystery|Thriller,5362988,395834.0,9592
175577,Rory Scovel Tries Stand-Up for the First Time (2017),Comedy,7044010,461634.0,9593
175585,Shot Caller (2017),Action|Crime|Drama|Thriller,4633690,339692.0,9594
175661,The Hitman's Bodyguard (2017),Action|Comedy,1959563,390043.0,9595
175693,Rick and Morty: State of Georgia Vs. Denver Fenton Allen (2016),Comedy|Crime,5950978,412103.0,9596
175705,Themroc (1973),Comedy|Horror,0069369,7014.0,9597
175707,A German Life (2016),Documentary,5135434,411516.0,9598
175743,Self-criticism of a Bourgeois Dog (2017),Comedy,6354108,433410.0,9599
175781,Der Herr Karl (1961),Comedy,0273646,28469.0,9600
176051,LEGO DC Super Hero Girls: Brain Drain (2017),Animation,7158814,460135.0,9601
176101,Kingsman: The Golden Circle (2017),Action|Adventure|Comedy,4649466,343668.0,9602
176329,Ari Shaffir: Double Negative (2017),Comedy,6254796,466986.0,9603
176371,Blade Runner 2049 (2017),Sci-Fi,1856101,335984.0,9604
176389,The Nut Job 2: Nutty by Nature (2017),Adventure|Animation|Children|Comedy,3486626,335777.0,9605
176413,Bliss (2012),Drama,1835980,131244.0,9606
176415,Alles Inklusive (2014),Comedy|Drama,3469518,258357.0,9607
176419,Mother! (2017),Drama|Horror|Mystery|Thriller,5109784,381283.0,9608
176423,Icarus (2017),Documentary,6333060,432976.0,9609
176579,Cage Dive (2017),Drama|Horror|Thriller,4126568,420707.0,9610
176601,Black Mirror,(no genres listed),2492564,452830.0,9611
176621,Boniface's Holiday (1965),Animation|Children|Comedy|Romance,1332537,77557.0,9612
176751,American Made (2017),Crime|Thriller,3532216,337170.0,9613
176805,Little Boxes (2017),Comedy|Drama,5030402,390407.0,9614
176935,Geostorm (2017),Action,1981128,274855.0,9615
177185,Maz Jobrani: Immigrant (2017),Comedy,7164714,468366.0,9616
177285,Sword Art Online The Movie: Ordinal Scale (2017),Action|Adventure|Animation|Fantasy|Sci-Fi,5544384,413594.0,9617
177593,"Three Billboards Outside Ebbing, Missouri (2017)",Crime|Drama,5027774,359940.0,9618
177615,Lady Bird (2017),Comedy,4925292,391713.0,9619
177763,Murder on the Orient Express (2017),Crime|Drama|Mystery,3402236,392044.0,9620
177765,Coco (2017),Adventure|Animation|Children,2380307,354912.0,9621
177939,"The Night Is Short, Walk on Girl (2017)",Animation|Romance,6335734,430214.0,9622
178061,"I, Tonya (2017)",Drama,5580036,389015.0,9623
178111,"Fireworks, Should We See It from the Side or the Bottom? (2017)",Animation,6317962,431819.0,9624
178129,Adventures in Plymptoons! (2011),Documentary,1691448,103008.0,9625
178323,Gaga: Five Foot Two (2017),Documentary,7291268,472424.0,9626
178613,Dave Chappelle: Killin' Them Softly (2000),Comedy,0251654,16275.0,9627
178615,Front Cover (2016),Comedy|Drama|Romance,3185602,303854.0,9628
178827,Paddington 2 (2017),Adventure|Animation|Children|Comedy,4468740,346648.0,9629
179053,2048: Nowhere to Run (2017),Sci-Fi|Thriller,7387408,475759.0,9630
179073,Male Hunt (1964),Comedy,0057936,4835.0,9631
179119,The Death of Stalin (2017),Comedy,4686844,402897.0,9632
179133,Loving Vincent (2017),Animation|Crime|Drama,3262342,339877.0,9633
179135,Blue Planet II (2017),Documentary,6769208,463612.0,9634
179211,Christina P: Mother Inferior (2017),Comedy,7057376,480409.0,9635
179401,Jumanji: Welcome to the Jungle (2017),Action|Adventure|Children,2283362,353486.0,9636
179427,Dane Cook: Troublemaker (2014),Comedy,4129180,298718.0,9637
179491,Mayhem (2017),Action|Horror,4348012,429733.0,9638
179511,Emerald Green (2016),Adventure|Drama|Fantasy|Romance,4960934,337556.0,9639
179709,Wonder Wheel (2017),Drama,5825380,429189.0,9640
179749,Creep 2 (2017),Comedy|Horror,3654796,396493.0,9641
179813,LBJ (2017),Drama,4778988,353575.0,9642
179815,"Roman J. Israel, Esq. (2017)",Drama|Thriller,6000478,413362.0,9643
179817,Darkest Hour (2017),Drama|War,4555426,399404.0,9644
179819,Star Wars: The Last Jedi (2017),Action|Adventure|Fantasy|Sci-Fi,2527336,181808.0,9645
179953,A Bad Moms Christmas (2017),Comedy,6359956,431530.0,9646
180031,The Shape of Water (2017),Adventure|Drama|Fantasy,5580390,399055.0,9647
180045,Molly's Game (2017),Drama,4209788,396371.0,9648
180095,Wonder (2017),Drama,2543472,406997.0,9649
180231,Daddy's Home 2 (2017),Comedy|Drama,5657846,419680.0,9650
180263,The Shining (1997),Drama|Horror|Thriller,0118460,106035.0,9651
180265,Jim & Andy: The Great Beyond (2017),Documentary,7214762,469019.0,9652
180297,The Disaster Artist (2017),Comedy|Drama,3521126,371638.0,9653
180497,The Post (2017),Drama|Thriller,6294822,446354.0,9654
180777,Die Frauen von Ravensbrück (2005),Documentary,0832879,363444.0,9655
180985,The Greatest Showman (2017),Drama,1485796,316029.0,9656
180987,Ferdinand (2017),Animation|Children|Comedy,3411444,364689.0,9657
181065,Jack Whitehall: At Large (2017),Comedy,7539884,479269.0,9658
181139,Lynne Koplitz: Hormonal Beast (2017),Comedy,6892388,470616.0,9659
181315,Phantom Thread (2017),Drama|Romance,5776858,400617.0,9660
181413,Too Funny to Fail: The Life and Death of The Dana Carvey Show (2017),(no genres listed),7544820,482004.0,9661
181659,Craig Ferguson: Tickle Fight (2017),Comedy,7193448,490928.0,9662
181719,Serving in Silence: The Margarethe Cammermeyer Story (1995),(no genres listed),0114395,49809.0,9663
182293,Hare-um Scare-um (1939),Animation|Children|Comedy,0031405,152047.0,9664
182297,Porky in Wackyland (1938),Animation|Comedy|Fantasy,0030604,128756.0,9665
182299,Porky's Hare Hunt (1938),Animation|Children|Comedy,0030608,188763.0,9666
182639,The Second Renaissance Part II (2003),Animation|Sci-Fi,0368575,24362.0,9667
182715,Annihilation (2018),Adventure|Mystery|Sci-Fi|Thriller,2798920,300668.0,9668
182727,A Christmas Story Live! (2017),(no genres listed),6881890,485517.0,9669
182731,Pixel Perfect (2004),Children|Comedy|Sci-Fi,0393596,124117.0,9670
182749,Judd Apatow: The Return (2017),Comedy,7738550,487156.0,9671
182793,The Purple Sea (2009),Drama,1467306,34220.0,9672
182823,Bright (2017),Action|Crime|Fantasy,5519340,400106.0,9673
183011,The Commuter (2018),Crime|Drama|Mystery|Thriller,1590193,399035.0,9674
183197,Dave Chappelle: Equanimity (2017),Comedy,7807952,488223.0,9675
183199,Quest (2017),Documentary,6149818,432987.0,9676
183227,Dave Chappelle: The Bird Revelation (2017),Comedy,7808620,494368.0,9677
183295,Insidious: The Last Key (2018),Horror|Mystery|Thriller,5726086,406563.0,9678
183301,The Tale of the Bunny Picnic (1986),Children,0092046,31615.0,9679
183317,Patti Rocks (1988),Comedy|Drama,0095835,121870.0,9680
183611,Game Night (2018),Action|Comedy|Crime|Horror,2704998,445571.0,9681
183635,Maze Runner: The Death Cure (2018),Action|Mystery|Sci-Fi|Thriller,4500922,336843.0,9682
183897,Isle of Dogs (2018),Animation|Comedy,5104604,399174.0,9683
183911,The Clapper (2018),Comedy,5461956,422615.0,9684
183959,Tom Segura: Disgraceful (2018),Comedy,7379330,497520.0,9685
184015,When We First Met (2018),Comedy,5783956,433310.0,9686
184053,Battle Planet (2008),Action|Sci-Fi,1016024,17571.0,9687
184245,De platte jungle (1978),Documentary,0078090,110775.0,9688
184253,The Cloverfield Paradox (2018),Horror|Mystery|Sci-Fi|Thriller,2548396,384521.0,9689
184257,Making a Murderer (2015),Crime|Documentary,5189670,502892.0,9690
184349,Elsa & Fred (2005),Comedy|Drama|Romance,0453047,22916.0,9691
184471,Tomb Raider (2018),Action|Adventure|Fantasy,1365519,338970.0,9692
184641,Fullmetal Alchemist 2018 (2017),Action|Adventure|Fantasy,5607028,426285.0,9693
184721,First Reformed (2017),Drama|Thriller,6053438,458737.0,9694
184791,Fred Armisen: Standup for Drummers (2018),Comedy,7924798,502616.0,9695
184931,Death Wish (2018),Action|Crime|Drama|Thriller,1137450,395990.0,9696
184987,A Wrinkle in Time (2018),Adventure|Children|Fantasy|Sci-Fi,1620680,407451.0,9697
184997,"Love, Simon (2018)",Comedy|Drama,5164432,449176.0,9698
185029,A Quiet Place (2018),Drama|Horror|Thriller,6644200,447332.0,9699
185031,Alpha (2018),Adventure|Thriller,4244998,399360.0,9700
185033,I Kill Giants (2018),Drama|Fantasy|Thriller,4547194,419831.0,9701
185135,Sherlock - A Study in Pink (2010),Crime,1665071,500609.0,9702
185435,"Game Over, Man! (2018)",Action|Comedy,3317234,456750.0,9703
185473,Blockers (2018),Comedy,2531344,437557.0,9704
185585,Pacific Rim: Uprising (2018),Action|Fantasy|Sci-Fi,2557478,268896.0,9705
186587,Rampage (2018),Action|Adventure|Sci-Fi,2231461,427641.0,9706
187031,Jurassic World: Fallen Kingdom (2018),Action|Adventure|Drama|Sci-Fi|Thriller,4881806,351286.0,9707
187541,Incredibles 2 (2018),Action|Adventure|Animation|Children,3606756,260513.0,9708
187593,Deadpool 2 (2018),Action|Comedy|Sci-Fi,5463162,383498.0,9709
187595,Solo: A Star Wars Story (2018),Action|Adventure|Children|Sci-Fi,3778644,348350.0,9710
187717,Won't You Be My Neighbor? (2018),Documentary,7681902,490003.0,9711
188189,Sorry to Bother You (2018),Comedy|Fantasy|Sci-Fi,5688932,424781.0,9712
188301,Ant-Man and the Wasp (2018),Action|Adventure|Comedy|Fantasy|Sci-Fi,5095030,363088.0,9713
188675,Dogman (2018),Crime|Drama,6768578,483184.0,9714
188751,Mamma Mia: Here We Go Again! (2018),Comedy|Romance,6911608,458423.0,9715
188797,Tag (2018),Comedy,2854926,455980.0,9716
188833,The Man Who Killed Don Quixote (2018),Adventure|Comedy|Fantasy,1318517,297725.0,9717
189043,Boundaries (2018),Comedy|Drama,5686062,447682.0,9718
189111,Spiral (2018),Documentary,5359048,525662.0,9719
189333,Mission: Impossible - Fallout (2018),Action|Adventure|Thriller,4912910,353081.0,9720
189381,SuperFly (2018),Action|Crime|Thriller,7690670,500475.0,9721
189547,Iron Soldier (2010),Action|Sci-Fi,1665744,111196.0,9722
189713,BlacKkKlansman (2018),Comedy|Crime|Drama,7349662,487558.0,9723
190183,The Darkest Minds (2018),Sci-Fi|Thriller,4073790,445651.0,9724
190207,Tilt (2011),Drama|Romance,1680019,79159.0,9725
190209,Jeff Ross Roasts the Border (2017),Comedy,7620650,487541.0,9726
190213,John From (2015),Drama,3977428,364002.0,9727
190215,Liquid Truth (2017),Drama,7293380,479871.0,9728
190219,Bunny (1998),Animation,0179011,48610.0,9729
190221,Hommage à Zgougou (et salut à Sabine Mamou) (2002),Documentary,3333182,460631.0,9730
191005,Gintama (2017),Action|Adventure|Comedy|Sci-Fi,5805470,432985.0,9731
193565,Gintama: The Movie (2010),Action|Animation|Comedy|Sci-Fi,1636780,71172.0,9732
193567,anohana: The Flower We Saw That Day - The Movie (2013),Animation|Drama,2323836,255413.0,9733
193571,Silver Spoon (2014),Comedy|Drama,3110014,297825.0,9734
193573,Love Live! The School Idol Movie (2015),Animation,3837248,333623.0,9735
193579,Jon Stewart Has Left the Building (2015),Documentary,5342766,360617.0,9736
193581,Black Butler: Book of the Atlantic (2017),Action|Animation|Comedy|Fantasy,5476944,432131.0,9737
193583,No Game No Life: Zero (2017),Animation|Comedy|Fantasy,5914996,445030.0,9738
193585,Flint (2017),Drama,6397426,479308.0,9739
193587,Bungo Stray Dogs: Dead Apple (2018),Action|Animation,8391976,483455.0,9740
193609,Andrew Dice Clay: Dice Rules (1991),Comedy,0101726,37891.0,9741
